Latitude	Longitude	B02	B03	B04	B05	B06	B08	B11	B12	clase
4.982491207888539	-73.8275524481674	0.0213	0.0379	0.0172	0.0182	0.0064	0.005	0.0014	0.0018	agua
4.982489766292485	-73.82674403406251	0.0217	0.0383	0.0174	0.0186	0.0074	0.0047	0.0013	0.0018	agua
4.981685208008944	-73.82836229250036	0.0215	0.0382	0.0172	0.0185	0.0061	0.0049	0.0016	0.0011	agua
4.981683767640582	-73.82755387914486	0.0214	0.0388	0.0174	0.0188	0.007	0.0051	0.0015	0.0012	agua
4.981682326279283	-73.8267454660261	0.0218	0.039	0.0175	0.0197	0.0073	0.0051	0.0013	0.0019	agua
4.981680883925043	-73.82593705314426	0.0217	0.0391	0.0177	0.0193	0.0072	0.0054	0.0012	0.0016	agua
4.981679440577869	-73.8251286404995	0.0221	0.0408	0.0182	0.0206	0.0084	0.0062	0.0015	0.0018	agua
4.980877767506216	-73.82836372225704	0.0215	0.0406	0.018	0.0199	0.0074	0.0056	0.0015	0.002	agua
4.980876327372446	-73.82755530988749	0.0219	0.0412	0.0181	0.0204	0.0074	0.0054	0.0014	0.002	agua
4.980874886245897	-73.8267468977547	0.0219	0.0407	0.018	0.02	0.0082	0.0053	0.0015	0.0018	agua
4.9808734441265745	-73.82593848585881	0.0217	0.0406	0.0179	0.0201	0.0077	0.0066	0.0017	0.0018	agua
4.980872001014475	-73.8251300742	0.0226	0.0422	0.0182	0.0209	0.0088	0.0064	0.0019	0.0017	agua
4.980870556909605	-73.82432166277843	0.0224	0.0418	0.0184	0.0207	0.0091	0.0074	0.0018	0.002	agua
4.980071765889875	-73.82917356339938	0.0218	0.0409	0.0178	0.0208	0.0072	0.0048	0.0015	0.0016	agua
4.980070326983313	-73.82836515177904	0.0218	0.0411	0.018	0.0206	0.0077	0.0052	0.0014	0.0016	agua
4.980068887084132	-73.8275567403953	0.0218	0.0416	0.0183	0.0209	0.0078	0.0059	0.0014	0.0025	agua
4.980067446192337	-73.8267483292483	0.022	0.041	0.0181	0.0203	0.0079	0.0068	0.0016	0.0016	agua
4.980066004307927	-73.82593991833822	0.0219	0.0412	0.0181	0.0205	0.0078	0.0057	0.0018	0.0018	agua
4.980064561430904	-73.82513150766522	0.0222	0.0416	0.018	0.0211	0.009	0.0067	0.0018	0.0018	agua
4.98006311756127	-73.82432309722942	0.0193	0.0347	0.0154	0.017	0.0078	0.0069	0.0017	0.0019	agua
4.980061672699026	-73.82351468703106	0.0215	0.0402	0.0173	0.0189	0.0069	0.0062	0.0014	0.0016	agua
4.980060226844175	-73.82270627707024	0.0221	0.041	0.0175	0.0187	0.0067	0.0049	0.0011	0.0016	agua
4.979265762792045	-73.82998340257221	0.0221	0.0413	0.0181	0.0208	0.007	0.005	0.0011	0.0015	agua
4.979264325112368	-73.8291749917011	0.0223	0.0423	0.0184	0.0209	0.0071	0.0052	0.0015	0.0021	agua
4.979262886440233	-73.8283665810664	0.0225	0.0426	0.0189	0.0209	0.007	0.0058	0.0014	0.0008	agua
4.979261446775643	-73.8275581706683	0.0218	0.042	0.0183	0.0207	0.0076	0.006	0.0014	0.0015	agua
4.979260006118599	-73.82674976050693	0.0218	0.0412	0.0182	0.0205	0.0076	0.0061	0.0016	0.0016	agua
4.979258564469101	-73.82594135058248	0.0221	0.0419	0.0181	0.021	0.0085	0.0066	0.0019	0.0017	agua
4.979257121827155	-73.8251329408951	0.0222	0.0416	0.0181	0.0204	0.0082	0.0075	0.0017	0.0019	agua
4.979255678192757	-73.82432453144496	0.0216	0.04	0.0172	0.0195	0.007	0.006	0.0015	0.0018	agua
4.979254233565912	-73.8235161222322	0.0216	0.0403	0.0172	0.0189	0.0064	0.0053	0.0011	0.0016	agua
4.979252787946621	-73.82270771325703	0.0212	0.0409	0.0173	0.0185	0.0055	0.0051	0.001	0.0014	agua
4.979251341334882	-73.82189930451956	0.0213	0.0409	0.0168	0.0179	0.006	0.0048	0.0009	0.0014	agua
4.978458321760106	-73.82998482965395	0.0217	0.0421	0.0185	0.0213	0.0073	0.0054	0.0014	0.0012	agua
4.978456884314694	-73.8291764197683	0.0217	0.0421	0.0183	0.0209	0.007	0.0051	0.0015	0.0022	agua
4.978455445876986	-73.82836801011909	0.0221	0.0425	0.0185	0.0212	0.0075	0.006	0.0015	0.0	agua
4.978454006446985	-73.82755960070646	0.022	0.0419	0.0182	0.0206	0.0077	0.0056	0.0015	0.0	agua
4.978452566024693	-73.82675119153058	0.0218	0.0418	0.0182	0.0205	0.0079	0.0062	0.0016	0.001	agua
4.9784511246101095	-73.8259427825916	0.0219	0.0415	0.0181	0.0207	0.0085	0.0068	0.0018	0.0017	agua
4.9784496822032365	-73.8251343738897	0.0216	0.041	0.0179	0.0203	0.0075	0.006	0.0016	0.0018	agua
4.978448238804075	-73.82432596542502	0.0215	0.0405	0.0176	0.0189	0.0074	0.0064	0.0013	0.0018	agua
4.978446794412627	-73.82351755719773	0.0202	0.0369	0.0157	0.0175	0.0068	0.0053	0.001	0.0015	agua
4.978445349028895	-73.82270914920802	0.021	0.0392	0.0169	0.0178	0.0054	0.0047	0.0011	0.0012	agua
4.978443902652879	-73.82190074145603	0.019	0.0346	0.0144	0.0154	0.0045	0.0031	0.0008	0.0012	agua
4.97844245528458	-73.82109233394192	0.0171	0.0316	0.0133	0.0134	0.0038	0.0028	0.001	0.0019	agua
4.977652316927012	-73.83079466563792	0.0221	0.0424	0.0186	0.0213	0.0073	0.005	0.0014	0.0017	agua
4.977650880707999	-73.82998625650134	0.022	0.0424	0.0184	0.0203	0.0072	0.0052	0.0014	0.0019	agua
4.977649443496853	-73.82917784760104	0.0218	0.042	0.0184	0.0206	0.007	0.0055	0.0013	0.0015	agua
4.977648005293573	-73.82836943893714	0.0216	0.0416	0.0183	0.0209	0.0079	0.0061	0.0016	0.0025	agua
4.977646566098161	-73.82756103050983	0.0218	0.0423	0.0186	0.0216	0.0086	0.0056	0.0016	0.0022	agua
4.977645125910619	-73.82675262231925	0.0216	0.0414	0.0181	0.0204	0.0078	0.0075	0.0016	0.0013	agua
4.977643684730946	-73.82594421436558	0.0216	0.0415	0.0182	0.021	0.0082	0.0069	0.0016	0.0017	agua
4.977642242559148	-73.82513580664899	0.0214	0.0399	0.0173	0.0193	0.0077	0.0058	0.0015	0.0016	agua
4.977640799395222	-73.8243273991696	0.021	0.0403	0.0173	0.0191	0.0069	0.0058	0.0015	0.0015	agua
4.977639355239172	-73.82351899192764	0.0215	0.0399	0.017	0.0181	0.0062	0.0052	0.0016	0.0015	agua
4.977637910090998	-73.82271058492323	0.0212	0.0406	0.0174	0.0181	0.0057	0.004	0.0016	0.0022	agua
4.977636463950703	-73.82190217815655	0.0208	0.0397	0.017	0.0173	0.005	0.0039	0.0012	0.0011	agua
4.9776350168182875	-73.82109377162774	0.0187	0.0354	0.015	0.0159	0.0028	0.0018	0.0007	0.001	agua
4.976846310613576	-73.83160449965335	0.0217	0.0418	0.0183	0.0206	0.0066	0.0041	0.0009	0.0023	agua
4.976844875620641	-73.83079609126584	0.0218	0.0429	0.0187	0.0212	0.0074	0.0053	0.0013	0.0028	agua
4.976843439635731	-73.82998768311444	0.0221	0.0426	0.0183	0.0208	0.0064	0.0052	0.0012	0.0011	agua
4.97684200265885	-73.82917927519928	0.0216	0.0422	0.0184	0.0212	0.0072	0.0056	0.0014	0.0015	agua
4.976840564689996	-73.82837086752053	0.022	0.0419	0.0184	0.0214	0.0081	0.006	0.0016	0.0016	agua
4.976839125729173	-73.82756246007835	0.0223	0.0427	0.0189	0.0216	0.0087	0.0066	0.0016	0.0019	agua
4.976837685776379	-73.82675405287293	0.0218	0.0414	0.0179	0.0204	0.0082	0.0074	0.0015	0.002	agua
4.9768362448316195	-73.82594564590441	0.0215	0.0412	0.018	0.0204	0.0076	0.0064	0.0014	0.0018	agua
4.976834802894893	-73.82513723917296	0.0214	0.0403	0.0175	0.0191	0.0073	0.0061	0.0014	0.0018	agua
4.976833359966204	-73.82432883267875	0.0215	0.0408	0.0176	0.019	0.0072	0.0057	0.0014	0.0008	agua
4.976831916045549	-73.82352042642192	0.021	0.0391	0.0171	0.0181	0.0064	0.0053	0.0015	0.0009	agua
4.976830471132935	-73.82271202040265	0.0234	0.0431	0.0194	0.0212	0.0084	0.0062	0.0028	0.0021	agua
4.976829025228359	-73.8219036146211	0.0276	0.0477	0.0243	0.0255	0.0138	0.0055	0.0074	0.0072	agua
4.976827578331826	-73.82109520907744	0.0242	0.0429	0.0204	0.0211	0.008	0.0104	0.0052	0.0042	agua
4.976038869053103	-73.8316059240621	0.0218	0.0424	0.0185	0.0209	0.0068	0.0044	0.0009	0.0024	agua
4.97603743429411	-73.8307975166596	0.0221	0.0434	0.0187	0.0213	0.0069	0.0055	0.0013	0.0025	agua
4.976035998543303	-73.82998910949318	0.0218	0.0425	0.0183	0.021	0.007	0.0053	0.0012	0.0014	agua
4.9760345618006845	-73.82918070256301	0.0215	0.0425	0.0184	0.0212	0.0073	0.0057	0.0015	0.0016	agua
4.976033124066257	-73.82837229586926	0.0221	0.0431	0.0187	0.0222	0.0086	0.0061	0.0016	0.0031	agua
4.976031685340022	-73.82756388941208	0.022	0.0425	0.0186	0.0215	0.0086	0.0075	0.0017	0.0028	agua
4.9760302456219785	-73.82675548319165	0.0202	0.0388	0.017	0.0188	0.0079	0.0069	0.0014	0.0017	agua
4.976028804912129	-73.82594707720811	0.016	0.0276	0.0116	0.0139	0.0053	0.0041	0.0012	0.0011	agua
4.976027363210476	-73.82513867146164	0.0213	0.0407	0.0178	0.0191	0.0069	0.0053	0.0015	0.0016	agua
4.97602592051702	-73.82433026595241	0.0194	0.0353	0.0155	0.017	0.0069	0.0062	0.0015	0.0015	agua
4.976024476831763	-73.82352186068057	0.012	0.0173	0.0073	0.0078	0.0038	0.0034	0.0011	0.0014	agua
4.976023032154706	-73.82271345564628	0.0115	0.0172	0.0076	0.0081	0.0041	0.0048	0.002	0.0016	agua
4.97602158648585	-73.82190505084972	0.0138	0.0187	0.0083	0.0092	0.0051	0.006	0.0031	0.0043	agua
4.976020139825197	-73.82109664629104	0.0244	0.0373	0.0207	0.022	0.0123	0.0124	0.0082	0.0096	agua
4.975232861005878	-73.83241575489045	0.0217	0.0411	0.0183	0.0199	0.0058	0.0041	0.0007	0.0014	agua
4.975231427472477	-73.83160734823686	0.0223	0.0432	0.0188	0.0213	0.0069	0.0048	0.0009	0.0019	agua
4.9752299929474235	-73.83079894181918	0.0224	0.0436	0.0188	0.0214	0.0074	0.0055	0.0011	0.0016	agua
4.97522855743072	-73.82999053563759	0.0218	0.0431	0.0184	0.022	0.0072	0.0055	0.0014	0.0028	agua
4.975227120922365	-73.82918212969227	0.0219	0.0426	0.0185	0.0212	0.0079	0.0057	0.0016	0.0028	agua
4.975225683422363	-73.82837372398335	0.022	0.0427	0.0187	0.0225	0.0092	0.007	0.0017	0.002	agua
4.975224244930714	-73.82756531851099	0.0216	0.0424	0.0185	0.0215	0.0085	0.0074	0.0018	0.0021	agua
4.9752228054474195	-73.82675691327539	0.0193	0.0372	0.0161	0.0185	0.0074	0.0068	0.0013	0.0014	agua
4.97522136497248	-73.82594850827668	0.0184	0.0328	0.0137	0.0149	0.0058	0.0045	0.0012	0.0015	agua
4.975219923505902	-73.82514010351503	0.0185	0.0339	0.0153	0.0172	0.0063	0.0065	0.0017	0.0015	agua
4.975218481047679	-73.82433169899062	0.0142	0.024	0.0101	0.0122	0.0051	0.0054	0.0013	0.0017	agua
4.975217037597817	-73.82352329470359	0.0108	0.0149	0.0059	0.0067	0.0029	0.0029	0.001	0.0017	agua
4.975215593156317	-73.82271489065413	0.009	0.0117	0.0047	0.0049	0.0028	0.002	0.0011	0.0021	agua
4.9752141477231815	-73.82190648684238	0.0116	0.016	0.0071	0.0075	0.0036	0.0012	0.0027	0.0029	agua
4.9752127012984095	-73.82109808326851	0.0253	0.038	0.021	0.0221	0.0122	0.0055	0.0086	0.0089	agua
4.9744239858717005	-73.8316087721776	0.0223	0.0437	0.0189	0.0218	0.0071	0.0045	0.0011	0.0014	agua
4.974422551580586	-73.8308003667446	0.0223	0.044	0.0189	0.0228	0.0078	0.0059	0.0014	0.0017	agua
4.974421116297982	-73.82999196154769	0.022	0.0431	0.0187	0.022	0.0076	0.0056	0.0015	0.0013	agua
4.9744196800238925	-73.82918355658703	0.0225	0.0442	0.0194	0.0235	0.0087	0.0057	0.0014	0.0015	agua
4.974418242758314	-73.82837515186277	0.0224	0.0428	0.0187	0.0225	0.0097	0.0081	0.0018	0.0018	agua
4.974416804501252	-73.82756674737509	0.0216	0.042	0.0182	0.0216	0.0081	0.0079	0.0014	0.0015	agua
4.974415365252707	-73.82675834312414	0.0219	0.0412	0.0182	0.0199	0.0075	0.0065	0.0016	0.0019	agua
4.974413925012679	-73.8259499391101	0.0221	0.0415	0.0186	0.0204	0.0082	0.006	0.0015	0.0023	agua
4.97441248378117	-73.82514153533313	0.0096	0.0111	0.0042	0.005	0.0035	0.0036	0.0017	0.0017	agua
4.974411041558181	-73.82433313179337	0.0098	0.0128	0.0047	0.0055	0.0026	0.0017	0.0015	0.0021	agua
4.974409598343715	-73.82352472849101	0.0104	0.015	0.0059	0.0066	0.0023	0.0022	0.0014	0.0022	agua
4.974408154137773	-73.8227163254262	0.0102	0.0156	0.0058	0.007	0.003	0.0019	0.0016	0.0023	agua
4.974406708940354	-73.82190792259911	0.0126	0.0205	0.0087	0.0101	0.0034	0.002	0.0024	0.0033	agua
4.973616544250774	-73.83161019588435	0.0223	0.0437	0.0187	0.0219	0.0074	0.0047	0.0011	0.0015	agua
4.9736151101936	-73.83080179143587	0.0222	0.0435	0.0186	0.022	0.0079	0.0059	0.0013	0.0017	agua
4.973613675145097	-73.82999338722345	0.0218	0.0429	0.019	0.0221	0.008	0.0057	0.0014	0.0014	agua
4.97361223910527	-73.8291849832473	0.0229	0.0454	0.0196	0.0252	0.0094	0.0074	0.0014	0.0019	agua
4.973610802074115	-73.82837657950755	0.0219	0.0424	0.0184	0.0222	0.0092	0.0075	0.0015	0.0016	agua
4.973609364051639	-73.82756817600436	0.0217	0.0421	0.0183	0.0215	0.0082	0.007	0.0013	0.0014	agua
4.973607925037841	-73.82675977273793	0.023	0.042	0.0191	0.0209	0.0092	0.0065	0.0023	0.0029	agua
4.973606485032722	-73.82595136970838	0.0232	0.0416	0.0195	0.021	0.0096	0.0073	0.0029	0.0032	agua
4.973605044036286	-73.82514296691592	0.0192	0.0292	0.013	0.0143	0.0066	0.003	0.0024	0.0027	agua
4.973603602048529	-73.82433456436067	0.0111	0.0165	0.0062	0.0072	0.0033	0.0034	0.0014	0.0016	agua
4.973602159069457	-73.8235261620428	0.0163	0.0304	0.0128	0.0138	0.0044	0.0033	0.0012	0.0021	agua
4.97360071509907	-73.82271775996249	0.0178	0.0351	0.0146	0.0152	0.0045	0.0033	0.0015	0.0023	agua
4.973599270137371	-73.8219093581199	0.0165	0.0301	0.0129	0.0134	0.0045	0.0035	0.002	0.0031	agua
4.972809102609702	-73.83161161935709	0.0223	0.0437	0.0188	0.0223	0.0077	0.0049	0.0011	0.0013	agua
4.972807668786467	-73.83080321589296	0.0221	0.0435	0.0187	0.0224	0.0079	0.0055	0.0011	0.0017	agua
4.972806233972064	-73.8299948126649	0.0227	0.0441	0.0194	0.0236	0.0091	0.0056	0.0012	0.0016	agua
4.972804798166498	-73.82918640967308	0.0225	0.0437	0.0191	0.0237	0.0098	0.0076	0.0013	0.0016	agua
4.972803361369769	-73.82837800691767	0.0217	0.0425	0.0185	0.0221	0.0078	0.0073	0.0014	0.0013	agua
4.972801923581878	-73.82756960439885	0.0216	0.0423	0.0181	0.0209	0.008	0.0062	0.0012	0.0014	agua
4.972800484802826	-73.82676120211674	0.0233	0.0413	0.0191	0.0211	0.01	0.0073	0.0028	0.0034	agua
4.972799045032616	-73.82595280007155	0.0248	0.0433	0.0206	0.0223	0.0111	0.0094	0.0037	0.0034	agua
4.972797604271249	-73.8251443982634	0.0198	0.0315	0.015	0.0162	0.0085	0.008	0.0032	0.0028	agua
4.972796162518726	-73.82433599669248	0.0109	0.0148	0.0064	0.008	0.0048	0.0033	0.0016	0.0017	agua
4.972794719775049	-73.82352759535897	0.009	0.0135	0.0046	0.0052	0.002	0.0025	0.001	0.0017	agua
4.972793276040218	-73.82271919426299	0.0147	0.028	0.0111	0.0123	0.0035	0.0032	0.0013	0.0016	agua
4.972791831314235	-73.82191079340471	0.0159	0.0306	0.0127	0.0138	0.0025	0.0035	0.0016	0.0029	agua
4.9720016609484885	-73.83161304259585	0.0226	0.044	0.0191	0.0226	0.008	0.0052	0.001	0.0014	agua
4.9720002273591914	-73.83080464011589	0.0224	0.0438	0.0192	0.023	0.0078	0.0056	0.001	0.0018	agua
4.97199879277889	-73.82999623787201	0.0229	0.0443	0.0195	0.0243	0.0097	0.0059	0.0011	0.0018	agua
4.971997357207585	-73.82918783586439	0.0225	0.0438	0.0192	0.0232	0.0096	0.0074	0.0012	0.0015	agua
4.971995920645279	-73.82837943409316	0.0215	0.0424	0.0184	0.0216	0.0075	0.0072	0.0015	0.0013	agua
4.971994483091973	-73.82757103255851	0.0214	0.0416	0.0182	0.0206	0.0079	0.0061	0.0012	0.0012	agua
4.971993044547669	-73.82676263126059	0.0228	0.0415	0.0189	0.0202	0.0093	0.007	0.0026	0.0028	agua
4.971991605012367	-73.82595423019957	0.0221	0.039	0.0187	0.0204	0.0096	0.0103	0.0031	0.0033	agua
4.971990164486069	-73.82514582937561	0.0178	0.0268	0.0126	0.0142	0.0072	0.0074	0.0034	0.0028	agua
4.971988722968777	-73.82433742878887	0.0121	0.016	0.007	0.0079	0.0042	0.0042	0.002	0.0018	agua
4.971987280460495	-73.82352902843951	0.0133	0.0225	0.0085	0.0088	0.0026	0.0009	0.001	0.0018	agua
4.971985836961219	-73.82272062832772	0.0168	0.0325	0.0131	0.0133	0.0032	0.0023	0.0013	0.0013	agua
4.971984392470953	-73.82191222845363	0.0164	0.0332	0.0136	0.014	0.0034	0.0014	0.0017	0.0025	agua
4.971192785911778	-73.83080606410468	0.0216	0.0428	0.0192	0.0226	0.0075	0.0063	0.0009	0.0013	agua
4.971191351565575	-73.82999766284482	0.0225	0.0454	0.0202	0.0239	0.0099	0.0063	0.001	0.0014	agua
4.971189916228532	-73.82918926182121	0.0224	0.0441	0.0198	0.0242	0.009	0.0074	0.0012	0.0011	agua
4.971188479900649	-73.828380861034	0.022	0.0429	0.0186	0.0218	0.0079	0.0067	0.0014	0.0011	agua
4.971187042581927	-73.82757246048337	0.0212	0.0416	0.0181	0.0208	0.0079	0.0065	0.0013	0.0011	agua
4.971185604272369	-73.82676406016947	0.0224	0.0413	0.0185	0.02	0.008	0.0059	0.0019	0.0018	agua
4.971184164971974	-73.82595566009248	0.022	0.0399	0.0178	0.0193	0.0081	0.0062	0.0017	0.0016	agua
4.971182724680746	-73.82514726025252	0.0206	0.0346	0.0159	0.0177	0.0081	0.0065	0.0033	0.0034	agua
4.971181283398687	-73.82433886064979	0.0217	0.0361	0.0177	0.0181	0.0087	0.0089	0.0033	0.004	agua
4.971179841125796	-73.82353046128445	0.0185	0.0359	0.0151	0.0161	0.0038	0.0029	0.0007	0.0016	agua
4.971178397862074	-73.82272206215666	0.0186	0.0367	0.0152	0.0159	0.0044	0.0032	0.0011	0.0015	agua
4.971176953607525	-73.82191366326657	0.0204	0.0381	0.0175	0.0178	0.006	0.0027	0.0031	0.0041	agua
4.970385344444228	-73.83080748785929	0.0217	0.0427	0.019	0.0226	0.0073	0.0062	0.001	0.001	agua
4.9703839103321235	-73.8299990875833	0.023	0.0452	0.0202	0.0241	0.0099	0.0064	0.0011	0.0013	agua
4.97038247522934	-73.82919068754354	0.0228	0.0448	0.02	0.0241	0.0093	0.0073	0.0014	0.0011	agua
4.970381039135879	-73.8283822877402	0.022	0.0433	0.0187	0.0217	0.0076	0.0067	0.0011	0.0011	agua
4.97037960205174	-73.82757388817343	0.0216	0.0418	0.0185	0.0211	0.0076	0.0064	0.0014	0.0016	agua
4.970378163976927	-73.82676548884339	0.0222	0.0408	0.0181	0.0195	0.0081	0.0065	0.0017	0.0023	agua
4.970376724911444	-73.82595708975023	0.0225	0.0406	0.0187	0.0196	0.0086	0.0067	0.0016	0.0026	agua
4.970375284855284	-73.82514869089415	0.0223	0.0396	0.0181	0.0197	0.0079	0.006	0.0023	0.0036	agua
4.970373843808454	-73.82434029227527	0.0217	0.0384	0.0178	0.0182	0.0072	0.0059	0.0027	0.003	agua
4.9703724017709545	-73.82353189389379	0.0177	0.0323	0.014	0.0149	0.0045	0.0021	0.0014	0.002	agua
4.970370958742788	-73.82272349574983	0.0184	0.0352	0.0147	0.0149	0.0046	0.0031	0.0009	0.0007	agua
4.970369514723956	-73.8219150978436	0.0204	0.0375	0.0168	0.0172	0.0046	0.0025	0.002	0.0036	agua
4.969577902956545	-73.83080891137973	0.0216	0.0428	0.0189	0.0219	0.0076	0.0056	0.001	0.001	agua
4.969576469078539	-73.83000051208745	0.0217	0.0431	0.0188	0.0224	0.0086	0.0057	0.0012	0.001	agua
4.969575034210017	-73.8291921130314	0.0225	0.0447	0.0196	0.0239	0.0096	0.0081	0.0016	0.0013	agua
4.969573598350976	-73.82838371421177	0.022	0.0433	0.0188	0.0221	0.0078	0.0068	0.0013	0.0014	agua
4.9695721615014214	-73.82757531562868	0.0206	0.0399	0.0172	0.0202	0.0075	0.0064	0.0009	0.0012	agua
4.969570723661353	-73.82676691728234	0.0208	0.0393	0.017	0.0186	0.0069	0.0063	0.0017	0.0016	agua
4.969569284830773	-73.82595851917289	0.0228	0.0411	0.0187	0.02	0.0089	0.0063	0.0026	0.0028	agua
4.969567845009684	-73.82515012130047	0.0289	0.0468	0.0252	0.0263	0.0146	0.008	0.0082	0.0087	agua
4.969566404198084	-73.82434172366528	0.0267	0.0442	0.0223	0.0229	0.0119	0.0074	0.0058	0.0065	agua
4.969564962395976	-73.82353332626748	0.0152	0.0255	0.0114	0.0131	0.0035	0.0068	0.0022	0.0033	agua
4.969563519603365	-73.82272492910722	0.013	0.0205	0.0088	0.0093	0.0028	0.0024	0.0016	0.0032	agua
4.969562075820245	-73.82191653218467	0.0188	0.0342	0.0145	0.0145	0.0044	0.0024	0.0024	0.0038	agua
4.968770461448733	-73.83081033466605	0.0217	0.0426	0.0191	0.0218	0.0075	0.006	0.001	0.0011	agua
4.968769027804825	-73.8300019363573	0.0216	0.0431	0.0189	0.0226	0.0082	0.0057	0.0012	0.0011	agua
4.96876759317056	-73.82919353828478	0.0226	0.0446	0.0195	0.0239	0.0095	0.0066	0.0015	0.0014	agua
4.968766157545941	-73.82838514044867	0.022	0.0438	0.019	0.0225	0.0079	0.0072	0.0013	0.0016	agua
4.96876472093097	-73.82757674284913	0.0215	0.0427	0.0186	0.0212	0.0073	0.0063	0.0007	0.0015	agua
4.968763283325646	-73.82676834548631	0.0211	0.0409	0.018	0.0196	0.0071	0.0052	0.0019	0.0021	agua
4.968761844729973	-73.82595994836039	0.0247	0.044	0.0209	0.0227	0.0105	0.0089	0.0048	0.0052	agua
4.968760405143951	-73.82515155147152	0.0314	0.0495	0.0278	0.0286	0.0168	0.015	0.0101	0.0112	agua
4.968758964567581	-73.82434315481986	0.0292	0.046	0.0255	0.0254	0.0155	0.0121	0.0085	0.0095	agua
4.968757523000864	-73.82353475840559	0.0133	0.019	0.0093	0.0099	0.0041	0.0045	0.0032	0.0042	agua
4.9687560804438045	-73.82272636222885	0.0145	0.0225	0.01	0.0105	0.0037	0.0022	0.0025	0.0035	agua
4.968754636896401	-73.82191796628983	0.0201	0.0371	0.016	0.0166	0.0047	0.0026	0.0019	0.004	agua
4.967964452340411	-73.83162015527965	0.0207	0.041	0.0185	0.0208	0.0067	0.0055	0.001	0.0011	agua
4.967963019920795	-73.8308117577182	0.0209	0.0416	0.0188	0.0213	0.0068	0.0058	0.001	0.0011	agua
4.967961586510983	-73.83000336039282	0.0216	0.0432	0.0191	0.0223	0.0083	0.0057	0.0011	0.0016	agua
4.967960152110979	-73.82919496330369	0.0222	0.0443	0.0195	0.0238	0.0085	0.0068	0.0012	0.0014	agua
4.96795871672078	-73.82838656645096	0.0224	0.0449	0.0195	0.0237	0.0084	0.0076	0.0017	0.0015	agua
4.967957280340389	-73.82757816983478	0.0221	0.0444	0.0196	0.0234	0.0079	0.0061	0.0011	0.0014	agua
4.967955842969811	-73.82676977345534	0.033	0.0534	0.0298	0.0321	0.0187	0.0051	0.0115	0.0115	agua
4.967954404609043	-73.82596137731278	0.0401	0.0611	0.0372	0.0403	0.0264	0.0135	0.0177	0.0184	agua
4.967952965258087	-73.82515298140727	0.0339	0.0531	0.0305	0.0323	0.0205	0.0164	0.0133	0.0141	agua
4.967951524916946	-73.82434458573898	0.0346	0.053	0.0311	0.0323	0.0206	0.0182	0.0136	0.0138	agua
4.967950083585621	-73.82353619030808	0.0231	0.0392	0.0188	0.0188	0.0084	0.007	0.0042	0.0051	agua
4.9679486412641145	-73.8227277951147	0.0188	0.0328	0.0161	0.0169	0.0064	0.0051	0.0032	0.0042	agua
4.967947197952425	-73.82191940015903	0.0069	0.0089	0.0029	0.0035	0.0005	0.002	0.0017	0.0031	agua
4.967157010558413	-73.83162157711443	0.0212	0.0403	0.0187	0.0202	0.0068	0.0052	0.0009	0.001	agua
4.967155578372733	-73.83081318053621	0.0211	0.0415	0.019	0.021	0.0068	0.005	0.0007	0.0012	agua
4.967154145197016	-73.83000478419405	0.0218	0.0431	0.0189	0.0229	0.0081	0.0056	0.001	0.0014	agua
4.967152711031271	-73.82919638808812	0.0217	0.0435	0.0191	0.0232	0.008	0.0064	0.001	0.0015	agua
4.9671512758754925	-73.8283879922186	0.0221	0.0443	0.0197	0.0242	0.0083	0.0082	0.0014	0.0015	agua
4.967149839729684	-73.82757959658564	0.0225	0.0446	0.0201	0.0236	0.0084	0.0061	0.0019	0.0018	agua
4.967148402593847	-73.82677120118939	0.0362	0.0576	0.0333	0.0366	0.0226	0.0071	0.0134	0.0137	agua
4.967146964467986	-73.82596280603005	0.0377	0.0585	0.0349	0.0378	0.0248	0.0276	0.0161	0.0163	agua
4.967145525352096	-73.82515441110775	0.035	0.0548	0.0318	0.0341	0.0223	0.0177	0.0152	0.0167	agua
4.967144085246185	-73.82434601642265	0.0343	0.0534	0.0309	0.0325	0.0193	0.0187	0.0132	0.0142	agua
4.967142644150249	-73.82353762197495	0.0207	0.0371	0.0174	0.0183	0.0069	0.0095	0.004	0.0044	agua
4.967141202064293	-73.82272922776478	0.0102	0.0154	0.0067	0.0077	0.0017	0.0062	0.0015	0.0021	agua
4.967139758988318	-73.82192083379232	0.0059	0.0065	0.002	0.0022	0.0	0.0	0.002	0.003	agua
4.966350999718171	-73.83243139454632	0.0208	0.0401	0.0185	0.0202	0.007	0.0051	0.0011	0.0006	agua
4.966349568756299	-73.83162299871523	0.021	0.0416	0.0187	0.0213	0.0069	0.0049	0.0009	0.0007	agua
4.966348136804552	-73.83081460312005	0.0214	0.042	0.0185	0.0222	0.0069	0.0059	0.0009	0.0014	agua
4.966346703862932	-73.83000620776095	0.0213	0.0421	0.0186	0.0217	0.0074	0.0059	0.001	0.0016	agua
4.966345269931444	-73.82919781263807	0.0212	0.0419	0.0185	0.022	0.0075	0.006	0.001	0.0017	agua
4.966343835010084	-73.8283894177516	0.022	0.0435	0.0194	0.0235	0.0087	0.0072	0.0013	0.0013	agua
4.966342399098858	-73.82758102310169	0.0222	0.0442	0.0194	0.0238	0.0086	0.0071	0.0012	0.0018	agua
4.966340962197764	-73.82677262868849	0.027	0.0495	0.0245	0.0281	0.0136	0.0073	0.0065	0.006	agua
4.966339524306806	-73.82596423451218	0.0311	0.0518	0.0287	0.0317	0.0179	0.0203	0.0103	0.0121	agua
4.966338085425983	-73.82515584057293	0.0404	0.0604	0.0376	0.0402	0.0276	0.0225	0.0185	0.0199	agua
4.966336645555298	-73.82434744687089	0.0412	0.061	0.038	0.0404	0.0269	0.0142	0.0195	0.0211	agua
4.966335204694754	-73.82353905340622	0.0338	0.0516	0.0319	0.0333	0.0198	0.0181	0.0151	0.0169	agua
4.96633376284435	-73.82273066017909	0.0079	0.0099	0.005	0.0056	0.0034	0.0	0.0034	0.0044	agua
4.965543557662168	-73.83243281493023	0.0209	0.0413	0.0187	0.0207	0.0069	0.0048	0.0009	0.0011	agua
4.965542126934067	-73.83162442008204	0.0212	0.0421	0.0192	0.0219	0.007	0.0054	0.001	0.0014	agua
4.965540695216254	-73.83081602546974	0.021	0.0426	0.0186	0.0223	0.007	0.006	0.0013	0.0018	agua
4.96553926250873	-73.83000763109354	0.021	0.0421	0.0186	0.0218	0.0067	0.0057	0.0009	0.0015	agua
4.965537828811498	-73.82919923695356	0.021	0.042	0.0186	0.022	0.0074	0.0059	0.0007	0.0012	agua
4.965536394124557	-73.82839084304997	0.0215	0.0434	0.0193	0.0227	0.0083	0.0057	0.0015	0.0016	agua
4.96553495844791	-73.82758244938293	0.0219	0.0429	0.0189	0.0222	0.0081	0.007	0.0018	0.0021	agua
4.96553352178156	-73.82677405595263	0.0261	0.0478	0.0234	0.0271	0.0109	0.006	0.0053	0.0048	agua
4.965532084125506	-73.82596566275922	0.0371	0.059	0.0351	0.0391	0.0239	0.0155	0.0163	0.0169	agua
4.96553064547975	-73.82515726980284	0.0436	0.0644	0.0417	0.0445	0.0308	0.0204	0.0228	0.0232	agua
4.965529205844292	-73.82434887708366	0.0444	0.064	0.042	0.0442	0.0304	0.0246	0.023	0.0235	agua
4.965527765219137	-73.82354048460188	0.0361	0.0529	0.0335	0.0354	0.0226	0.0238	0.0159	0.0171	agua
4.964737545090831	-73.83324262918151	0.0204	0.0394	0.0183	0.0197	0.0065	0.0042	0.0011	0.0014	agua
4.964736115586052	-73.83243423508031	0.0206	0.0408	0.0187	0.0205	0.0067	0.0053	0.0012	0.0015	agua
4.964734685091723	-73.83162584121486	0.0212	0.0421	0.0188	0.0218	0.0069	0.0058	0.0008	0.0016	agua
4.964733253607843	-73.8308174475853	0.0211	0.0418	0.0183	0.0218	0.0075	0.0058	0.0013	0.0014	agua
4.964731821134415	-73.83000905419182	0.0207	0.0414	0.0184	0.0211	0.0066	0.0057	0.0012	0.0012	agua
4.964730387671439	-73.82920066103456	0.021	0.0421	0.0183	0.0216	0.007	0.0058	0.0013	0.0013	agua
4.964728953218918	-73.8283922681137	0.0232	0.0439	0.0201	0.0233	0.009	0.0058	0.0026	0.0031	agua
4.964727517776851	-73.8275838754294	0.0226	0.0433	0.0194	0.0222	0.0092	0.006	0.0027	0.0027	agua
4.964726081345241	-73.82677548298182	0.0245	0.0462	0.0217	0.0264	0.0108	0.0056	0.0041	0.0043	agua
4.96472464392409	-73.82596709077112	0.0449	0.0664	0.0427	0.0456	0.0317	0.0257	0.0211	0.023	agua
4.9647232055133985	-73.82515869879745	0.05	0.0692	0.0466	0.0493	0.0355	0.0268	0.0263	0.0271	agua
4.964721766113169	-73.82435030706101	0.0517	0.0708	0.0487	0.0513	0.0367	0.0285	0.0283	0.0286	agua
4.963931531042772	-73.83405244146941	0.0198	0.0381	0.0178	0.0188	0.0061	0.0135	0.0021	0.002	agua
4.963930102760996	-73.8332440481152	0.0204	0.0395	0.0175	0.0205	0.0061	0.0041	0.0008	0.0012	agua
4.963928673489827	-73.83243565499657	0.0204	0.0408	0.018	0.0212	0.0065	0.0055	0.0008	0.0008	agua
4.963927243229268	-73.8316272621137	0.0205	0.041	0.0181	0.0211	0.007	0.0053	0.0006	0.001	agua
4.963925811979321	-73.8308188694667	0.0203	0.0408	0.0182	0.0215	0.0072	0.0058	0.0007	0.0012	agua
4.963924379739988	-73.8300104770558	0.0205	0.0418	0.0182	0.0213	0.0069	0.0058	0.0011	0.0009	agua
4.963922946511268	-73.82920208488109	0.0213	0.0426	0.0186	0.0223	0.0075	0.0058	0.0011	0.0011	agua
4.9639215122931635	-73.8283936929428	0.0297	0.0506	0.0265	0.029	0.0163	0.0033	0.0088	0.0081	agua
4.963920077085676	-73.82758530124106	0.0425	0.0624	0.0399	0.0421	0.0291	0.0193	0.0192	0.0193	agua
4.963918640888807	-73.82677690977604	0.028	0.0476	0.0245	0.0282	0.0143	0.0302	0.0082	0.009	agua
4.96391720370256	-73.8259685185479	0.0572	0.0779	0.0544	0.0564	0.0416	0.0458	0.0318	0.0321	agua
4.963125515518487	-73.83486225179423	0.0198	0.0377	0.0175	0.0184	0.0056	0.0031	0.0013	0.0009	agua
4.963124088459388	-73.83405385918704	0.0195	0.0377	0.0169	0.0179	0.0055	0.0016	0.0009	0.0015	agua
4.963122660411057	-73.83324546681523	0.0198	0.0393	0.0172	0.02	0.0056	0.0039	0.0002	0.0009	agua
4.9631212313734965	-73.83243707467902	0.0202	0.04	0.0177	0.0205	0.0066	0.0049	0.0007	0.0	agua
4.963119801346709	-73.83162868277854	0.02	0.041	0.018	0.0212	0.0066	0.0051	0.0007	0.0013	agua
4.963118370330695	-73.83082029111397	0.0205	0.0404	0.0179	0.0212	0.0066	0.0048	0.0011	0.0008	agua
4.963116938325453	-73.83001189968546	0.0205	0.0416	0.0182	0.022	0.0066	0.0056	0.0015	0.0013	agua
4.963115505330989	-73.82920350849317	0.0211	0.043	0.0187	0.0221	0.0073	0.0057	0.0012	0.0015	agua
4.963114071347303	-73.82839511753727	0.0349	0.0559	0.0317	0.0345	0.021	0.0023	0.0132	0.0129	agua
4.963112636374395	-73.82758672681794	0.0442	0.0647	0.0409	0.0447	0.0309	0.0309	0.0206	0.0211	agua
4.963111200412267	-73.82677833633531	0.0339	0.0535	0.0308	0.033	0.0198	0.0102	0.0136	0.0135	agua
4.962320923366129	-73.8364804522516	0.019	0.0379	0.0166	0.018	0.0048	0.0035	0.0008	0.0011	agua
4.962319498518458	-73.83567206015633	0.0191	0.0374	0.0163	0.0178	0.0052	0.0038	0.0008	0.0016	agua
4.962318072681715	-73.83486366829612	0.0192	0.0377	0.0167	0.0185	0.0051	0.0041	0.0007	0.0027	agua
4.962316645855901	-73.83405527667117	0.0195	0.0385	0.0167	0.0186	0.0051	0.0038	0.0	0.0023	agua
4.962315218041016	-73.83324688528162	0.0199	0.0395	0.0172	0.0203	0.0059	0.0047	0.0009	0.0021	agua
4.962313789237064	-73.83243849412764	0.02	0.0399	0.0174	0.02	0.006	0.0049	0.001	0.0019	agua
4.962312359444047	-73.83163010320942	0.0202	0.0402	0.0177	0.0207	0.0066	0.005	0.0009	0.0011	agua
4.962310928661964	-73.83082171252707	0.0203	0.0401	0.018	0.0204	0.0068	0.0054	0.0012	0.0013	agua
4.962309496890816	-73.8300133220808	0.0209	0.042	0.0184	0.0213	0.007	0.0047	0.0009	0.0015	agua
4.962308064130606	-73.82920493187076	0.0216	0.0433	0.0197	0.0225	0.0081	0.0021	0.0027	0.0032	agua
4.962306630381336	-73.8283965418971	0.0497	0.0701	0.0467	0.0499	0.0353	0.0208	0.0266	0.0266	agua
4.962305195643006	-73.82758815216002	0.0312	0.0523	0.028	0.0306	0.0164	0.0311	0.0105	0.0109	agua
4.961514903668976	-73.83729025790409	0.0196	0.0367	0.017	0.0187	0.0059	0.004	0.0015	0.0021	agua
4.961513480043177	-73.83648186655597	0.0194	0.0373	0.0167	0.0183	0.005	0.004	0.0008	0.0018	agua
4.961512055428465	-73.83567347544277	0.0195	0.0379	0.0167	0.0176	0.0051	0.0041	0.0008	0.0006	agua
4.961510629824844	-73.83486508456465	0.0193	0.0386	0.017	0.0187	0.0052	0.0037	0.0006	0.0009	agua
4.961509203232314	-73.83405669392178	0.0195	0.0385	0.0168	0.019	0.0052	0.0037	0.0004	0.0018	agua
4.961507775650877	-73.83324830351434	0.02	0.0396	0.0174	0.0203	0.0061	0.0042	0.0009	0.0015	agua
4.961506347080531	-73.83243991334244	0.0201	0.0401	0.0177	0.0203	0.0061	0.0049	0.0008	0.002	agua
4.961504917521283	-73.8316315234063	0.02	0.0396	0.0176	0.02	0.0068	0.0049	0.001	0.0015	agua
4.961503486973131	-73.83082313370605	0.0207	0.0403	0.0181	0.0206	0.0065	0.0043	0.0012	0.0016	agua
4.9615020554360765	-73.83001474424186	0.0286	0.0493	0.0259	0.0291	0.0146	0.0061	0.007	0.0078	agua
4.961500622910121	-73.8292063550139	0.0277	0.0487	0.025	0.0288	0.0141	0.0076	0.0075	0.0076	agua
4.9614991893952665	-73.82839796602232	0.0553	0.0751	0.0516	0.0547	0.0401	0.0438	0.0301	0.0301	agua
4.960710303912875	-73.83890845242998	0.0199	0.039	0.0175	0.0189	0.0065	0.006	0.0021	0.003	agua
4.96070888249738	-73.83810006159445	0.0197	0.0376	0.0167	0.0187	0.005	0.0048	0.0018	0.0028	agua
4.960707460093131	-73.83729167099351	0.0197	0.0372	0.017	0.0185	0.0057	0.0045	0.0018	0.0029	agua
4.960706036700131	-73.83648328062732	0.0191	0.0377	0.0163	0.0183	0.0049	0.004	0.0012	0.0024	agua
4.96070461231838	-73.83567489049605	0.0192	0.0383	0.0164	0.0183	0.0054	0.0039	0.0008	0.0019	agua
4.96070318694788	-73.83486650059987	0.0194	0.0385	0.0167	0.0181	0.0057	0.0043	0.0006	0.0	agua
4.960701760588633	-73.83405811093893	0.0194	0.0388	0.0166	0.0189	0.0059	0.0044	0.0006	0.0012	agua
4.9607003332406405	-73.8332497215134	0.0203	0.04	0.018	0.0206	0.0071	0.0043	0.0013	0.0013	agua
4.960698904903904	-73.83244133232343	0.0213	0.041	0.0189	0.0211	0.0078	0.0052	0.0019	0.0023	agua
4.960697475578423	-73.83163294336921	0.0257	0.0451	0.0232	0.0255	0.0124	0.0075	0.0056	0.0069	agua
4.960696045264202	-73.83082455465087	0.029	0.0489	0.0268	0.0292	0.0159	0.0079	0.0091	0.0094	agua
4.960694613961238	-73.83001616616862	0.0444	0.0651	0.043	0.0457	0.0307	0.0126	0.0216	0.0221	agua
4.960693181669537	-73.82920777792256	0.0455	0.0658	0.0429	0.0455	0.0311	0.0266	0.0211	0.0212	agua
4.95990428004626	-73.8397182534112	0.0199	0.0382	0.0166	0.0181	0.0055	0.0067	0.0017	0.0022	agua
4.959902859851832	-73.83890986332302	0.0191	0.0376	0.0159	0.0178	0.0049	0.0037	0.0018	0.0028	agua
4.95990143866881	-73.83810147346925	0.0194	0.0374	0.0166	0.0184	0.0055	0.0048	0.0021	0.0025	agua
4.959900016497198	-73.83729308385008	0.0199	0.0373	0.0169	0.0179	0.0058	0.0043	0.0023	0.0022	agua
4.959898593336996	-73.83648469446565	0.0192	0.038	0.0165	0.018	0.0052	0.0046	0.0016	0.0018	agua
4.959897169188205	-73.83567630531617	0.0194	0.0387	0.0166	0.0188	0.0058	0.0033	0.0009	0.0017	agua
4.959895744050826	-73.83486791640173	0.0193	0.0384	0.0166	0.0182	0.0061	0.0047	0.0006	0.0019	agua
4.959894317924862	-73.83405952772256	0.0199	0.0393	0.0173	0.0196	0.0067	0.0039	0.0017	0.002	agua
4.9598928908103135	-73.8332511392788	0.021	0.041	0.0187	0.0212	0.0075	0.0053	0.002	0.0027	agua
4.9598914627071835	-73.8324427510706	0.0229	0.0424	0.02	0.023	0.0087	0.0066	0.003	0.0037	agua
4.959890033615471	-73.83163436309813	0.0281	0.0476	0.0257	0.0287	0.0152	0.0097	0.0076	0.0089	agua
4.959888603535179	-73.83082597536158	0.0349	0.0548	0.0322	0.0353	0.0213	0.0161	0.0134	0.014	agua
4.959887172466309	-73.83001758786106	0.0407	0.0608	0.0381	0.0403	0.0263	0.027	0.0169	0.0168	agua
4.959095415770702	-73.83891127398353	0.0196	0.0381	0.0167	0.018	0.006	0.004	0.0018	0.0014	agua
4.9590939948201544	-73.83810288511137	0.0197	0.0376	0.0164	0.018	0.0055	0.0044	0.0018	0.0016	agua
4.959092572881179	-73.83729449647382	0.0196	0.0375	0.0164	0.0183	0.0057	0.0045	0.0019	0.0015	agua
4.959091149953772	-73.836486108071	0.0192	0.0379	0.0163	0.0179	0.006	0.0048	0.0015	0.0024	agua
4.95908972603794	-73.8356777199031	0.0192	0.0378	0.0166	0.0187	0.0061	0.0053	0.0015	0.0027	agua
4.959088301133683	-73.8348693319703	0.0214	0.0403	0.0186	0.0201	0.0076	0.0041	0.0021	0.0034	agua
4.959086875241002	-73.83406094427272	0.0225	0.042	0.02	0.0223	0.0089	0.005	0.0036	0.0039	agua
4.9590854483598985	-73.83325255681056	0.0256	0.0456	0.0234	0.0265	0.0123	0.0067	0.0059	0.0066	agua
4.959084020490374	-73.83244416958397	0.0265	0.0464	0.0242	0.0266	0.0132	0.0091	0.0066	0.0075	agua
4.95908259163243	-73.83163578259308	0.0339	0.0533	0.0313	0.0342	0.0199	0.0126	0.0119	0.013	agua
4.959081161786067	-73.83082739583813	0.0351	0.0555	0.0327	0.0352	0.0213	0.0188	0.0137	0.0142	agua
4.958286550951415	-73.83810429652081	0.0194	0.0374	0.0163	0.0176	0.0051	0.0043	0.0015	0.0015	agua
4.958285129245074	-73.8372959088647	0.0192	0.0377	0.0164	0.0182	0.0058	0.0048	0.0016	0.0016	agua
4.958283706550465	-73.83648752144333	0.0196	0.0379	0.0167	0.0177	0.006	0.0045	0.0012	0.0031	agua
4.958282282867592	-73.83567913425689	0.0195	0.0383	0.0169	0.0184	0.0058	0.0038	0.0017	0.002	agua
4.958280858196454	-73.83487074730552	0.0222	0.0416	0.0195	0.0213	0.0083	0.0046	0.0026	0.0038	agua
4.958279432537054	-73.83406236058939	0.0234	0.0431	0.0213	0.023	0.0101	0.0073	0.0042	0.0051	agua
4.958278005889395	-73.83325397410866	0.0275	0.0469	0.0249	0.0276	0.0135	0.0084	0.0072	0.0078	agua
4.958276578253476	-73.8324455878635	0.0291	0.049	0.0265	0.0289	0.0169	0.0111	0.0081	0.0095	agua
4.9582751496293	-73.83163720185408	0.0332	0.0531	0.0308	0.0334	0.0193	0.0179	0.0118	0.0123	agua
4.957476263127079	-73.83648893458266	0.0212	0.0392	0.0187	0.0199	0.0071	0.0057	0.0025	0.0031	agua
4.957474839677163	-73.8356805483775	0.0215	0.0402	0.0193	0.0203	0.0083	0.0064	0.003	0.0036	agua
4.957473415239146	-73.83487216240741	0.0238	0.0419	0.0214	0.0231	0.0105	0.0075	0.0048	0.0053	agua
4.957471989813029	-73.83406377667256	0.0257	0.0448	0.0236	0.0253	0.0131	0.0083	0.0066	0.0078	agua
4.95747056339881	-73.83325539117311	0.0275	0.0467	0.0252	0.0271	0.0145	0.0142	0.0075	0.0082	agua
4.957469135996496	-73.83244700590923	0.0258	0.0451	0.0236	0.0258	0.0135	0.0103	0.0063	0.0075	agua
4.956667396466656	-73.83568196226494	0.0226	0.041	0.0201	0.0218	0.009	0.0078	0.004	0.0047	agua
4.956665972261758	-73.83487357727597	0.0254	0.0438	0.0232	0.025	0.0129	0.0097	0.0063	0.0075	agua
4.956664547068922	-73.83406519252225	0.0275	0.046	0.0252	0.0269	0.0139	0.0119	0.0084	0.0092	agua
4.956663120888147	-73.83325680800391	0.0264	0.0448	0.0241	0.0254	0.0128	0.0149	0.0069	0.0075	agua
4.956661693719436	-73.83244842372115	0.0279	0.0467	0.0254	0.0274	0.0133	0.0125	0.0073	0.0085	agua
4.955858529264295	-73.83487499191124	0.0266	0.044	0.0236	0.0252	0.0131	0.0106	0.0073	0.0073	agua
4.955857104304739	-73.83406660813846	0.0289	0.047	0.0266	0.0283	0.0157	0.012	0.0095	0.01	agua
4.955855678357407	-73.83325822460107	0.0259	0.0443	0.0232	0.0255	0.0125	0.0151	0.0067	0.0077	agua
4.955049661520485	-73.83406802352116	0.0297	0.0473	0.0269	0.0282	0.0158	0.0108	0.0096	0.0101	agua
4.9550482358065935	-73.83325964096458	0.0298	0.0481	0.028	0.0293	0.0176	0.0174	0.0105	0.0116	agua
4.9469992791675965	-73.84782453726605	0.0241	0.0494	0.022	0.0285	0.0106	0.0073	0.0006	0.0015	agua
4.94699787255023	-73.84701616052914	0.0242	0.0495	0.0223	0.029	0.0105	0.0077	0.0006	0.0014	agua
4.946996464946845	-73.84620778402503	0.0237	0.0485	0.0218	0.0276	0.0103	0.0071	0.0011	0.0012	agua
4.94619464203488	-73.84944268565047	0.0235	0.0488	0.0222	0.028	0.01	0.0063	0.0013	0.0022	agua
4.946193237619919	-73.84863430942755	0.0248	0.05	0.0229	0.0295	0.0101	0.0076	0.0011	0.0027	agua
4.9461918322191	-73.84782593343708	0.024	0.05	0.0226	0.0297	0.0107	0.0073	0.0008	0.0015	agua
4.946190425832417	-73.84701755767922	0.0242	0.05	0.0226	0.0295	0.0102	0.008	0.0007	0.0018	agua
4.94618901845988	-73.84620918215413	0.0239	0.0491	0.0223	0.0281	0.0105	0.008	0.001	0.0021	agua
4.946187610101487	-73.84540080686199	0.0241	0.0496	0.0227	0.0289	0.01	0.0071	0.001	0.0019	agua
4.946186200757238	-73.84459243180294	0.0234	0.0483	0.0218	0.0277	0.0095	0.007	0.0008	0.0015	agua
4.946184790427136	-73.84378405697713	0.0233	0.0481	0.0216	0.027	0.0095	0.0063	0.0011	0.0019	agua
4.945388597804368	-73.85025245510937	0.0244	0.0489	0.0227	0.0288	0.0092	0.0068	0.0015	0.002	agua
4.94538719460547	-73.84944407963303	0.0236	0.0491	0.0223	0.028	0.0101	0.0069	0.0014	0.0019	agua
4.945385790420872	-73.848635704389	0.0242	0.0498	0.0229	0.0293	0.0103	0.008	0.0012	0.0024	agua
4.945384385250576	-73.8478273293774	0.0245	0.0502	0.0234	0.0301	0.0111	0.008	0.0008	0.0022	agua
4.945382979094582	-73.84701895459841	0.0241	0.05	0.0226	0.0295	0.0101	0.0081	0.0008	0.0017	agua
4.945381571952892	-73.8462105800522	0.0233	0.0494	0.0221	0.0287	0.0101	0.0083	0.001	0.0019	agua
4.945380163825508	-73.84540220573892	0.0244	0.051	0.0228	0.0292	0.0109	0.0083	0.0017	0.002	agua
4.945378754712429	-73.84459383165874	0.0242	0.0509	0.0226	0.0291	0.0097	0.0076	0.0007	0.0012	agua
4.94537734461366	-73.84378545781182	0.0245	0.0512	0.0228	0.0293	0.0105	0.007	0.0008	0.0014	agua
4.9453759335292	-73.84297708419832	0.0242	0.0502	0.0223	0.0289	0.0089	0.0068	0.0008	0.0015	agua
4.944582552107894	-73.85106222261254	0.0229	0.0465	0.0212	0.0261	0.0082	0.0074	0.001	0.001	agua
4.944581150124738	-73.85025384788283	0.0231	0.0474	0.0215	0.027	0.0093	0.0071	0.0006	0.0015	agua
4.94457974715604	-73.84944547338522	0.0237	0.0484	0.022	0.0285	0.0098	0.008	0.0013	0.0007	agua
4.944578343201805	-73.8486370991199	0.0238	0.0494	0.0226	0.0293	0.0105	0.0075	0.0011	0.0018	agua
4.944576938262032	-73.847828725087	0.0251	0.0508	0.0239	0.0304	0.0121	0.0082	0.0018	0.0026	agua
4.9445755323367235	-73.84702035128674	0.024	0.0507	0.0233	0.0306	0.0112	0.0077	0.0016	0.0019	agua
4.9445741254258815	-73.84621197771924	0.0286	0.0524	0.0349	0.0581	0.0891	0.0095	0.0758	0.0519	agua
4.944572717529505	-73.84540360438467	0.0283	0.0544	0.0317	0.0445	0.0366	0.0085	0.0346	0.0246	agua
4.944571308647598	-73.8445952312832	0.0251	0.0542	0.0242	0.0337	0.0128	0.0077	0.0015	0.0011	agua
4.944569898780162	-73.84378685841499	0.0252	0.0545	0.024	0.0329	0.0126	0.0085	0.001	0.0017	agua
4.943777904728307	-73.85268036237524	0.0237	0.0465	0.0215	0.0268	0.0104	0.0087	0.0015	0.0017	agua
4.94377650494595	-73.85187198816033	0.0229	0.0456	0.0213	0.0258	0.0089	0.0069	0.0015	0.001	agua
4.94377510417821	-73.8510636141772	0.0231	0.0465	0.0217	0.0264	0.009	0.0067	0.0011	0.0015	agua
4.943773702425091	-73.85025524042604	0.0235	0.0472	0.0216	0.0268	0.0093	0.0071	0.001	0.0016	agua
4.943772299686593	-73.84944686690699	0.0238	0.0491	0.0224	0.0291	0.0102	0.0075	0.0009	0.0013	agua
4.943770895962719	-73.84863849362023	0.024	0.0496	0.0227	0.0295	0.0107	0.0079	0.001	0.0016	agua
4.94376949125347	-73.8478301205659	0.0237	0.0498	0.0229	0.0299	0.0113	0.0081	0.0009	0.0017	agua
4.943768085558846	-73.84702174774418	0.0242	0.0506	0.0231	0.0304	0.0111	0.008	0.0013	0.0013	agua
4.94376667887885	-73.84621337515523	0.0254	0.0533	0.0244	0.0334	0.0137	0.0	0.003	0.0023	agua
4.943765271213484	-73.84540500279921	0.0252	0.0531	0.0242	0.0333	0.0133	0.0096	0.0016	0.0012	agua
4.943763862562746	-73.84459663067629	0.0289	0.0582	0.0284	0.0386	0.0175	0.0166	0.004	0.0031	agua
4.942971854886445	-73.85349012522119	0.0231	0.0458	0.0211	0.0253	0.0093	0.0068	0.0014	0.0024	agua
4.9429704563190215	-73.85268175175304	0.0231	0.0466	0.0212	0.0263	0.0093	0.0071	0.0015	0.0017	agua
4.942969056766376	-73.85187337851653	0.0234	0.0472	0.0214	0.0268	0.0105	0.0077	0.0015	0.0024	agua
4.942967656228514	-73.85106500551181	0.0257	0.0495	0.0242	0.0299	0.0128	0.0083	0.0031	0.0036	agua
4.942966254705431	-73.85025663273905	0.0264	0.0503	0.0246	0.0303	0.0121	0.0097	0.0031	0.004	agua
4.942964852197134	-73.84944826019839	0.0249	0.0505	0.0238	0.03	0.0115	0.0079	0.0016	0.0028	agua
4.942963448703621	-73.84863988789002	0.024	0.0498	0.0229	0.0301	0.0103	0.0089	0.0016	0.0013	agua
4.942962044224894	-73.84783151581408	0.0249	0.0524	0.0235	0.0315	0.0122	0.0077	0.0013	0.0012	agua
4.942960638760955	-73.84702314397074	0.0252	0.0531	0.0241	0.0333	0.0132	0.0087	0.0017	0.0013	agua
4.942959232311805	-73.84621477236018	0.0254	0.0538	0.0248	0.0334	0.0133	0.0093	0.0019	0.0023	agua
4.942957824877445	-73.84540640098255	0.0273	0.0555	0.0267	0.0356	0.0144	0.0107	0.0022	0.0031	agua
4.94216719994816	-73.85510825906503	0.0233	0.0477	0.0222	0.0273	0.0097	0.0067	0.0014	0.0011	agua
4.94216580358041	-73.85429988611237	0.0235	0.0479	0.0221	0.0273	0.0103	0.008	0.0013	0.0018	agua
4.942164406227598	-73.853491513391	0.0242	0.0478	0.0221	0.0267	0.0103	0.0069	0.0016	0.0023	agua
4.942163007889727	-73.85268314090112	0.0246	0.0487	0.0233	0.0283	0.0105	0.0086	0.0024	0.0023	agua
4.942161608566796	-73.85187476864283	0.0254	0.0489	0.024	0.0284	0.0121	0.0087	0.0038	0.004	agua
4.942160208258808	-73.85106639661636	0.0265	0.0503	0.0249	0.0301	0.0124	0.0099	0.0042	0.0052	agua
4.942158806965763	-73.85025802482181	0.0253	0.0495	0.0237	0.0293	0.0117	0.0098	0.0026	0.003	agua
4.942157404687664	-73.84944965325938	0.0251	0.0501	0.0244	0.0299	0.011	0.0086	0.0018	0.0025	agua
4.942156001424512	-73.84864128192925	0.024	0.0497	0.0231	0.0292	0.011	0.0075	0.0012	0.0023	agua
4.942154597176306	-73.84783291083154	0.0253	0.054	0.0246	0.0337	0.0137	0.0086	0.0015	0.0021	agua
4.942153191943051	-73.84702453996644	0.025	0.0533	0.0242	0.033	0.0131	0.012	0.0017	0.0015	agua
4.942151785724747	-73.8462161693341	0.0278	0.057	0.0273	0.0371	0.0143	0.0116	0.0022	0.0025	agua
4.941361145964312	-73.85591801725484	0.0237	0.0488	0.0224	0.0279	0.0104	0.0074	0.0013	0.0017	agua
4.941359750810691	-73.85510964504913	0.0241	0.05	0.0229	0.0287	0.0109	0.0068	0.0015	0.0015	agua
4.941358354672171	-73.85430127307454	0.0257	0.0525	0.0242	0.032	0.013	0.0072	0.0017	0.0021	agua
4.941356957548747	-73.85349290133126	0.0256	0.0526	0.0247	0.0329	0.0147	0.0082	0.003	0.0026	agua
4.941355559440427	-73.85268452981943	0.0287	0.0546	0.0282	0.0341	0.0171	0.0085	0.0062	0.0063	agua
4.941354160347209	-73.85187615853924	0.029	0.0552	0.0277	0.0355	0.0173	0.0114	0.0053	0.0064	agua
4.941352760269095	-73.85106778749083	0.0261	0.052	0.0251	0.0316	0.0138	0.0124	0.0025	0.0047	agua
4.941351359206088	-73.85025941667436	0.024	0.0488	0.0226	0.0279	0.0115	0.0075	0.0016	0.002	agua
4.941349957158186	-73.84945104609001	0.0245	0.05	0.0236	0.0294	0.0113	0.0072	0.002	0.0014	agua
4.941348554125394	-73.84864267573793	0.0269	0.0538	0.0257	0.0336	0.0137	0.0074	0.0028	0.0031	agua
4.941347150107711	-73.8478343056183	0.0252	0.0537	0.0242	0.0329	0.0132	0.0121	0.0019	0.0022	agua
4.941345745105139	-73.84702593573127	0.0255	0.0542	0.0244	0.0333	0.0127	0.0093	0.0016	0.0024	agua
4.940556483472662	-73.85753614518008	0.0244	0.0495	0.0229	0.0288	0.0102	0.0083	0.0019	0.0023	agua
4.940555090517591	-73.85672777349052	0.0235	0.0485	0.0225	0.0284	0.0099	0.0072	0.0016	0.0017	agua
4.940553696577777	-73.85591940203174	0.0241	0.0493	0.0226	0.0295	0.0105	0.0072	0.0015	0.0017	agua
4.940552301653223	-73.85511103080395	0.0246	0.0517	0.0238	0.0307	0.011	0.0081	0.0017	0.0016	agua
4.940550905743928	-73.8543026598073	0.0258	0.0537	0.0245	0.0339	0.014	0.0088	0.0016	0.002	agua
4.940549508849895	-73.85349428904193	0.025	0.052	0.0237	0.0323	0.0145	0.0123	0.0019	0.0015	agua
4.940548110971126	-73.85268591850803	0.0248	0.0521	0.0236	0.0318	0.0136	0.0127	0.0021	0.0016	agua
4.94054671210762	-73.85187754820574	0.0248	0.0513	0.0235	0.0314	0.0136	0.0105	0.0023	0.0018	agua
4.940545312259381	-73.85106917813523	0.0252	0.0529	0.0241	0.0326	0.0135	0.0112	0.0015	0.0021	agua
4.94054391142641	-73.85026080829668	0.0255	0.0531	0.0243	0.032	0.0135	0.0099	0.0019	0.0014	agua
4.940542509608704	-73.84945243869025	0.0258	0.0529	0.0249	0.0324	0.0132	0.0088	0.0028	0.0027	agua
4.940541106806273	-73.84864406931608	0.0261	0.0546	0.0252	0.0353	0.0147	0.0123	0.0025	0.0024	agua
4.940539703019112	-73.84783570017436	0.0266	0.0551	0.0258	0.0341	0.0138	0.0113	0.0024	0.0032	agua
4.939750425350233	-73.85834589871486	0.0245	0.0503	0.0231	0.0298	0.0108	0.011	0.0019	0.0024	agua
4.939749033608486	-73.8575375277724	0.0247	0.0512	0.0235	0.0303	0.0125	0.0073	0.0014	0.0027	agua
4.939747640882156	-73.85672915706058	0.0249	0.0519	0.024	0.0307	0.0121	0.0063	0.0015	0.002	agua
4.939746247171246	-73.85592078657957	0.0248	0.0526	0.0243	0.0317	0.0121	0.0083	0.0017	0.0019	agua
4.939744852475755	-73.85511241632955	0.0248	0.0518	0.0239	0.0312	0.012	0.0089	0.0019	0.0018	agua
4.939743456795688	-73.85430404631065	0.0256	0.0536	0.025	0.0336	0.0137	0.0105	0.0018	0.0011	agua
4.939742060131045	-73.85349567652302	0.0261	0.0535	0.0245	0.0329	0.013	0.0092	0.0016	0.0013	agua
4.939740662481825	-73.85268730696687	0.0282	0.0562	0.0275	0.0364	0.0152	0.0117	0.0034	0.0035	agua
4.939739263848032	-73.85187893764235	0.0279	0.0563	0.0276	0.0367	0.0146	0.0128	0.0036	0.0028	agua
4.939737864229667	-73.8510705685496	0.029	0.0581	0.0283	0.0381	0.0161	0.0105	0.0035	0.0025	agua
4.939736463626729	-73.85026219968879	0.0299	0.0604	0.0294	0.0403	0.0183	0.0112	0.0034	0.004	agua
4.939735062039224	-73.84945383106009	0.0281	0.0583	0.0279	0.0376	0.0159	0.0115	0.0032	0.0029	agua
4.93973365946715	-73.84864546266367	0.0266	0.0562	0.0257	0.0361	0.0147	0.0114	0.0027	0.0018	agua
4.938945755310555	-73.85996402072176	0.025	0.0517	0.0238	0.031	0.0109	0.0079	0.0023	0.0023	agua
4.938944365766232	-73.85915565029613	0.0248	0.0516	0.024	0.0308	0.0122	0.0084	0.0026	0.0023	agua
4.9389429752374845	-73.8583472801008	0.0263	0.0538	0.0248	0.0339	0.0132	0.0089	0.0023	0.0027	agua
4.938941583724317	-73.85753891013594	0.0249	0.0522	0.0241	0.0318	0.0125	0.01	0.0018	0.0025	agua
4.93894019122673	-73.85673054040173	0.0254	0.0519	0.024	0.0309	0.0116	0.0103	0.0017	0.0023	agua
4.938938797744723	-73.85592217089834	0.0252	0.0526	0.0244	0.0311	0.0116	0.0096	0.0015	0.0016	agua
4.938937403278298	-73.85511380162588	0.0257	0.0534	0.0246	0.0323	0.0122	0.0091	0.0015	0.0013	agua
4.938936007827456	-73.85430543258458	0.0253	0.0532	0.0245	0.0323	0.0124	0.0092	0.0015	0.0006	agua
4.9389346113922	-73.85349706377455	0.0258	0.0529	0.0252	0.0327	0.0133	0.0098	0.002	0.0015	agua
4.938933213972531	-73.852688695196	0.0279	0.0579	0.0277	0.0375	0.0154	0.0111	0.0031	0.0031	agua
4.9389318155684485	-73.85188032684906	0.0288	0.0588	0.0285	0.0387	0.0147	0.0106	0.0032	0.0037	agua
4.938930416179956	-73.8510719587339	0.0305	0.0605	0.0302	0.0408	0.0172	0.0126	0.0045	0.0046	agua
4.938929015807055	-73.85026359085067	0.0312	0.062	0.0315	0.0422	0.0183	0.0141	0.0046	0.0041	agua
4.938927614449746	-73.84945522319957	0.0303	0.06	0.0301	0.04	0.016	0.0144	0.0045	0.0045	agua
4.938139693052949	-73.8607737696026	0.0261	0.0551	0.0254	0.035	0.0152	0.0095	0.002	0.0025	agua
4.938138304721144	-73.85996539992425	0.0261	0.0553	0.0258	0.0355	0.0152	0.0078	0.0024	0.0025	agua
4.938136915405076	-73.85915703047604	0.0255	0.053	0.0243	0.0321	0.0119	0.0105	0.002	0.0024	agua
4.938135525104747	-73.85834866125815	0.0244	0.0517	0.0237	0.0304	0.0105	0.0105	0.0018	0.0023	agua
4.938134133820158	-73.85754029227073	0.025	0.0517	0.0243	0.0311	0.0122	0.009	0.0017	0.0015	agua
4.938132741551312	-73.85673192351396	0.0257	0.0531	0.0245	0.0314	0.0118	0.0078	0.0017	0.0013	agua
4.938131348298207	-73.85592355498798	0.026	0.0532	0.0248	0.0317	0.0121	0.008	0.0014	0.0013	agua
4.938129954060845	-73.85511518669298	0.0264	0.0543	0.0256	0.0329	0.0125	0.0091	0.0012	0.0004	agua
4.938128558839232	-73.8543068186291	0.0271	0.0557	0.0263	0.0354	0.0132	0.0109	0.0014	0.0017	agua
4.9381271626333625	-73.85349845079651	0.0268	0.0561	0.0264	0.0359	0.0136	0.0098	0.0017	0.0024	agua
4.938125765443244	-73.85269008319537	0.0284	0.0594	0.0281	0.0388	0.014	0.011	0.0021	0.0022	agua
4.9381243672688715	-73.85188171582585	0.0289	0.0606	0.0293	0.0396	0.0151	0.0118	0.0026	0.0025	agua
4.938122968110251	-73.85107334868812	0.0277	0.0587	0.0281	0.0381	0.0138	0.0137	0.0023	0.002	agua
4.938121567967384	-73.85026498178233	0.0291	0.0603	0.0296	0.04	0.0162	0.0144	0.0024	0.0031	agua
4.937333629335071	-73.86158351653056	0.0273	0.0586	0.0267	0.0394	0.019	0.0101	0.0023	0.0027	agua
4.937332242215462	-73.8607751475995	0.0268	0.057	0.026	0.0367	0.0161	0.0082	0.0023	0.0022	agua
4.937330854111751	-73.85996677889842	0.0259	0.0534	0.0246	0.0317	0.0126	0.0121	0.002	0.0029	agua
4.937329465023939	-73.85915841042751	0.0259	0.0538	0.0248	0.0328	0.0126	0.0093	0.0017	0.0021	agua
4.937328074952028	-73.85835004218688	0.0251	0.0521	0.024	0.0308	0.0107	0.008	0.0015	0.002	agua
4.937326683896017	-73.85754167417676	0.0261	0.0542	0.025	0.033	0.0128	0.0083	0.0017	0.0011	agua
4.93732529185591	-73.85673330639726	0.0269	0.0556	0.0259	0.034	0.0126	0.0094	0.0017	0.0016	agua
4.937323898831708	-73.85592493884856	0.027	0.0557	0.0265	0.0351	0.0128	0.009	0.0015	0.0018	agua
4.93732250482341	-73.85511657153081	0.0267	0.0563	0.0271	0.0357	0.0125	0.0088	0.0012	0.001	agua
4.93732110983102	-73.85430820444421	0.0274	0.0578	0.0273	0.0367	0.0137	0.0098	0.0016	0.0017	agua
4.937319713854538	-73.85349983758888	0.0277	0.0586	0.0279	0.0384	0.0135	0.0104	0.0015	0.0022	agua
4.937318316893967	-73.85269147096503	0.028	0.0586	0.0281	0.0382	0.0138	0.0109	0.0019	0.0023	agua
4.937316918949308	-73.85188310457278	0.0286	0.0594	0.0284	0.039	0.0144	0.0122	0.0025	0.0014	agua
4.93731552002056	-73.85107473841231	0.0271	0.0581	0.0274	0.0371	0.0136	0.0101	0.0019	0.0014	agua
4.936528949081199	-73.86320162991942	0.0253	0.0541	0.0248	0.0334	0.0121	0.0087	0.0014	0.0019	agua
4.936527564157409	-73.862393261506	0.0251	0.0544	0.0251	0.0329	0.0125	0.0113	0.0013	0.0021	agua
4.9365261782496725	-73.86158489332225	0.0254	0.0535	0.0242	0.0328	0.0121	0.0088	0.0013	0.0023	agua
4.9365247913579955	-73.8607765253683	0.0263	0.0551	0.0258	0.0348	0.014	0.0099	0.0019	0.003	agua
4.9365234034823775	-73.85996815764435	0.0262	0.0543	0.0256	0.034	0.0131	0.0095	0.0019	0.002	agua
4.9365220146228195	-73.85915979015054	0.0264	0.0545	0.0258	0.034	0.0136	0.0088	0.002	0.0015	agua
4.936520624779324	-73.85835142288704	0.0274	0.0564	0.0265	0.0364	0.0138	0.0108	0.0019	0.0018	agua
4.936519233951892	-73.85754305585402	0.0271	0.0566	0.0271	0.0359	0.0125	0.0103	0.0015	0.0008	agua
4.936517842140525	-73.85673468905163	0.0268	0.0569	0.0272	0.0364	0.0127	0.0092	0.0015	0.0013	agua
4.9365164493452225	-73.85592632248004	0.0273	0.057	0.0274	0.037	0.0128	0.0098	0.0014	0.0014	agua
4.93651505556599	-73.85511795613942	0.0272	0.057	0.0276	0.037	0.0126	0.0094	0.0013	0.0016	agua
5.001849415828137	-73.81619992639463	0.0194	0.0319	0.0146	0.0139	0.0058	0.0056	0.0014	0.0009	agua
5.001847954640244	-73.81539149190642	0.0194	0.0331	0.0148	0.0143	0.0053	0.0045	0.0015	0.0018	agua
5.001043439320989	-73.81700981060553	0.0197	0.0337	0.0147	0.0149	0.0059	0.0048	0.0013	0.0013	agua
5.001041979366925	-73.81620137686824	0.0195	0.0336	0.0145	0.0147	0.0055	0.0048	0.0015	0.0022	agua
5.001040518416062	-73.81539294337001	0.0199	0.0339	0.0149	0.0148	0.0055	0.0048	0.0013	0.0018	agua
5.001039056468399	-73.81458451011103	0.0207	0.0352	0.0159	0.0159	0.0068	0.0041	0.0023	0.0027	agua
5.000237461323198	-73.81781969283854	0.0196	0.0339	0.015	0.0152	0.006	0.0051	0.0019	0.0023	agua
5.000236002602643	-73.81701125985217	0.0191	0.0328	0.0145	0.0149	0.0059	0.0053	0.0014	0.001	agua
5.0002345428854476	-73.8162028271047	0.0189	0.0324	0.0142	0.0142	0.0055	0.0049	0.0015	0.0009	agua
5.000233082171614	-73.81539439459631	0.0198	0.0346	0.0152	0.0156	0.0059	0.0049	0.0011	0.0024	agua
5.000231620461145	-73.81458596232714	0.0211	0.0353	0.0166	0.0165	0.0065	0.0037	0.003	0.0035	agua
5.000230157754038	-73.81377753029739	0.0152	0.0215	0.0107	0.0105	0.0061	0.0067	0.0032	0.0045	agua
4.999431481835253	-73.818629573094	0.0188	0.0327	0.0144	0.0141	0.0059	0.0054	0.0015	0.003	agua
4.999430024347884	-73.81782114085856	0.0165	0.0267	0.0116	0.0116	0.0054	0.0048	0.0014	0.0026	agua
4.999428565864036	-73.81701270886185	0.0136	0.0206	0.0088	0.0091	0.0041	0.0053	0.0014	0.0015	agua
4.999427106383708	-73.81620427710406	0.0162	0.0259	0.0109	0.0111	0.0044	0.0033	0.0014	0.0011	agua
4.9994256459069035	-73.81539584558531	0.0196	0.0346	0.0155	0.0148	0.0053	0.0048	0.0013	0.0025	agua
4.999424184433625	-73.81458741430582	0.0196	0.034	0.0151	0.0155	0.0064	0.0049	0.0024	0.0028	agua
4.999422721963871	-73.8137789832657	0.0098	0.0115	0.0048	0.0055	0.0021	0.0057	0.0013	0.0014	agua
4.99862695611583	-73.82024788309515	0.0182	0.0305	0.0137	0.0139	0.0057	0.0051	0.0022	0.0029	agua
4.998625500857645	-73.81943945137223	0.0213	0.0381	0.0168	0.0171	0.0066	0.0027	0.0017	0.0026	agua
4.9986240446031385	-73.81863101988772	0.0179	0.0296	0.0126	0.0122	0.0048	0.005	0.0011	0.0027	agua
4.998622587352312	-73.81782258864179	0.015	0.0227	0.0093	0.0094	0.0047	0.0032	0.0013	0.0011	agua
4.998621129105169	-73.81701415763459	0.0115	0.0151	0.0064	0.0064	0.0034	0.0037	0.0011	0.0026	agua
4.998619669861708	-73.81620572686629	0.0125	0.0178	0.0077	0.0076	0.0034	0.0033	0.0013	0.0024	agua
4.998618209621934	-73.81539729633705	0.0151	0.024	0.0104	0.0106	0.0047	0.0031	0.0012	0.0025	agua
4.998616748385844	-73.81458886604705	0.0182	0.0311	0.0139	0.0141	0.0053	0.0036	0.002	0.0031	agua
4.998615286153444	-73.81378043599643	0.0089	0.0103	0.0041	0.0042	0.002	0.0037	0.0014	0.0018	agua
4.9986138229247326	-73.81297200618539	0.0085	0.0095	0.0041	0.0041	0.0018	0.0013	0.0015	0.0026	agua
4.997820972416662	-73.82105775864538	0.0181	0.0324	0.014	0.0144	0.0059	0.0044	0.0014	0.0028	agua
4.997819518390858	-73.82024932767357	0.0208	0.0375	0.0168	0.0156	0.0066	0.0051	0.0018	0.0027	agua
4.997818063368893	-73.81944089693997	0.0208	0.0382	0.0168	0.0177	0.0061	0.0059	0.0016	0.0033	agua
4.997816607350767	-73.81863246644481	0.0173	0.0296	0.0129	0.0132	0.0047	0.0041	0.0011	0.0035	agua
4.997815150336484	-73.81782403618821	0.0175	0.0293	0.0127	0.0125	0.0048	0.0048	0.0014	0.0016	agua
4.997813692326045	-73.81701560617036	0.0114	0.016	0.0065	0.0071	0.0033	0.0042	0.0009	0.0026	agua
4.997812233319453	-73.8162071763914	0.0095	0.0117	0.0045	0.0052	0.0028	0.0029	0.0012	0.0021	agua
4.997810773316705	-73.8153987468515	0.0112	0.0154	0.0062	0.0066	0.0029	0.0024	0.0012	0.0019	agua
4.9978093123178065	-73.81459031755084	0.0182	0.031	0.0136	0.014	0.0038	0.0028	0.0014	0.0023	agua
4.997807850322758	-73.81378188848956	0.0087	0.0099	0.0041	0.0037	0.0022	0.0039	0.0013	0.0023	agua
4.99780638733156	-73.81297345966783	0.0084	0.0091	0.004	0.0042	0.0022	0.0015	0.0016	0.0026	agua
4.997014987229133	-73.82186763221901	0.0232	0.0418	0.0184	0.0185	0.0067	0.0054	0.0017	0.0031	agua
4.997013534435385	-73.8210592019983	0.0229	0.0414	0.0183	0.0177	0.0072	0.0053	0.0013	0.0031	agua
4.9970120806456375	-73.82025077201564	0.022	0.0392	0.0181	0.0179	0.008	0.0058	0.0029	0.0037	agua
4.997010625859891	-73.81944234227126	0.0169	0.0284	0.0133	0.0134	0.0069	0.0065	0.0023	0.0033	agua
4.997009170078147	-73.81863391276526	0.0166	0.0271	0.0117	0.0116	0.0057	0.0035	0.0023	0.0033	agua
4.997007713300406	-73.81782548349784	0.0214	0.0384	0.0173	0.0176	0.0067	0.0061	0.0019	0.0034	agua
4.9970062555266725	-73.81701705446918	0.0131	0.0179	0.0082	0.0084	0.0048	0.0053	0.002	0.0023	agua
4.997004796756946	-73.81620862567938	0.0101	0.013	0.0058	0.0057	0.0033	0.0034	0.0015	0.0012	agua
4.997003336991226	-73.81540019712867	0.0089	0.0121	0.005	0.0054	0.0025	0.0024	0.001	0.0023	agua
4.997001876229517	-73.8145917688172	0.0083	0.0114	0.0047	0.0049	0.003	0.0016	0.0014	0.0024	agua
4.997000414471819	-73.81378334074508	0.0078	0.0097	0.004	0.0038	0.0013	0.0023	0.0015	0.0029	agua
4.996207548991711	-73.82186907434675	0.0236	0.0425	0.0183	0.0184	0.0063	0.0049	0.0015	0.003	agua
4.996206096433858	-73.82106064511504	0.0219	0.039	0.0171	0.0176	0.0069	0.0055	0.0014	0.003	agua
4.996204642880168	-73.82025221612143	0.0217	0.0367	0.0172	0.0172	0.0079	0.0068	0.0027	0.0054	agua
4.99620318833064	-73.81944378736605	0.0128	0.0176	0.0078	0.0086	0.006	0.0079	0.0025	0.0042	agua
4.996201732785277	-73.8186353588491	0.0161	0.0243	0.0109	0.0109	0.0063	0.0059	0.002	0.0037	agua
4.996200276244079	-73.81782693057069	0.0192	0.0314	0.0146	0.015	0.0081	0.0067	0.0031	0.0042	agua
4.9961988187070485	-73.81701850253103	0.012	0.0156	0.0076	0.0084	0.0053	0.0059	0.0032	0.0033	agua
4.996197360174186	-73.81621007473026	0.0107	0.0123	0.0056	0.0062	0.0036	0.0043	0.0023	0.0027	agua
4.996195900645494	-73.81540164716857	0.0082	0.0106	0.0045	0.0046	0.0024	0.0022	0.0012	0.0021	agua
4.996194440120974	-73.81459321984609	0.0091	0.0135	0.0059	0.0062	0.0029	0.0026	0.0012	0.0029	agua
4.996192978600627	-73.81378479276299	0.008	0.0103	0.0049	0.0045	0.002	0.0023	0.0023	0.0029	agua
4.99540011073405	-73.8218705162385	0.0242	0.0444	0.0191	0.0193	0.0074	0.0058	0.0015	0.0015	agua
4.995398658412093	-73.82106208799567	0.0232	0.0425	0.0186	0.0196	0.0074	0.0059	0.0015	0.0018	agua
4.995397205094458	-73.82025365999091	0.0195	0.033	0.0145	0.0146	0.0067	0.0062	0.0021	0.0028	agua
4.995395750781148	-73.8194452322244	0.0153	0.0214	0.0097	0.0096	0.0064	0.0063	0.0027	0.0028	agua
4.995394295472163	-73.8186368046963	0.013	0.0153	0.0081	0.0089	0.0068	0.0076	0.0041	0.006	agua
4.995392839167508	-73.81782837740674	0.0131	0.0161	0.009	0.0102	0.008	0.0084	0.0048	0.0064	agua
4.995391381867179	-73.81701995035594	0.0198	0.0195	0.0113	0.0113	0.0088	0.0043	0.0063	0.0064	agua
4.995389923571184	-73.81621152354403	0.021	0.0219	0.0143	0.0153	0.0132	0.0088	0.0108	0.0081	agua
4.995388464279517	-73.81540309697118	0.0108	0.0164	0.0074	0.0073	0.0038	0.0104	0.0023	0.0032	agua
4.995387003992187	-73.81459467063755	0.0094	0.012	0.0061	0.006	0.0035	0.0011	0.0021	0.0024	agua
4.994595573641724	-73.82348881311613	0.0239	0.0425	0.0189	0.0189	0.0076	0.0067	0.0022	0.002	agua
4.994592672456148	-73.82187195789427	0.0232	0.0425	0.0188	0.0182	0.0071	0.0059	0.0017	0.0017	agua
4.994591220370085	-73.82106353064013	0.0216	0.0383	0.0172	0.0176	0.0075	0.0065	0.0018	0.0017	agua
4.994589767288505	-73.82025510362408	0.0203	0.0356	0.0156	0.0166	0.0067	0.0062	0.0018	0.0021	agua
4.9945883132114135	-73.81944667684627	0.0186	0.0293	0.0133	0.0132	0.007	0.0066	0.0022	0.0027	agua
4.994586858138809	-73.81863825030685	0.0137	0.0164	0.0085	0.0092	0.007	0.0057	0.0046	0.0047	agua
4.994585402070694	-73.81782982400601	0.0134	0.0159	0.0091	0.0095	0.008	0.0071	0.0043	0.0051	agua
4.994583945007069	-73.81702139794389	0.0223	0.0264	0.0199	0.0217	0.0204	0.0125	0.0155	0.0124	agua
4.994582486947936	-73.81621297212068	0.0173	0.0235	0.0162	0.0191	0.018	0.0207	0.0139	0.0128	agua
4.994581027893297	-73.81540454653653	0.0121	0.0173	0.0083	0.0081	0.0038	0.0141	0.0029	0.0036	agua
4.994579567843154	-73.81459612119158	0.011	0.0145	0.0076	0.0074	0.0047	0.0023	0.0035	0.0038	agua
4.993788134872285	-73.82349025255886	0.0237	0.0419	0.0183	0.0189	0.007	0.0052	0.0011	0.0018	agua
4.993785234158011	-73.82187339931407	0.0234	0.0417	0.0186	0.0191	0.0076	0.0056	0.0016	0.002	agua
4.993783782307841	-73.82106497304848	0.0239	0.0424	0.019	0.0191	0.008	0.0055	0.0018	0.0015	agua
4.9937823294623165	-73.82025654702095	0.0212	0.037	0.016	0.0166	0.0068	0.0074	0.0022	0.0019	agua
4.993780875621442	-73.81944812123167	0.0157	0.024	0.0108	0.0111	0.0066	0.0045	0.0024	0.0026	agua
4.993779420785216	-73.81863969568079	0.0204	0.0316	0.0152	0.0153	0.0076	0.0066	0.0034	0.0038	agua
4.99377796495364	-73.81783127036849	0.0153	0.0211	0.011	0.0111	0.0067	0.0076	0.0036	0.0045	agua
4.993776508126718	-73.8170228452949	0.0159	0.0192	0.0126	0.0135	0.0121	0.0048	0.009	0.0082	agua
4.99377505030445	-73.81621442046021	0.0144	0.0219	0.0118	0.0134	0.0102	0.0162	0.0069	0.0081	agua
4.993773591486837	-73.81540599586458	0.065	0.0694	0.0495	0.047	0.0404	0.0027	0.0405	0.0222	agua
4.992980696082614	-73.82349169176591	0.0239	0.0418	0.0187	0.0196	0.0073	0.0056	0.0016	0.0016	agua
4.992977795839639	-73.82187484049788	0.0237	0.0417	0.0187	0.0192	0.0075	0.0057	0.0017	0.0017	agua
4.9929763442253625	-73.82106641522067	0.0237	0.0415	0.0187	0.019	0.0081	0.0061	0.0016	0.0013	agua
4.992974891615894	-73.82025799018153	0.0239	0.0431	0.0189	0.0199	0.0072	0.0063	0.0022	0.002	agua
4.9929734380112345	-73.81944956538061	0.0195	0.0316	0.0136	0.0139	0.0069	0.0067	0.0022	0.0027	agua
4.992971983411386	-73.81864114081812	0.0179	0.029	0.0134	0.0142	0.007	0.0076	0.0025	0.0025	agua
4.992970527816351	-73.81783271649418	0.0117	0.0146	0.0072	0.0074	0.005	0.0054	0.003	0.0029	agua
4.992969071226131	-73.81702429240896	0.0121	0.0157	0.0086	0.0101	0.0083	0.0098	0.0063	0.006	agua
4.992967613640726	-73.81621586856265	0.0136	0.0205	0.0096	0.0099	0.0055	0.0036	0.0039	0.0046	agua
4.992966155060136	-73.81540744495538	0.0345	0.0548	0.0431	0.0503	0.0495	0.0211	0.0439	0.0413	agua
4.9921747056660015	-73.82430155573957	0.0244	0.0425	0.0192	0.0197	0.0073	0.007	0.0021	0.0024	agua
4.992173257272714	-73.8234931307373	0.024	0.0418	0.0185	0.0189	0.0073	0.0051	0.0023	0.0011	agua
4.992170357501042	-73.82187628144574	0.023	0.0412	0.0185	0.0187	0.0072	0.0053	0.0021	0.0017	agua
4.9921689061226555	-73.82106785715672	0.0234	0.0407	0.018	0.0192	0.0071	0.006	0.0017	0.0014	agua
4.992167453749242	-73.82025943310579	0.0218	0.038	0.0169	0.0171	0.0073	0.0065	0.0019	0.0019	agua
4.992166000380799	-73.8194510092931	0.0199	0.0343	0.015	0.0155	0.0068	0.0065	0.0018	0.0018	agua
4.992164546017327	-73.8186425857188	0.0108	0.0124	0.0054	0.0056	0.0036	0.0025	0.002	0.0031	agua
4.992163090658832	-73.81783416238308	0.0126	0.0143	0.007	0.0069	0.0042	0.0066	0.0029	0.0032	agua
4.992161634305312	-73.81702573928608	0.014	0.0191	0.0093	0.0097	0.0056	0.0046	0.0035	0.0036	agua
4.9921601769567685	-73.81621731642795	0.0153	0.0218	0.0105	0.0103	0.0063	0.005	0.0045	0.0047	agua
4.991367266600471	-73.82430299348727	0.0235	0.0407	0.019	0.0195	0.0076	0.0059	0.0022	0.002	agua
4.991365818442592	-73.82349456947307	0.0234	0.0412	0.0184	0.0191	0.0082	0.0054	0.0024	0.0019	agua
4.991364369289839	-73.82268614569647	0.0238	0.0427	0.0204	0.0221	0.0105	0.0059	0.0042	0.0043	agua
4.991362919142215	-73.8218777221576	0.0233	0.0411	0.0184	0.018	0.0073	0.0053	0.0017	0.0019	agua
4.991361467999722	-73.82106929885664	0.023	0.0416	0.0183	0.0188	0.0065	0.0056	0.0017	0.0015	agua
4.991360015862361	-73.82026087579376	0.0208	0.0358	0.0156	0.016	0.0064	0.0057	0.0016	0.0016	agua
4.991358562730134	-73.81945245296913	0.0171	0.028	0.0124	0.0124	0.0049	0.0053	0.0016	0.0019	agua
4.99135710860304	-73.81864403038288	0.0097	0.0112	0.005	0.0055	0.0027	0.003	0.0021	0.0022	agua
4.991355653481083	-73.8178356080352	0.0106	0.0126	0.0066	0.0073	0.0048	0.0036	0.0035	0.0037	agua
4.991354197364263	-73.81702718592624	0.0199	0.0326	0.0154	0.0154	0.0072	0.0052	0.0038	0.0039	agua
4.991352740252583	-73.81621876405617	0.0179	0.0275	0.0128	0.0132	0.0069	0.0064	0.0051	0.0051	agua
4.9905598275147165	-73.82430443099946	0.0241	0.0406	0.0184	0.0185	0.0078	0.0053	0.0019	0.0019	agua
4.990558379592243	-73.82349600797318	0.0269	0.0442	0.022	0.0231	0.0116	0.0088	0.0061	0.0043	agua
4.9905569306750595	-73.82268758518445	0.0347	0.0508	0.0256	0.0263	0.0139	0.0178	0.0067	0.0041	agua
4.990555480763166	-73.8218791626335	0.0232	0.0422	0.0186	0.0191	0.0074	0.0084	0.0014	0.0016	agua
4.990554029856564	-73.82107074032044	0.0215	0.0382	0.0172	0.0182	0.0075	0.0056	0.0015	0.002	agua
4.990552577955256	-73.82026231824544	0.0167	0.028	0.0118	0.0126	0.0053	0.0049	0.0017	0.0012	agua
4.990551125059243	-73.81945389640869	0.0114	0.0162	0.0065	0.0069	0.0036	0.005	0.0015	0.0017	agua
4.990549671168526	-73.81864547481032	0.0083	0.011	0.0046	0.0048	0.0028	0.003	0.0017	0.002	agua
4.9905482162831065	-73.81783705345053	0.0092	0.0118	0.0049	0.0054	0.0028	0.0027	0.0022	0.0019	agua
4.990546760402986	-73.81702863232947	0.0168	0.0267	0.0125	0.0125	0.0055	0.0041	0.0038	0.0053	agua
4.989752388408746	-73.82430586827618	0.0234	0.0406	0.0183	0.0188	0.0072	0.0064	0.0017	0.0021	agua
4.98975094072168	-73.82349744623764	0.0246	0.0421	0.0197	0.0212	0.0093	0.0033	0.0038	0.0038	agua
4.989749492040063	-73.82268902443664	0.0282	0.0475	0.0265	0.0285	0.0192	0.0176	0.0114	0.0098	agua
4.989748042363897	-73.8218806028734	0.0238	0.0425	0.0187	0.0198	0.0078	0.0077	0.0017	0.0013	agua
4.989746591693186	-73.82107218154808	0.0227	0.0397	0.0176	0.0185	0.007	0.0061	0.0014	0.0018	agua
4.989745140027931	-73.82026376046082	0.0191	0.0327	0.0142	0.014	0.0052	0.0045	0.0015	0.0012	agua
4.989743687368132	-73.81945533961179	0.0135	0.0215	0.0091	0.0092	0.0042	0.0048	0.0013	0.0015	agua
4.989742233713792	-73.81864691900115	0.0098	0.0135	0.0055	0.0058	0.0022	0.0028	0.0015	0.0025	agua
4.989740779064911	-73.81783849862909	0.0093	0.0125	0.005	0.0053	0.0026	0.0024	0.0017	0.0021	agua
4.98973932342149	-73.81703007849573	0.0122	0.0182	0.0085	0.0084	0.0043	0.0034	0.0034	0.0049	agua
4.988946395739837	-73.82511572660583	0.0235	0.0397	0.0181	0.0185	0.0068	0.0057	0.002	0.0018	agua
4.988944949282562	-73.82430730531743	0.023	0.0398	0.0178	0.0182	0.0062	0.0059	0.0018	0.0017	agua
4.988943501830899	-73.82349888426644	0.0228	0.0398	0.0183	0.0192	0.0077	0.0061	0.0016	0.0009	agua
4.988942053384849	-73.82269046345303	0.0233	0.0407	0.0185	0.0193	0.0079	0.0056	0.0022	0.0013	agua
4.988940603944412	-73.82188204287736	0.0261	0.0448	0.0223	0.0235	0.0116	0.0067	0.0047	0.0036	agua
4.988939153509592	-73.82107362253959	0.0227	0.0396	0.0191	0.0199	0.0091	0.0123	0.0037	0.0034	agua
4.988937702080388	-73.82026520243991	0.0168	0.0272	0.0112	0.0118	0.004	0.004	0.0013	0.0015	agua
4.988936249656803	-73.81945678257844	0.0119	0.0172	0.0072	0.0079	0.0037	0.0048	0.0012	0.0015	agua
4.988934796238837	-73.81864836295537	0.0111	0.0151	0.0059	0.0065	0.0023	0.0029	0.0013	0.0019	agua
4.988933341826493	-73.81783994357086	0.0093	0.0123	0.0051	0.0051	0.0022	0.0022	0.0013	0.0014	agua
4.988931886419771	-73.81703152442508	0.0103	0.0157	0.006	0.0066	0.0027	0.0019	0.0026	0.0024	agua
4.988138956358197	-73.82511716242418	0.0229	0.0399	0.0181	0.0185	0.0069	0.0058	0.002	0.0019	agua
4.9881375101361645	-73.8243087421232	0.0228	0.0402	0.018	0.0186	0.0071	0.0057	0.0019	0.0014	agua
4.988136062919907	-73.8235003220596	0.0229	0.0401	0.018	0.0189	0.0077	0.0064	0.0019	0.0024	agua
4.9881346147094225	-73.8226919022336	0.0232	0.0401	0.0181	0.0189	0.0077	0.0063	0.002	0.002	agua
4.988133165504714	-73.82188348264533	0.0231	0.041	0.0188	0.0192	0.0077	0.0061	0.002	0.0022	agua
4.988131715305784	-73.82107506329498	0.0234	0.0416	0.0186	0.0191	0.0076	0.0066	0.0024	0.0017	agua
4.988130264112631	-73.8202666441827	0.018	0.0306	0.0132	0.013	0.0039	0.0047	0.0014	0.0018	agua
4.988128811925259	-73.81945822530864	0.0101	0.0138	0.0057	0.0061	0.003	0.0042	0.0014	0.0016	agua
4.988127358743668	-73.81864980667297	0.0098	0.0127	0.005	0.0055	0.0022	0.0024	0.0013	0.0017	agua
4.988125904567861	-73.81784138827585	0.0093	0.0122	0.0046	0.0051	0.0015	0.0023	0.0014	0.0018	agua
4.987331516956348	-73.8251185980072	0.0227	0.0409	0.0187	0.0189	0.0071	0.0056	0.0016	0.0016	agua
4.98733007096956	-73.82431017869345	0.0229	0.0405	0.0185	0.0189	0.0074	0.0053	0.0016	0.0015	agua
4.987328623988704	-73.82350175961712	0.0228	0.0403	0.0183	0.0189	0.0075	0.0058	0.0016	0.0017	agua
4.987327176013786	-73.82269334077837	0.0231	0.0399	0.0179	0.0188	0.0077	0.0059	0.0016	0.0014	agua
4.987325727044806	-73.82188492217735	0.0231	0.0416	0.0185	0.0194	0.0074	0.0066	0.0015	0.0019	agua
4.987324277081765	-73.82107650381424	0.0231	0.0415	0.0186	0.0194	0.0075	0.0064	0.0016	0.0022	agua
4.987322826124661	-73.8202680856892	0.0144	0.0215	0.0092	0.0086	0.0044	0.0062	0.0014	0.0015	agua
4.987321374173502	-73.81945966780238	0.0133	0.0193	0.008	0.0083	0.003	0.0032	0.0011	0.0012	agua
4.987319921228286	-73.81865125015395	0.0101	0.0154	0.0057	0.0064	0.0022	0.0017	0.0013	0.0016	agua
4.987318467289014	-73.81784283274408	0.0098	0.0151	0.0056	0.0057	0.0016	0.0014	0.0015	0.0021	agua
4.986525522291939	-73.8259284519188	0.0238	0.0415	0.0189	0.0198	0.0073	0.0057	0.002	0.0013	agua
4.9865240775342965	-73.8251200333549	0.0234	0.0415	0.019	0.0194	0.0073	0.0062	0.0017	0.0016	agua
4.98652263178275	-73.82431161502825	0.0229	0.0411	0.0187	0.0193	0.0074	0.0058	0.0016	0.0016	agua
4.986521185037297	-73.823503196939	0.0229	0.0405	0.0183	0.0194	0.0069	0.006	0.0015	0.0018	agua
4.986519737297946	-73.82269477908733	0.0225	0.0401	0.0181	0.0185	0.0078	0.0059	0.0015	0.0015	agua
4.986518288564691	-73.8218863614734	0.0226	0.0402	0.0176	0.0184	0.0073	0.0061	0.0014	0.0018	agua
4.986516838837537	-73.82107794409737	0.0227	0.0411	0.018	0.0186	0.0073	0.0065	0.0014	0.0021	agua
4.986515388116485	-73.8202695269594	0.0202	0.035	0.0149	0.0147	0.0055	0.0053	0.0014	0.0017	agua
4.986513936401539	-73.81946111005966	0.0171	0.0288	0.0122	0.0119	0.0039	0.0036	0.0013	0.0011	agua
4.986512483692696	-73.8186526933983	0.0169	0.0291	0.0123	0.0124	0.0036	0.0024	0.0014	0.0016	agua
4.985718082614605	-73.82592988604426	0.0223	0.0394	0.0177	0.0178	0.0072	0.006	0.0019	0.0012	agua
4.985716638092044	-73.82512146846729	0.0227	0.0411	0.0186	0.0193	0.0072	0.0063	0.0018	0.0018	agua
4.9857151925757375	-73.82431305112755	0.0232	0.0413	0.0186	0.0192	0.0076	0.0061	0.0017	0.0018	agua
4.985713746065688	-73.82350463402523	0.0236	0.0425	0.0186	0.0196	0.0081	0.0059	0.0016	0.0018	agua
4.9857122985619	-73.82269621716048	0.0227	0.0416	0.0181	0.0194	0.0076	0.006	0.0016	0.0017	agua
4.985710850064372	-73.82188780053349	0.0223	0.0406	0.018	0.0184	0.0071	0.0058	0.0013	0.0017	agua
4.985709400573108	-73.82107938414437	0.022	0.0411	0.0182	0.0185	0.0066	0.0056	0.0013	0.0017	agua
4.985707950088106	-73.82027096799332	0.0219	0.0402	0.0176	0.0173	0.0061	0.0056	0.0012	0.0019	agua
4.985706498609369	-73.8194625520805	0.0177	0.0302	0.0133	0.0138	0.0051	0.0046	0.0015	0.0018	agua
4.985705046136899	-73.81865413640607	0.0205	0.0372	0.0167	0.0171	0.0048	0.0041	0.0017	0.0019	agua
4.984910642917074	-73.82593131993457	0.0215	0.0379	0.0168	0.0172	0.0068	0.0052	0.0018	0.0025	agua
4.984909198629591	-73.82512290334436	0.0225	0.0402	0.0181	0.0183	0.0067	0.0052	0.0019	0.0019	agua
4.9849077533485255	-73.8243144869914	0.0227	0.0412	0.0185	0.0192	0.0073	0.0055	0.0019	0.0019	agua
4.98490630707388	-73.82350607087584	0.0233	0.0425	0.0186	0.0203	0.0084	0.0074	0.0018	0.0018	agua
4.984904859805656	-73.82269765499785	0.023	0.0418	0.0186	0.0195	0.0075	0.0059	0.0018	0.0018	agua
4.984903411543852	-73.82188923935759	0.0222	0.0407	0.0179	0.0182	0.0069	0.0058	0.0013	0.0017	agua
4.984901962288475	-73.82108082395524	0.022	0.0411	0.018	0.018	0.0068	0.0055	0.0014	0.0013	agua
4.9849005120395224	-73.82027240879097	0.022	0.0404	0.0177	0.0181	0.006	0.0047	0.001	0.0021	agua
4.984899060796996	-73.8194639938649	0.0219	0.0403	0.0178	0.0184	0.006	0.0049	0.0015	0.0022	agua
4.98410031410112	-73.82431592261975	0.0226	0.041	0.0185	0.0199	0.0096	0.0068	0.002	0.002	agua
4.984098868061874	-73.82350750749079	0.0227	0.0411	0.0184	0.0195	0.0083	0.0076	0.0017	0.0014	agua
4.9840974210292135	-73.82269909259941	0.0225	0.0418	0.0185	0.0197	0.0075	0.0066	0.0017	0.0018	agua
4.984095973003137	-73.82189067794576	0.0221	0.0412	0.0177	0.019	0.0064	0.0056	0.0011	0.0017	agua
4.9840945239836465	-73.82108226353	0.0221	0.0409	0.0173	0.0184	0.0064	0.0047	0.0013	0.0019	agua
4.984093073970741	-73.8202738493523	0.0218	0.0408	0.0174	0.0183	0.0053	0.0047	0.0017	0.0022	agua
4.984091622964427	-73.81946543541284	0.0222	0.0405	0.018	0.0187	0.006	0.0046	0.0019	0.0022	agua
4.983289982232579	-73.82270052996518	0.0229	0.0417	0.0184	0.0194	0.0076	0.0058	0.0018	0.0016	agua
4.983288534442227	-73.82189211629795	0.0223	0.0417	0.0179	0.0185	0.0063	0.0057	0.0012	0.0017	agua
4.983287085658622	-73.82108370286863	0.0223	0.0413	0.0175	0.0181	0.0065	0.0047	0.0012	0.0018	agua
4.983285635881767	-73.82027528967737	0.0215	0.0406	0.0174	0.0182	0.0055	0.0048	0.0013	0.0017	agua
4.982481095861128	-73.82189355441419	0.0222	0.0422	0.0178	0.0189	0.0063	0.0058	0.0013	0.0015	agua
4.982479647313408	-73.82108514197114	0.0221	0.0415	0.0174	0.0187	0.0063	0.0046	0.0012	0.0017	agua
4.9824781977726	-73.82027672976616	0.0217	0.0403	0.0172	0.0177	0.0053	0.0049	0.0014	0.0013	agua
4.967228739210106	-73.8728501118145	0.035	0.051	0.0459	0.0857	0.163	0.2206	0.1771	0.1088	vegetacion
4.967227357518022	-73.87204170341289	0.0359	0.0529	0.0513	0.0873	0.1566	0.1767	0.1753	0.1073	vegetacion
4.967225974835831	-73.87123329523905	0.028	0.0443	0.0361	0.0743	0.1478	0.2028	0.1431	0.0815	vegetacion
4.966421285691781	-73.87285148327766	0.0345	0.0513	0.0476	0.0851	0.155	0.1626	0.1699	0.102	vegetacion
4.966419904225382	-73.8720430758592	0.0316	0.0474	0.0427	0.0795	0.1469	0.201	0.16	0.0954	vegetacion
4.966418521769039	-73.87123466866846	0.0233	0.0382	0.0283	0.0678	0.15	0.1621	0.1202	0.0647	vegetacion
4.966417138322753	-73.87042626170565	0.0232	0.0393	0.028	0.0706	0.1547	0.1645	0.1173	0.0631	vegetacion
4.966415753886528	-73.86961785497093	0.0169	0.0296	0.0207	0.0556	0.146	0.1805	0.0958	0.0485	vegetacion
4.965615212404294	-73.87366126117819	0.0295	0.0448	0.0331	0.0774	0.1719	0.1996	0.136	0.0772	vegetacion
4.965613832153364	-73.8728528545151	0.0255	0.0413	0.0314	0.0717	0.1543	0.1889	0.1323	0.0738	vegetacion
4.9656124509126505	-73.87204444807959	0.0252	0.0407	0.0306	0.0695	0.1479	0.1694	0.13	0.0726	vegetacion
4.965611068682157	-73.87123604187182	0.0272	0.0433	0.0348	0.0744	0.1525	0.1781	0.1305	0.0734	vegetacion
4.965609685461882	-73.87042763589197	0.0206	0.0336	0.0233	0.0608	0.1495	0.1827	0.1082	0.0569	vegetacion
4.965608301251827	-73.8696192301402	0.0178	0.0297	0.0242	0.0555	0.1377	0.1956	0.1068	0.0584	vegetacion
4.965606916051996	-73.86881082461666	0.0308	0.0452	0.0572	0.0929	0.1632	0.1897	0.2008	0.1186	vegetacion
4.965605529862387	-73.86800241932153	0.0292	0.0437	0.0434	0.0815	0.1661	0.1989	0.1699	0.0952	vegetacion
4.965604142683004	-73.86719401425496	0.0431	0.0746	0.0714	0.1237	0.212	0.2038	0.2482	0.1438	vegetacion
4.96480775862027	-73.8736626312071	0.0273	0.0413	0.0282	0.0703	0.1657	0.1921	0.1198	0.0644	vegetacion
4.964806378594864	-73.8728542255268	0.0243	0.0396	0.0283	0.0686	0.1544	0.1726	0.1213	0.0663	vegetacion
4.9648049975798365	-73.87204582007408	0.0285	0.0443	0.0359	0.072	0.1483	0.1745	0.1283	0.0727	vegetacion
4.964803615575189	-73.87123741484913	0.0232	0.0388	0.0273	0.0687	0.1563	0.1679	0.1153	0.0629	vegetacion
4.964802232580922	-73.87042900985207	0.0205	0.0357	0.0229	0.0635	0.1558	0.1972	0.1082	0.0564	vegetacion
4.964800848597039	-73.8696206050831	0.0252	0.0385	0.041	0.0782	0.1573	0.1818	0.1537	0.0883	vegetacion
4.96479946362354	-73.86881220054237	0.0312	0.0457	0.052	0.088	0.1626	0.1806	0.1919	0.115	vegetacion
4.964798077660425	-73.86800379623003	0.0352	0.0534	0.0585	0.0937	0.1648	0.222	0.2029	0.1218	vegetacion
4.964796690707699	-73.86719539214624	0.0469	0.0744	0.0849	0.1283	0.1931	0.1932	0.266	0.1632	vegetacion
4.96479530276536	-73.86638698829121	0.0386	0.0621	0.0634	0.1069	0.2032	0.2581	0.2289	0.1343	vegetacion
4.96479391383341	-73.86557858466504	0.0403	0.0618	0.067	0.1071	0.1726	0.2136	0.2342	0.1414	vegetacion
4.964000304816162	-73.87366400101043	0.0251	0.0406	0.0281	0.0693	0.1552	0.1961	0.1191	0.0639	vegetacion
4.96399892501628	-73.87285559631276	0.0245	0.0392	0.0296	0.0681	0.1424	0.1691	0.1204	0.0664	vegetacion
4.963997544226936	-73.87204719184268	0.0236	0.0385	0.0279	0.0664	0.1419	0.1701	0.1172	0.0641	vegetacion
4.963996162448136	-73.87123878760038	0.0153	0.0252	0.0186	0.0467	0.1299	0.175	0.0833	0.0431	vegetacion
4.963994779679878	-73.87043038358595	0.0165	0.0293	0.0195	0.0542	0.1467	0.1824	0.0914	0.046	vegetacion
4.963993395922166	-73.86962197979962	0.0239	0.0351	0.0383	0.069	0.1362	0.1849	0.1471	0.0869	vegetacion
4.963992011174999	-73.86881357624151	0.0202	0.0333	0.0258	0.0605	0.1405	0.1773	0.1144	0.0624	vegetacion
4.963990625438378	-73.86800517291181	0.0351	0.0604	0.0527	0.0975	0.1977	0.187	0.188	0.1082	vegetacion
4.963989238712306	-73.86719676981068	0.0434	0.0761	0.0625	0.1154	0.2548	0.2116	0.2359	0.1334	vegetacion
4.963987850996784	-73.86638836693825	0.0385	0.0596	0.0616	0.1017	0.1932	0.2864	0.1943	0.1141	vegetacion
4.963986462291814	-73.86557996429472	0.0268	0.0429	0.0394	0.0792	0.1789	0.2369	0.1602	0.0886	vegetacion
4.963985072597396	-73.86477156188025	0.0244	0.0414	0.0313	0.0738	0.1712	0.2166	0.1331	0.0722	vegetacion
4.963983681913532	-73.86396315969499	0.031	0.0436	0.0437	0.0798	0.1722	0.2155	0.1435	0.0862	vegetacion
4.963194229577037	-73.87447377453076	0.0248	0.0402	0.0272	0.0687	0.1547	0.182	0.1142	0.0612	vegetacion
4.963192850991977	-73.87366537058817	0.0231	0.0365	0.0254	0.0616	0.1413	0.1829	0.1104	0.0592	vegetacion
4.963191471417616	-73.87285696687299	0.022	0.038	0.0247	0.0661	0.1461	0.1808	0.1058	0.0554	vegetacion
4.963190090853958	-73.8720485633854	0.0255	0.0422	0.0312	0.0742	0.1533	0.1901	0.1231	0.0685	vegetacion
4.963188709301005	-73.87124016012557	0.0233	0.0388	0.0282	0.0681	0.1518	0.1826	0.1131	0.0614	vegetacion
4.963187326758755	-73.87043175709363	0.0169	0.0309	0.0194	0.0567	0.1504	0.1926	0.0952	0.0468	vegetacion
4.963185943227212	-73.86962335428976	0.0191	0.0321	0.0232	0.0587	0.1418	0.18	0.1082	0.0574	vegetacion
4.963184558706375	-73.86881495171413	0.0184	0.0308	0.0215	0.0578	0.1497	0.1706	0.1109	0.0581	vegetacion
4.963183173196248	-73.8680065493669	0.0441	0.0634	0.0674	0.1041	0.1777	0.1824	0.2083	0.1376	vegetacion
4.963181786696833	-73.86719814724822	0.0446	0.0757	0.0695	0.1211	0.2259	0.2141	0.2455	0.1441	vegetacion
4.9631803992081265	-73.86638974535828	0.0282	0.0442	0.0394	0.0768	0.1735	0.1813	0.1428	0.0795	vegetacion
4.963179010730134	-73.8655813436972	0.0306	0.0502	0.0457	0.0877	0.1781	0.2197	0.1854	0.1089	vegetacion
4.963177621262856	-73.8647729422652	0.0179	0.0349	0.0198	0.0658	0.1794	0.2072	0.123	0.0611	vegetacion
4.963176230806295	-73.86396454106242	0.0198	0.0325	0.0229	0.0611	0.1571	0.2054	0.1106	0.0577	vegetacion
4.963174839360449	-73.86315614008899	0.0214	0.0323	0.0292	0.0641	0.1549	0.1967	0.1207	0.067	vegetacion
4.963173446925322	-73.86234773934511	0.0292	0.0431	0.0414	0.0786	0.1613	0.1916	0.1425	0.0875	vegetacion
4.962386775507417	-73.87447514290064	0.0246	0.0382	0.0301	0.0662	0.139	0.182	0.1189	0.0666	vegetacion
4.962385397147716	-73.87366673994036	0.0218	0.0367	0.0246	0.0632	0.144	0.1638	0.1061	0.0563	vegetacion
4.962384017798879	-73.8728583372075	0.0231	0.0374	0.0266	0.0644	0.1443	0.1631	0.1116	0.0606	vegetacion
4.962382637460904	-73.87204993470223	0.0247	0.0393	0.03	0.0683	0.1454	0.1722	0.1166	0.0639	vegetacion
4.9623812561337965	-73.87124153242469	0.0273	0.039	0.0454	0.0756	0.1365	0.1789	0.158	0.0941	vegetacion
4.9623798738175555	-73.87043313037508	0.0211	0.0341	0.0289	0.0622	0.1434	0.1768	0.1204	0.0674	vegetacion
4.9623784905121795	-73.86962472855352	0.0236	0.0378	0.0301	0.0681	0.1398	0.1771	0.1298	0.0713	vegetacion
4.9623771062176765	-73.86881632696019	0.0236	0.0375	0.0296	0.0677	0.1447	0.1608	0.1332	0.0727	vegetacion
4.96237572093404	-73.86800792559526	0.0255	0.0397	0.0361	0.0728	0.1558	0.1873	0.1605	0.0938	vegetacion
4.962374334661278	-73.86719952445891	0.0216	0.0355	0.0252	0.0646	0.1776	0.207	0.1242	0.0653	vegetacion
4.962372947399389	-73.86639112355127	0.0287	0.0428	0.0419	0.0744	0.1568	0.1771	0.1409	0.0839	vegetacion
4.962371559148375	-73.8655827228725	0.0432	0.0639	0.0739	0.11	0.1614	0.2083	0.2509	0.1638	vegetacion
4.962370169908236	-73.8647743224228	0.0283	0.0392	0.0421	0.0752	0.1559	0.1992	0.1602	0.0948	vegetacion
4.962368779678975	-73.86396592220231	0.0382	0.0512	0.0545	0.0885	0.1606	0.2011	0.2054	0.1263	vegetacion
4.962367388460594	-73.8631575222112	0.0334	0.0467	0.044	0.0805	0.1634	0.2059	0.1762	0.109	vegetacion
4.961580698563085	-73.87528491325047	0.0318	0.0461	0.0367	0.0734	0.1526	0.1959	0.1324	0.0776	vegetacion
4.961579321417723	-73.8744765110451	0.0214	0.0372	0.024	0.0657	0.1542	0.2026	0.1077	0.0547	vegetacion
4.961577943283383	-73.87366810906698	0.0213	0.0364	0.0236	0.0622	0.1444	0.1846	0.1028	0.0543	vegetacion
4.961576564160066	-73.87285970731628	0.0233	0.0387	0.028	0.0687	0.1459	0.1744	0.116	0.0639	vegetacion
4.961575184047778	-73.87205130579316	0.026	0.0421	0.0319	0.0746	0.1552	0.1891	0.1236	0.0691	vegetacion
4.961573802946514	-73.87124290449778	0.0207	0.0356	0.0244	0.0645	0.1492	0.1792	0.1059	0.0553	vegetacion
4.961572420856278	-73.8704345034303	0.0156	0.0291	0.0188	0.0545	0.1471	0.1868	0.0932	0.0468	vegetacion
4.961571037777072	-73.86962610259091	0.032	0.0478	0.0494	0.0892	0.1604	0.1755	0.1751	0.102	vegetacion
4.961569653708898	-73.86881770197974	0.0284	0.0433	0.0428	0.0803	0.1522	0.1998	0.1606	0.0924	vegetacion
4.961568268651755	-73.86800930159697	0.0267	0.0401	0.0388	0.0731	0.1519	0.1934	0.1594	0.0921	vegetacion
4.961566882605647	-73.86720090144274	0.0228	0.0369	0.0303	0.0666	0.1583	0.1845	0.1368	0.0756	vegetacion
4.961565495570572	-73.86639250151725	0.0329	0.0478	0.0495	0.0787	0.1519	0.1345	0.1509	0.0928	vegetacion
4.961564107546536	-73.86558410182063	0.033	0.0492	0.0499	0.0867	0.1477	0.1821	0.1909	0.1183	vegetacion
4.961562718533537	-73.86477570235307	0.0238	0.0386	0.0307	0.0701	0.149	0.1866	0.1327	0.0755	vegetacion
4.960773244228126	-73.87528628018752	0.0258	0.0426	0.0307	0.074	0.1635	0.158	0.1273	0.0703	vegetacion
4.960771867307962	-73.87447787896416	0.0188	0.0333	0.0208	0.0593	0.1457	0.196	0.097	0.0485	vegetacion
4.960770489398981	-73.87366947796804	0.0191	0.0323	0.0211	0.0571	0.1391	0.1915	0.0993	0.0519	vegetacion
4.960769110501187	-73.87286107719933	0.0238	0.0393	0.0286	0.0699	0.1501	0.185	0.1149	0.0632	vegetacion
4.960767730614578	-73.87205267665821	0.0218	0.0377	0.0252	0.0664	0.1499	0.1806	0.1082	0.0568	vegetacion
4.960766349739162	-73.87124427634481	0.0211	0.0364	0.0245	0.0646	0.1458	0.1838	0.1077	0.0571	vegetacion
4.9607649678749315	-73.87043587625932	0.021	0.0344	0.0237	0.0619	0.1399	0.1732	0.1065	0.0586	vegetacion
4.960763585021894	-73.86962747640192	0.0296	0.0441	0.0457	0.0844	0.1576	0.1626	0.1688	0.0978	vegetacion
4.960762201180049	-73.86881907677274	0.0283	0.0412	0.0454	0.0814	0.1555	0.1934	0.1607	0.0915	vegetacion
4.960760816349399	-73.86801067737194	0.0226	0.0334	0.031	0.0641	0.1535	0.1819	0.1309	0.0718	vegetacion
4.960759430529944	-73.86720227819971	0.02	0.0327	0.0237	0.0587	0.1528	0.1838	0.1117	0.0585	vegetacion
4.960758043721685	-73.8663938792562	0.0215	0.0351	0.0278	0.0633	0.1452	0.2228	0.1268	0.0693	vegetacion
4.960756655924625	-73.86558548054157	0.0484	0.0683	0.0792	0.1119	0.1601	0.177	0.2322	0.1503	vegetacion
4.959965789873104	-73.87528764689935	0.0218	0.0383	0.0252	0.0677	0.1639	0.1884	0.115	0.0592	vegetacion
4.959964413178136	-73.87447924665781	0.0186	0.0329	0.0212	0.0585	0.1543	0.1804	0.0992	0.0521	vegetacion
4.959963035494516	-73.87367084664352	0.0186	0.033	0.0213	0.059	0.1448	0.1815	0.0994	0.0519	vegetacion
4.959961656822242	-73.87286244685666	0.0222	0.0382	0.0264	0.0687	0.1516	0.1776	0.1128	0.0604	vegetacion
4.959960277161316	-73.87205404729735	0.0216	0.0373	0.0243	0.0655	0.15	0.1863	0.1061	0.0558	vegetacion
4.9599588965117425	-73.87124564796581	0.0208	0.0362	0.0247	0.0667	0.1491	0.1972	0.1087	0.0573	vegetacion
4.959957514873519	-73.87043724886215	0.0216	0.0361	0.0251	0.0639	0.1392	0.1726	0.111	0.06	vegetacion
4.959956132246649	-73.86962884998655	0.0309	0.0456	0.0473	0.0827	0.1502	0.1622	0.1649	0.0986	vegetacion
4.959954748631134	-73.86882045133919	0.0253	0.0379	0.0416	0.0796	0.1596	0.2009	0.1521	0.0851	vegetacion
4.9599533640269735	-73.86801205292024	0.0177	0.0279	0.0274	0.0588	0.1456	0.2147	0.105	0.0551	vegetacion
4.95995197843417	-73.86720365472982	0.0201	0.0337	0.0245	0.064	0.1566	0.197	0.1072	0.0564	vegetacion
4.959950591852726	-73.86639525676813	0.0239	0.0362	0.0312	0.0669	0.1447	0.1639	0.1336	0.0757	vegetacion
4.959159710979297	-73.8760974128729	0.0204	0.0366	0.0228	0.0652	0.1627	0.1745	0.1069	0.0537	vegetacion
4.95915833549802	-73.87528901338594	0.021	0.0364	0.0237	0.0637	0.1579	0.2047	0.1094	0.0556	vegetacion
4.959156959028249	-73.87448061412607	0.0212	0.0367	0.0236	0.0636	0.1466	0.1839	0.1039	0.0538	vegetacion
4.959155581569986	-73.87367221509346	0.0173	0.0299	0.0196	0.0542	0.1386	0.198	0.0904	0.0458	vegetacion
4.959154203123233	-73.87286381628824	0.0204	0.0366	0.0232	0.065	0.1564	0.187	0.1052	0.0534	vegetacion
4.959152823687989	-73.87205541771063	0.0189	0.034	0.0211	0.0609	0.1543	0.177	0.0995	0.0499	vegetacion
4.959151443264259	-73.87124701936072	0.0201	0.0334	0.0234	0.0595	0.1429	0.1951	0.103	0.0549	vegetacion
4.959150061852041	-73.87043862123875	0.023	0.0358	0.0274	0.0634	0.1383	0.1645	0.1162	0.0644	vegetacion
4.959148679451338	-73.86963022334481	0.027	0.0397	0.0366	0.0707	0.1347	0.1649	0.1413	0.0841	vegetacion
4.959147296062151	-73.86882182567912	0.0293	0.0434	0.0427	0.0781	0.136	0.1881	0.1609	0.0984	vegetacion
4.959145911684482	-73.86801342824182	0.0186	0.0316	0.0279	0.0622	0.1412	0.1727	0.1135	0.0617	vegetacion
4.959144526318332	-73.86720503103307	0.0225	0.0343	0.0357	0.0712	0.1467	0.1879	0.1338	0.074	vegetacion
4.958352256359119	-73.87609877815272	0.0208	0.0372	0.0235	0.0663	0.1657	0.2069	0.1092	0.0555	vegetacion
4.958350881102876	-73.8752903796473	0.0194	0.0346	0.0213	0.0623	0.1571	0.2019	0.1044	0.0518	vegetacion
4.958349504858302	-73.87448198136893	0.022	0.037	0.0249	0.0643	0.1439	0.1854	0.1084	0.0578	vegetacion
4.958348127625397	-73.87367358331782	0.0197	0.0349	0.0232	0.0629	0.1479	0.1715	0.1037	0.0545	vegetacion
4.958346749404162	-73.87286518549412	0.0172	0.0326	0.0206	0.0606	0.1563	0.2028	0.0971	0.0489	vegetacion
4.958345370194602	-73.872056787898	0.0178	0.0334	0.0206	0.0619	0.1598	0.1973	0.1002	0.0498	vegetacion
4.958343989996714	-73.87124839052962	0.0222	0.0347	0.027	0.0623	0.1389	0.1954	0.1113	0.0623	vegetacion
4.958342608810502	-73.87043999338914	0.0235	0.0366	0.0292	0.0644	0.1341	0.1674	0.1225	0.0705	vegetacion
4.958341226635966	-73.86963159647672	0.0286	0.0416	0.0392	0.0721	0.1321	0.1766	0.1423	0.0846	vegetacion
4.958339843473108	-73.86882319979252	0.0238	0.0387	0.031	0.0703	0.1442	0.1545	0.1245	0.0698	vegetacion
4.958338459321927	-73.86801480333672	0.0219	0.0342	0.032	0.0674	0.1483	0.186	0.122	0.0681	vegetacion
4.957546175761925	-73.8769085409585	0.0188	0.0306	0.0258	0.0555	0.1278	0.1545	0.1026	0.0598	vegetacion
4.957544801718888	-73.87610014320748	0.0217	0.0362	0.0261	0.0644	0.1536	0.1604	0.1149	0.0619	vegetacion
4.957543426687679	-73.87529174568338	0.0204	0.0356	0.0231	0.0633	0.1566	0.1933	0.1093	0.0555	vegetacion
4.957542050668301	-73.87448334838638	0.0226	0.0392	0.0267	0.069	0.1565	0.1674	0.1141	0.0603	vegetacion
4.957540673660754	-73.87367495131663	0.0234	0.039	0.0285	0.0705	0.1466	0.197	0.1164	0.0644	vegetacion
4.957539295665038	-73.87286655447429	0.0233	0.0398	0.031	0.0701	0.1463	0.1716	0.1219	0.0683	vegetacion
4.957537916681158	-73.87205815785951	0.0219	0.037	0.0267	0.0663	0.1434	0.1813	0.1132	0.0634	vegetacion
4.957536536709113	-73.87124976147246	0.0251	0.0387	0.0332	0.0675	0.1303	0.1497	0.13	0.0775	vegetacion
4.9575351557489045	-73.87044136531333	0.0232	0.0352	0.029	0.0633	0.1322	0.16	0.121	0.07	vegetacion
4.9575337738005345	-73.86963296938225	0.0195	0.0332	0.0219	0.0622	0.1476	0.1957	0.1095	0.0578	vegetacion
4.957532390864003	-73.86882457367939	0.0256	0.0393	0.0352	0.0711	0.1425	0.1743	0.1308	0.0748	vegetacion
4.95673872087677	-73.87690990480698	0.0233	0.0382	0.0284	0.0671	0.1537	0.1921	0.1249	0.0701	vegetacion
4.956737347058606	-73.87610150803717	0.0243	0.0404	0.0296	0.0705	0.1598	0.1955	0.123	0.0668	vegetacion
4.956735972252431	-73.87529311149427	0.0209	0.0376	0.0246	0.068	0.1669	0.1934	0.1154	0.0582	vegetacion
4.956734596458247	-73.87448471517845	0.0233	0.039	0.0285	0.0695	0.1524	0.2192	0.1188	0.0653	vegetacion
4.956733219676057	-73.87367631908988	0.0238	0.0396	0.0296	0.0701	0.146	0.1775	0.1211	0.0669	vegetacion
4.956731841905861	-73.87286792322871	0.0273	0.0444	0.0403	0.0752	0.1402	0.183	0.1341	0.0786	vegetacion
4.95673046314766	-73.87205952759513	0.0241	0.0373	0.0317	0.0666	0.1295	0.1487	0.1299	0.0755	vegetacion
4.956729083401456	-73.87125113218927	0.0244	0.0384	0.0313	0.0681	0.1351	0.1724	0.1254	0.0734	vegetacion
4.956727702667252	-73.8704427370113	0.023	0.0367	0.0292	0.067	0.1409	0.1726	0.1181	0.0672	vegetacion
4.956726320945048	-73.8696343420614	0.0242	0.038	0.0295	0.0685	0.1526	0.1782	0.1281	0.0708	vegetacion
4.955931265971569	-73.87691126843056	0.0241	0.0398	0.0294	0.0699	0.1535	0.2008	0.124	0.0685	vegetacion
4.9559298923782755	-73.87610287264178	0.0195	0.0343	0.022	0.0619	0.1537	0.1807	0.1027	0.0518	vegetacion
4.955928517797132	-73.8752944770799	0.0202	0.0348	0.0223	0.0622	0.1508	0.188	0.1027	0.0517	vegetacion
4.955927142228144	-73.87448608174512	0.0225	0.0374	0.0269	0.0655	0.1454	0.1748	0.1138	0.0622	vegetacion
4.955925765671309	-73.87367768663756	0.0212	0.0361	0.0255	0.0648	0.1459	0.1815	0.1137	0.0615	vegetacion
4.95592438812663	-73.87286929175743	0.0254	0.0396	0.0341	0.0702	0.1296	0.1485	0.1355	0.0795	vegetacion
4.955923009594112	-73.87206089710486	0.0245	0.0378	0.0334	0.0689	0.1281	0.1607	0.1421	0.0828	vegetacion
4.95592163007375	-73.87125250268002	0.0225	0.0374	0.0293	0.0689	0.1425	0.1489	0.1308	0.0726	vegetacion
4.955920249565548	-73.87044410848308	0.0231	0.0352	0.0324	0.0656	0.1378	0.1591	0.1312	0.0744	vegetacion
4.955126554820106	-73.87852942212518	0.0221	0.0376	0.0328	0.0681	0.1362	0.1645	0.1164	0.0711	vegetacion
4.955125183427059	-73.87772102686392	0.0209	0.0344	0.0288	0.0627	0.1365	0.1806	0.1131	0.0645	vegetacion
4.955123811046325	-73.87691263182924	0.0254	0.0386	0.0325	0.0675	0.1451	0.1615	0.1285	0.0746	vegetacion
4.9551224376778995	-73.87610423702132	0.0209	0.0354	0.0231	0.0629	0.1467	0.1883	0.1008	0.0528	vegetacion
4.955121063321791	-73.87529584244032	0.0203	0.0358	0.0228	0.0629	0.152	0.1845	0.1031	0.053	vegetacion
4.955119687977996	-73.8744874480864	0.0215	0.0358	0.025	0.0642	0.1478	0.1852	0.1103	0.0587	vegetacion
4.955118311646518	-73.8736790539597	0.0247	0.039	0.0312	0.0694	0.139	0.1789	0.127	0.0728	vegetacion
4.955116934327358	-73.87287066006043	0.0244	0.0377	0.0321	0.068	0.1318	0.1717	0.1385	0.0803	vegetacion
4.955115556020517	-73.87206226638871	0.024	0.0376	0.0342	0.0691	0.13	0.1546	0.1448	0.0831	vegetacion
4.955114176725996	-73.87125387294473	0.0197	0.0326	0.0268	0.0639	0.148	0.1806	0.1243	0.0661	vegetacion
4.954320469606538	-73.87933917784453	0.0214	0.0343	0.0252	0.0614	0.1534	0.1596	0.111	0.0604	vegetacion
4.9543190994255655	-73.87853078333754	0.0244	0.0373	0.0325	0.0639	0.1373	0.1819	0.13	0.0796	vegetacion
4.954317728257066	-73.87772238905698	0.0222	0.0359	0.0294	0.0637	0.1484	0.173	0.1209	0.0679	vegetacion
4.954316356101039	-73.87691399500301	0.0237	0.0376	0.0292	0.0665	0.1543	0.1692	0.1218	0.0675	vegetacion
4.954314982957485	-73.8761056011758	0.0202	0.0348	0.0228	0.0617	0.15	0.1919	0.1052	0.0544	vegetacion
4.954313608826407	-73.8752972075755	0.0217	0.0367	0.0247	0.0643	0.1487	0.1765	0.1092	0.0583	vegetacion
4.954312233707805	-73.87448881420228	0.0282	0.0428	0.0366	0.0722	0.1417	0.1631	0.1334	0.0806	vegetacion
4.954310857601684	-73.87368042105629	0.0235	0.0379	0.0294	0.0678	0.1444	0.1885	0.1254	0.0714	vegetacion
4.954309480508041	-73.8728720281377	0.0318	0.0484	0.0491	0.0848	0.1411	0.1628	0.1901	0.1154	vegetacion
4.954308102426878	-73.8720636354467	0.0312	0.0469	0.0438	0.0795	0.1533	0.1519	0.1747	0.1026	vegetacion
4.953515750918643	-73.88095732558324	0.023	0.0352	0.0261	0.059	0.161	0.141	0.1092	0.06	vegetacion
4.953514382936794	-73.88014893160444	0.0249	0.0372	0.0288	0.0619	0.1603	0.1874	0.1154	0.0638	vegetacion
4.953513013967576	-73.87934053785175	0.0247	0.0381	0.0284	0.0639	0.1564	0.2234	0.116	0.0645	vegetacion
4.953511644010987	-73.8785321443253	0.0279	0.0419	0.0392	0.0696	0.1389	0.1659	0.1368	0.0846	vegetacion
4.953510273067034	-73.8777237510253	0.018	0.0297	0.0231	0.0544	0.1408	0.1899	0.0997	0.0538	vegetacion
4.953508901135714	-73.87691535795187	0.0212	0.0348	0.0264	0.0606	0.1478	0.1757	0.1078	0.0592	vegetacion
4.953507528217031	-73.87610696510521	0.0223	0.0358	0.0259	0.0622	0.1415	0.188	0.1102	0.0612	vegetacion
4.953506154310984	-73.87529857248545	0.0232	0.0374	0.0268	0.0646	0.1444	0.183	0.1137	0.0633	vegetacion
4.953504779417576	-73.87449018009275	0.02	0.0336	0.0228	0.0589	0.1388	0.1869	0.1047	0.0555	vegetacion
4.953503403536807	-73.87368178792731	0.0275	0.0408	0.0362	0.0711	0.1344	0.1694	0.1428	0.0885	vegetacion
4.953502026668681	-73.87287339598927	0.0358	0.054	0.0575	0.0925	0.1473	0.1683	0.1988	0.1249	vegetacion
4.9527110273653125	-73.88257547007971	0.0263	0.0392	0.0351	0.0655	0.1393	0.2525	0.1266	0.0787	vegetacion
4.952709661581944	-73.8817670766296	0.0165	0.0276	0.0205	0.0512	0.1345	0.203	0.0905	0.049	vegetacion
4.952708294811365	-73.88095868340527	0.0186	0.0308	0.0237	0.0563	0.1444	0.1689	0.1011	0.0533	vegetacion
4.952706927053577	-73.88015029040686	0.0208	0.0328	0.0249	0.0584	0.1423	0.2013	0.1048	0.0581	vegetacion
4.95270555830858	-73.87934189763455	0.0274	0.0407	0.0341	0.069	0.1546	0.206	0.1345	0.0791	vegetacion
4.952704188576376	-73.87853350508851	0.0242	0.0363	0.0301	0.0626	0.1395	0.1706	0.1219	0.0709	vegetacion
4.952702817856968	-73.87772511276887	0.0223	0.0352	0.0231	0.0598	0.1651	0.1838	0.1022	0.0514	vegetacion
4.952701446150357	-73.87691672067584	0.0255	0.0387	0.0308	0.0669	0.1473	0.2003	0.1192	0.0669	vegetacion
4.952700073456542	-73.87610832880954	0.0271	0.0422	0.033	0.0688	0.1582	0.2135	0.1191	0.0668	vegetacion
4.952698699775525	-73.87529993717017	0.0256	0.0394	0.0311	0.0666	0.1438	0.1669	0.127	0.0728	vegetacion
4.9526973251073105	-73.87449154575785	0.0241	0.0388	0.0296	0.0673	0.1469	0.1587	0.1232	0.0688	vegetacion
4.952695949451897	-73.87368315457279	0.0237	0.0395	0.0288	0.0695	0.1542	0.1677	0.1248	0.0697	vegetacion
4.951906298948483	-73.8841936113336	0.0195	0.0315	0.0226	0.0571	0.1368	0.1832	0.1048	0.055	vegetacion
4.951904935362952	-73.88338521841268	0.0209	0.0335	0.0223	0.0572	0.1519	0.2057	0.0995	0.0509	vegetacion
4.951903570790372	-73.8825768257172	0.0247	0.0359	0.0332	0.0621	0.1266	0.2358	0.1237	0.0775	vegetacion
4.951902205230739	-73.88176843324732	0.0213	0.034	0.0229	0.058	0.1562	0.1512	0.1014	0.0537	vegetacion
4.9519008386840575	-73.8809600410032	0.022	0.0352	0.026	0.0617	0.1471	0.1831	0.1125	0.0613	vegetacion
4.95189947115033	-73.88015164898503	0.022	0.0335	0.0266	0.058	0.1343	0.1965	0.1111	0.0635	vegetacion
4.9518981026295545	-73.87934325719294	0.0256	0.0382	0.0315	0.0664	0.1432	0.1667	0.1258	0.0738	vegetacion
4.951896733121735	-73.87853486562712	0.0254	0.0393	0.0277	0.0652	0.1688	0.1907	0.1137	0.0615	vegetacion
4.951895362626872	-73.87772647428771	0.0261	0.0405	0.0332	0.0687	0.1481	0.2022	0.1251	0.0715	vegetacion
4.951893991144968	-73.87691808317489	0.0238	0.0384	0.0267	0.0656	0.1599	0.1786	0.1115	0.0586	vegetacion
4.95189261867602	-73.87610969228881	0.0268	0.0437	0.0365	0.0729	0.1717	0.1953	0.123	0.0678	vegetacion
4.951891245220034	-73.87530130162965	0.0441	0.0665	0.0715	0.1054	0.1722	0.195	0.191	0.1228	vegetacion
4.951100204281757	-73.88500335695332	0.0269	0.0387	0.0347	0.0675	0.1355	0.1675	0.1346	0.0826	vegetacion
4.95109884190653	-73.88419496478718	0.0196	0.0317	0.0216	0.0555	0.1408	0.1694	0.0984	0.051	vegetacion
4.951097478544414	-73.88338657284632	0.0204	0.0328	0.0243	0.0586	0.141	0.1841	0.1022	0.0546	vegetacion
4.951096114195407	-73.8825781811309	0.0195	0.032	0.0231	0.057	0.1423	0.1641	0.1025	0.0546	vegetacion
4.951094748859509	-73.88176978964108	0.0203	0.0332	0.0243	0.0592	0.1386	0.1591	0.1042	0.0578	vegetacion
4.951093382536727	-73.88096139837705	0.0267	0.0379	0.0323	0.0628	0.1337	0.2332	0.125	0.0776	vegetacion
4.951092015227057	-73.88015300733893	0.0252	0.0362	0.0286	0.0605	0.1395	0.1646	0.1187	0.0691	vegetacion
4.951090646930503	-73.87934461652691	0.0259	0.0368	0.0309	0.0607	0.1345	0.1712	0.1241	0.0732	vegetacion
4.951089277647068	-73.87853622594115	0.0207	0.0334	0.0239	0.0577	0.1424	0.2122	0.1054	0.0573	vegetacion
4.951087907376748	-73.87772783558181	0.0246	0.0386	0.0259	0.0633	0.164	0.1823	0.1081	0.0556	vegetacion
4.9502954683402915	-73.88662149225117	0.023	0.0344	0.0351	0.0617	0.1226	0.1982	0.1299	0.0816	vegetacion
4.950294108161779	-73.88581310061487	0.0247	0.0358	0.0356	0.0619	0.1196	0.1479	0.124	0.0818	vegetacion
4.950292746996533	-73.88500470920353	0.0235	0.0357	0.0316	0.062	0.1304	0.1611	0.1192	0.0738	vegetacion
4.950291384844558	-73.8841963180173	0.0169	0.0287	0.0185	0.0531	0.141	0.18	0.093	0.0469	vegetacion
4.950290021705851	-73.88338792705636	0.021	0.0353	0.0235	0.0619	0.1568	0.1801	0.1035	0.0536	vegetacion
4.950288657580418	-73.88257953632085	0.0196	0.0331	0.0224	0.0599	0.1426	0.188	0.1009	0.0524	vegetacion
4.950287292468258	-73.88177114581094	0.0187	0.0316	0.0223	0.0578	0.1388	0.1761	0.0965	0.0509	vegetacion
4.9502859263693715	-73.8809627555268	0.0237	0.0367	0.0268	0.0621	0.1436	0.1796	0.1137	0.0649	vegetacion
4.9502845592837605	-73.88015436546858	0.0273	0.0395	0.0337	0.0661	0.1372	0.1796	0.139	0.0852	vegetacion
4.950283191211428	-73.87934597563647	0.0257	0.0359	0.0305	0.0582	0.13	0.1522	0.1268	0.0758	vegetacion
4.949488010589038	-73.8866228423186	0.0166	0.0278	0.0226	0.0516	0.1196	0.1489	0.0943	0.0542	vegetacion
4.949486650633452	-73.88581445166206	0.0244	0.037	0.0319	0.0643	0.1376	0.1746	0.1252	0.0752	vegetacion
4.949485289691295	-73.88500606123047	0.0273	0.0382	0.0359	0.0662	0.1292	0.1495	0.1353	0.085	vegetacion
4.949483927762569	-73.88419767102398	0.0245	0.036	0.0302	0.0629	0.1355	0.1646	0.1277	0.077	vegetacion
4.9494825648472744	-73.88338928104278	0.0192	0.0326	0.0227	0.0589	0.133	0.1656	0.1007	0.0559	vegetacion
4.9494812009454145	-73.88258089128702	0.022	0.0369	0.0252	0.0646	0.1554	0.1657	0.1092	0.0576	vegetacion
4.94947983605699	-73.88177250175686	0.0229	0.0373	0.0262	0.0662	0.163	0.185	0.1104	0.0583	vegetacion
4.949478470182	-73.88096411245246	0.0252	0.0388	0.0287	0.0657	0.1565	0.1948	0.118	0.0651	vegetacion
4.948680552817772	-73.88662419216308	0.0216	0.0332	0.0308	0.058	0.1228	0.1454	0.1057	0.0645	vegetacion
4.948679193085111	-73.88581580248612	0.0294	0.0412	0.0404	0.0699	0.1308	0.1689	0.1473	0.0968	vegetacion
4.948677832366042	-73.88500741303412	0.0259	0.0373	0.0317	0.0654	0.1369	0.1688	0.1283	0.0782	vegetacion
4.9486764706605655	-73.88419902380723	0.0316	0.0431	0.0419	0.0727	0.1333	0.1585	0.1516	0.0982	vegetacion
4.948675107968683	-73.88339063480561	0.0216	0.0344	0.0257	0.0614	0.1447	0.169	0.1125	0.0622	vegetacion
4.947873095026499	-73.8866255417846	0.0188	0.0298	0.0257	0.0547	0.1246	0.169	0.1053	0.0628	vegetacion
4.947871735516763	-73.88581715308707	0.0204	0.0322	0.0282	0.0586	0.1277	0.1498	0.1135	0.0686	vegetacion
4.9478703750207815	-73.8850087646145	0.0267	0.0384	0.0351	0.0662	0.1325	0.1702	0.1345	0.0863	vegetacion
4.946932102287256	-73.80983108490604	0.032	0.0496	0.0479	0.0878	0.1586	0.2198	0.1875	0.1148	vegetacion
4.946930649328507	-73.80902271928586	0.0437	0.0673	0.0749	0.1148	0.1856	0.184	0.2703	0.179	vegetacion
4.946127568839378	-73.81144925709336	0.043	0.0701	0.0663	0.1177	0.2232	0.2072	0.2512	0.1553	vegetacion
4.9461261180905005	-73.81064089197177	0.0301	0.0472	0.0487	0.085	0.172	0.2189	0.187	0.1195	vegetacion
4.946124666355829	-73.80983252709031	0.0299	0.0516	0.0487	0.0902	0.1817	0.1468	0.1922	0.1115	vegetacion
4.946123213635365	-73.8090241624491	0.0209	0.0334	0.032	0.0628	0.1436	0.211	0.1376	0.0775	vegetacion
4.94612175992911	-73.80821579804835	0.0182	0.0303	0.0224	0.0589	0.1613	0.2066	0.1276	0.0695	vegetacion
4.945323030476741	-73.81306742608693	0.0335	0.0496	0.0345	0.0818	0.1744	0.2369	0.1315	0.0784	vegetacion
4.945321581937094	-73.81225906146443	0.0267	0.0447	0.035	0.0788	0.1836	0.2058	0.1561	0.087	vegetacion
4.945320132411813	-73.8114506970817	0.038	0.0632	0.0589	0.1067	0.2077	0.303	0.2294	0.1368	vegetacion
4.945318681900898	-73.81064233293893	0.0349	0.0624	0.0554	0.1042	0.2127	0.1946	0.2196	0.1285	vegetacion
4.945317230404351	-73.80983396903626	0.0459	0.077	0.077	0.1237	0.2227	0.279	0.2589	0.1562	vegetacion
4.945315777922174	-73.80902560537388	0.0355	0.0565	0.0567	0.0975	0.1766	0.176	0.2122	0.1297	vegetacion
4.945314324454365	-73.80821724195192	0.0491	0.0788	0.084	0.1302	0.1992	0.1728	0.2723	0.1744	vegetacion
4.94531287000093	-73.80740887877057	0.0429	0.0717	0.0663	0.1167	0.2201	0.2257	0.2424	0.1469	vegetacion
4.944518487201283	-73.81468559188639	0.0331	0.0617	0.045	0.1055	0.2632	0.4238	0.2043	0.1095	vegetacion
4.944517040870226	-73.81387722776344	0.0329	0.0572	0.0408	0.0988	0.2259	0.365	0.176	0.0999	vegetacion
4.944515593553692	-73.81306886387996	0.0342	0.0491	0.0405	0.083	0.1556	0.1662	0.151	0.0949	vegetacion
4.944514145251685	-73.8122605002361	0.0465	0.0724	0.0815	0.1255	0.1911	0.1939	0.2756	0.1847	vegetacion
4.944512695964203	-73.81145213683203	0.041	0.0704	0.0645	0.1203	0.225	0.1945	0.2546	0.1565	vegetacion
4.944511245691251	-73.81064377366792	0.049	0.0799	0.084	0.1328	0.2241	0.2911	0.2746	0.1734	vegetacion
4.944509794432828	-73.8098354107439	0.0422	0.0746	0.0686	0.1208	0.2381	0.2656	0.2502	0.1443	vegetacion
4.944508342188935	-73.80902704806016	0.0454	0.0801	0.072	0.1268	0.2522	0.2827	0.2651	0.1576	vegetacion
4.944506888959574	-73.80821868561686	0.0394	0.0659	0.0594	0.1092	0.2125	0.2752	0.2221	0.1288	vegetacion
4.944505434744749	-73.80741032341415	0.054	0.0914	0.0854	0.1481	0.2522	0.2788	0.2913	0.1789	vegetacion
4.944503979544457	-73.8066019614522	0.0546	0.0976	0.0901	0.1596	0.2815	0.269	0.2856	0.169	vegetacion
4.9437153821527255	-73.8171121183532	0.0399	0.0678	0.056	0.1096	0.2532	0.1862	0.2083	0.1201	vegetacion
4.943713939014936	-73.81630375449134	0.0334	0.0684	0.0411	0.1063	0.3323	0.4254	0.2138	0.1095	vegetacion
4.943712494891826	-73.81549539086849	0.0289	0.0447	0.036	0.0727	0.1662	0.433	0.1476	0.0856	vegetacion
4.9437110497834	-73.81468702748477	0.0302	0.0477	0.0377	0.0848	0.203	0.1707	0.1685	0.0933	vegetacion
4.9437096036896575	-73.81387866434031	0.0275	0.0481	0.0323	0.0805	0.2039	0.2886	0.1494	0.0826	vegetacion
4.943708156610601	-73.81307030143533	0.0273	0.0416	0.0318	0.0709	0.1469	0.2887	0.1274	0.0763	vegetacion
4.943706708546231	-73.81226193876998	0.04	0.061	0.0693	0.1067	0.166	0.1836	0.2362	0.1561	vegetacion
4.943705259496549	-73.81145357634438	0.0586	0.0893	0.1038	0.1482	0.2122	0.2282	0.3017	0.2008	vegetacion
4.9437038094615575	-73.81064521415875	0.0572	0.0886	0.1015	0.1482	0.2178	0.3089	0.3065	0.2046	vegetacion
4.943702358441258	-73.80983685221322	0.0505	0.0843	0.0869	0.1404	0.248	0.2588	0.2827	0.1751	vegetacion
4.943700906435651	-73.80902849050797	0.0335	0.0584	0.0513	0.0948	0.1932	0.3189	0.1914	0.1082	vegetacion
4.9436994534447365	-73.80822012904314	0.0476	0.0755	0.0833	0.1277	0.1992	0.1887	0.2555	0.1586	vegetacion
4.94369799946852	-73.80741176781892	0.0471	0.0848	0.0695	0.1326	0.2624	0.269	0.2691	0.1581	vegetacion
4.94291082685028	-73.81873027726245	0.112	0.1556	0.1808	0.2166	0.2546	0.2158	0.382	0.2449	vegetacion
4.942909385919639	-73.81792191390151	0.1442	0.1885	0.2211	0.2419	0.2585	0.4079	0.3937	0.2548	vegetacion
4.942907944003835	-73.81711355077921	0.0518	0.0909	0.0828	0.1405	0.277	0.2786	0.2688	0.1582	vegetacion
4.942906501102875	-73.81630518789572	0.0543	0.0862	0.0906	0.1436	0.2507	0.3241	0.2869	0.1813	vegetacion
4.942905057216757	-73.81549682525119	0.0335	0.0473	0.0405	0.0731	0.1485	0.2784	0.1363	0.0876	vegetacion
4.942903612345483	-73.81468846284578	0.0793	0.1126	0.1248	0.1654	0.228	0.1652	0.2959	0.2001	vegetacion
4.942902166489055	-73.81388010067968	0.0212	0.0389	0.0247	0.0707	0.1912	0.2142	0.1347	0.0698	vegetacion
4.942900719647473	-73.81307173875302	0.0191	0.0351	0.0213	0.0637	0.1783	0.2593	0.132	0.0681	vegetacion
4.942899271820741	-73.81226337706599	0.0241	0.0386	0.0348	0.0697	0.1467	0.1839	0.1515	0.0887	vegetacion
4.942897823008859	-73.81145501561875	0.0484	0.0774	0.0818	0.1286	0.208	0.2245	0.2604	0.159	vegetacion
4.942896373211828	-73.81064665441143	0.0609	0.1002	0.103	0.1601	0.2551	0.2694	0.2945	0.18	vegetacion
4.94289492242965	-73.80983829344422	0.0528	0.088	0.0876	0.1432	0.2472	0.3268	0.2867	0.1754	vegetacion
4.9428934706623275	-73.8090299327173	0.0456	0.0806	0.0717	0.1271	0.2556	0.2417	0.2569	0.1507	vegetacion
4.94289201790986	-73.80822157223079	0.0343	0.0577	0.0456	0.0922	0.2327	0.3082	0.1906	0.1066	vegetacion
4.94289056417225	-73.80741321198488	0.0437	0.07	0.0703	0.1183	0.2165	0.368	0.2604	0.1667	vegetacion
4.942106266641462	-73.82034843297603	0.0584	0.0873	0.1009	0.1423	0.2093	0.2546	0.2761	0.1893	vegetacion
4.942104827917325	-73.81954007011649	0.0567	0.0854	0.0911	0.1434	0.2275	0.2408	0.2672	0.1768	vegetacion
4.942103388208188	-73.81873170749525	0.0411	0.0555	0.0549	0.0871	0.1515	0.1545	0.1824	0.1193	vegetacion
4.942101947514051	-73.81792334511249	0.0434	0.0604	0.0638	0.0966	0.1506	0.1261	0.2035	0.1403	vegetacion
4.942100505834914	-73.81711498296838	0.0412	0.0773	0.0581	0.1165	0.2733	0.2847	0.2343	0.1307	vegetacion
4.942099063170781	-73.81630662106306	0.0512	0.0887	0.0775	0.1367	0.2732	0.3631	0.2695	0.1601	vegetacion
4.942097619521653	-73.8154982593967	0.0668	0.0938	0.1005	0.1392	0.1996	0.2178	0.2572	0.18	vegetacion
4.942096174887531	-73.81468989796947	0.0883	0.1303	0.1506	0.1955	0.2531	0.2453	0.3411	0.2266	vegetacion
4.942094729268417	-73.81388153678154	0.0199	0.0358	0.0224	0.063	0.1743	0.2763	0.1241	0.0648	vegetacion
4.942093282664311	-73.81307317583305	0.0283	0.0531	0.0375	0.0923	0.2444	0.21	0.1831	0.097	vegetacion
4.9420918350752165	-73.81226481512418	0.0326	0.0549	0.049	0.0932	0.2043	0.2615	0.1802	0.1022	vegetacion
4.942090386501133	-73.8114564546551	0.0486	0.0807	0.0803	0.132	0.2389	0.3087	0.2532	0.1493	vegetacion
4.9420889369420635	-73.81064809442596	0.0419	0.0678	0.0664	0.1092	0.1992	0.2549	0.2383	0.1514	vegetacion
4.942087486398005	-73.8098397344369	0.0541	0.0918	0.0816	0.1402	0.2778	0.3193	0.2895	0.1764	vegetacion
4.942086034868967	-73.80903137468815	0.0385	0.0697	0.0579	0.1112	0.2456	0.3025	0.2314	0.1297	vegetacion
4.942084582354944	-73.8082230151798	0.0379	0.0679	0.0507	0.1062	0.2742	0.3013	0.2293	0.1253	vegetacion
4.941301701528204	-73.82196658549361	0.0521	0.0798	0.0719	0.1148	0.2393	0.1208	0.2047	0.1291	vegetacion
4.9413002650099305	-73.82115822313595	0.0507	0.0832	0.069	0.1238	0.2744	0.2052	0.2324	0.1388	vegetacion
4.941298827506815	-73.82034986101627	0.0513	0.0857	0.0824	0.1369	0.253	0.232	0.2902	0.1773	vegetacion
4.94129738901886	-73.81954149913474	0.0564	0.0871	0.0925	0.1429	0.2201	0.3174	0.3001	0.1942	vegetacion
4.941295949546065	-73.81873313749153	0.038	0.0564	0.0567	0.0955	0.1658	0.1546	0.2104	0.135	vegetacion
4.941294509088433	-73.81792477608678	0.0547	0.0806	0.0846	0.1228	0.2017	0.1922	0.2405	0.1567	vegetacion
4.941293067645963	-73.81711641492068	0.0561	0.0943	0.0837	0.1448	0.3058	0.2769	0.288	0.1772	vegetacion
4.941291625218658	-73.81630805399337	0.0594	0.0965	0.0985	0.1572	0.2739	0.3591	0.2999	0.1977	vegetacion
4.94129018180652	-73.81549969330503	0.044	0.0649	0.0614	0.1004	0.1847	0.3327	0.1772	0.1051	vegetacion
4.94128873740955	-73.81469133285582	0.0366	0.0528	0.0448	0.082	0.1539	0.3737	0.1512	0.0905	vegetacion
4.941287292027748	-73.8138829726459	0.0327	0.0452	0.0448	0.0748	0.1451	0.2257	0.1649	0.1054	vegetacion
4.941285845661116	-73.81307461267541	0.023	0.0434	0.027	0.0757	0.2864	0.1538	0.1603	0.0812	vegetacion
4.941284398309659	-73.81226625294454	0.0436	0.0758	0.0681	0.1265	0.244	0.237	0.2394	0.1376	vegetacion
4.941282949973372	-73.81145789345346	0.0442	0.0773	0.0705	0.1268	0.2421	0.2826	0.2471	0.1425	vegetacion
4.941281500652262	-73.81064953420233	0.0613	0.0949	0.1033	0.1506	0.2546	0.2502	0.2995	0.1893	vegetacion
4.941280050346329	-73.80984117519128	0.057	0.0964	0.0883	0.1463	0.2713	0.2619	0.2832	0.1687	vegetacion
4.941278599055572	-73.80903281642051	0.0461	0.0733	0.0669	0.1164	0.2334	0.2801	0.2474	0.1493	vegetacion
4.941277146779996	-73.80822445789018	0.0429	0.0632	0.0534	0.0927	0.2208	0.347	0.2005	0.1243	vegetacion
4.940497131512441	-73.8235847348148	0.0172	0.0268	0.021	0.0486	0.1522	0.2341	0.0966	0.0496	vegetacion
4.94049569719939	-73.82277637295954	0.042	0.0585	0.0559	0.086	0.1731	0.1791	0.1412	0.0941	vegetacion
4.940494261901657	-73.82196801134192	0.0686	0.105	0.0996	0.1521	0.2919	0.2081	0.2754	0.1765	vegetacion
4.940492825619242	-73.82115964996211	0.0525	0.0886	0.0764	0.1372	0.305	0.4132	0.255	0.1557	vegetacion
4.940491388352146	-73.8203512888203	0.0485	0.0885	0.0729	0.1397	0.2803	0.3364	0.2708	0.155	vegetacion
4.940489950100371	-73.81954292791663	0.0448	0.0738	0.0688	0.119	0.2261	0.3575	0.2615	0.16	vegetacion
4.940488510863919	-73.81873456725127	0.0474	0.0714	0.0729	0.1165	0.2021	0.1861	0.2423	0.156	vegetacion
4.94048707064279	-73.8179262068244	0.0303	0.0583	0.0403	0.0929	0.2672	0.3307	0.1962	0.1047	vegetacion
4.940485629436986	-73.81711784663614	0.0539	0.0895	0.0778	0.1417	0.3466	0.3217	0.2532	0.1675	vegetacion
4.940484187246509	-73.81630948668668	0.0539	0.0776	0.0776	0.1179	0.2064	0.385	0.2059	0.1395	vegetacion
4.94048274407136	-73.81550112697619	0.0326	0.048	0.0357	0.0771	0.1605	0.2146	0.1308	0.0802	vegetacion
4.94048129991154	-73.81469276750482	0.0426	0.0546	0.0539	0.0793	0.1312	0.157	0.172	0.1205	vegetacion
4.940479854767051	-73.81388440827273	0.019	0.0309	0.0232	0.0553	0.1473	0.1603	0.1159	0.0646	vegetacion
4.940478408637894	-73.8130760492801	0.0313	0.0468	0.04	0.0757	0.1695	0.1635	0.1508	0.0899	vegetacion
4.940476961524072	-73.8122676905271	0.0429	0.0789	0.0604	0.1224	0.2817	0.3005	0.2437	0.1334	vegetacion
4.940475513425584	-73.81145933201385	0.0397	0.0731	0.0601	0.1214	0.2598	0.3136	0.2399	0.1344	vegetacion
4.940474064342433	-73.81065097374055	0.0369	0.0712	0.0513	0.1108	0.2816	0.3664	0.2302	0.1212	vegetacion
4.94047261427462	-73.80984261570735	0.0403	0.079	0.0557	0.1221	0.2971	0.3779	0.2362	0.1267	vegetacion
4.9404711632221465	-73.80903425791442	0.0462	0.0718	0.0648	0.1123	0.2213	0.3484	0.2192	0.1353	vegetacion
4.939689691394648	-73.82358615847184	0.0305	0.0503	0.0425	0.081	0.1942	0.2359	0.1502	0.0926	vegetacion
4.9396882573171315	-73.82277779759427	0.0282	0.0433	0.0348	0.0693	0.1892	0.2079	0.1341	0.0723	vegetacion
4.9396868222550925	-73.82196943695435	0.0395	0.0644	0.0596	0.1085	0.2052	0.2975	0.2088	0.1251	vegetacion
4.9396853862085335	-73.82116107655224	0.0467	0.0794	0.0695	0.1283	0.2421	0.308	0.2269	0.1344	vegetacion
4.939683949177457	-73.82035271638813	0.0318	0.0502	0.0393	0.0853	0.1876	0.3601	0.16	0.0945	vegetacion
4.9396825111618625	-73.81954435646216	0.0293	0.0475	0.0368	0.0836	0.1963	0.1834	0.1626	0.0913	vegetacion
4.9396810721617515	-73.81873599677449	0.0434	0.0648	0.0726	0.109	0.1809	0.1321	0.2784	0.1921	vegetacion
4.939679632177126	-73.8179276373253	0.0582	0.0724	0.1048	0.1258	0.1497	0.306	0.3627	0.2813	vegetacion
4.939678191207987	-73.81711927811473	0.0291	0.0443	0.0321	0.0705	0.1546	0.3154	0.124	0.072	vegetacion
4.939676749254336	-73.81631091914296	0.0357	0.052	0.041	0.0866	0.1768	0.1585	0.1432	0.0872	vegetacion
4.939675306316176	-73.81550256041017	0.0279	0.0386	0.0344	0.0611	0.1167	0.224	0.1307	0.082	vegetacion
4.939673862393507	-73.81469420191648	0.0267	0.0399	0.036	0.0678	0.1357	0.1595	0.1478	0.0913	vegetacion
4.93967241748633	-73.81388584366208	0.0332	0.0513	0.0495	0.0886	0.1662	0.1393	0.1882	0.1165	vegetacion
4.939670971594646	-73.81307748564713	0.0319	0.0485	0.0482	0.0836	0.155	0.2219	0.18	0.1135	vegetacion
4.939669524718459	-73.8122691278718	0.0476	0.0796	0.0764	0.1297	0.2409	0.2921	0.2432	0.1449	vegetacion
4.939668076857769	-73.81146077033624	0.064	0.1035	0.1063	0.167	0.2589	0.3481	0.2986	0.1893	vegetacion
4.939666628012576	-73.81065241304061	0.0399	0.07	0.0545	0.1112	0.241	0.2668	0.209	0.1163	vegetacion
4.939665178182883	-73.8098440559851	0.0558	0.0854	0.0794	0.1289	0.2381	0.3697	0.249	0.1598	vegetacion
4.939663727368692	-73.80903569916985	0.0368	0.0535	0.0499	0.0854	0.1584	0.2568	0.1887	0.1196	vegetacion
4.9388822512568415	-73.8235875818933	0.0515	0.0814	0.0771	0.1283	0.2591	0.3066	0.2343	0.1517	vegetacion
4.938880817414857	-73.82277922199327	0.0524	0.0875	0.0816	0.1362	0.2808	0.2079	0.2426	0.1517	vegetacion
4.938879382588514	-73.8219708623309	0.0313	0.0493	0.0454	0.0869	0.1787	0.2996	0.1766	0.1032	vegetacion
4.9388779467778114	-73.82116250290633	0.0299	0.0444	0.0339	0.0754	0.159	0.2362	0.1363	0.0803	vegetacion
4.938876509982751	-73.82035414371975	0.0331	0.0513	0.0423	0.091	0.1997	0.2156	0.1628	0.0952	vegetacion
4.938875072203337	-73.81954578477131	0.0287	0.045	0.0351	0.0794	0.1883	0.2342	0.1485	0.0855	vegetacion
4.9388736334395675	-73.81873742606118	0.0366	0.0618	0.0565	0.1037	0.2116	0.3149	0.2202	0.1323	vegetacion
4.938872193691444	-73.81792906758952	0.0603	0.092	0.1065	0.1533	0.219	0.1647	0.318	0.2215	vegetacion
4.938870752958971	-73.81712070935647	0.0303	0.0435	0.032	0.0729	0.1572	0.217	0.1248	0.0755	vegetacion
4.938869311242147	-73.81631235136223	0.0337	0.0475	0.0381	0.0779	0.1551	0.1888	0.1371	0.0857	vegetacion
4.9388678685409735	-73.81550399360697	0.0298	0.0447	0.0423	0.0763	0.1477	0.2047	0.1682	0.1038	vegetacion
4.938866424855453	-73.8146956360908	0.0332	0.0557	0.0502	0.0957	0.1909	0.1368	0.1908	0.1126	vegetacion
4.938864980185588	-73.81388727881392	0.0328	0.0486	0.0496	0.0822	0.147	0.2034	0.1863	0.1154	vegetacion
4.93886353453138	-73.81307892177651	0.0352	0.0558	0.051	0.0933	0.185	0.1748	0.1924	0.1156	vegetacion
4.938862087892826	-73.81227056497869	0.0444	0.0718	0.0703	0.1191	0.2089	0.221	0.2263	0.1397	vegetacion
4.938860640269932	-73.81146220842065	0.0563	0.0943	0.0911	0.1528	0.2567	0.2864	0.2758	0.1681	vegetacion
4.938859191662698	-73.81065385210255	0.0566	0.0873	0.078	0.1334	0.2512	0.2877	0.2518	0.1568	vegetacion
4.938857742071125	-73.80984549602455	0.0539	0.0898	0.0789	0.1419	0.2608	0.2488	0.2625	0.1635	vegetacion
4.938076243721274	-73.82439736423937	0.0392	0.0579	0.0644	0.0953	0.1833	0.2074	0.1752	0.1133	vegetacion
4.938074811099021	-73.82358900507923	0.0382	0.0713	0.0554	0.1145	0.2672	0.3151	0.218	0.1214	vegetacion
4.938073377492571	-73.82278064615657	0.0277	0.0538	0.035	0.0849	0.2372	0.392	0.1678	0.0858	vegetacion
4.93807194290192	-73.82197228747155	0.0351	0.0533	0.0476	0.0927	0.1754	0.3883	0.1835	0.1111	vegetacion
4.938070507327073	-73.82116392902437	0.031	0.045	0.0339	0.0751	0.1532	0.1812	0.1251	0.0781	vegetacion
4.938069070768031	-73.82035557081515	0.033	0.0468	0.0438	0.0821	0.1544	0.2101	0.1657	0.1043	vegetacion
4.938067633224795	-73.8195472128441	0.0317	0.0463	0.0427	0.0795	0.1552	0.2337	0.1636	0.1017	vegetacion
4.938066194697366	-73.81873885511133	0.0268	0.041	0.0371	0.0732	0.1669	0.2078	0.1526	0.0876	vegetacion
4.938064755185746	-73.81793049761704	0.0427	0.0687	0.0577	0.1072	0.2494	0.3516	0.2084	0.1247	vegetacion
4.938063314689937	-73.81712214036138	0.035	0.05	0.0358	0.0807	0.1782	0.2149	0.1319	0.0793	vegetacion
4.9380618732099375	-73.8163137833445	0.031	0.0442	0.0337	0.0728	0.1604	0.2244	0.13	0.0793	vegetacion
4.938060430745752	-73.81550542656657	0.0283	0.0405	0.0383	0.069	0.1306	0.1694	0.1504	0.0936	vegetacion
4.938058987297382	-73.81469707002779	0.0297	0.0443	0.0459	0.0771	0.1425	0.2177	0.1771	0.1091	vegetacion
4.9380575428648275	-73.81388871372829	0.0477	0.083	0.0734	0.1358	0.2564	0.209	0.2684	0.1608	vegetacion
4.938056097448089	-73.81308035766821	0.0343	0.0632	0.0471	0.1004	0.2497	0.178	0.2122	0.1176	vegetacion
4.938054651047172	-73.81227200184776	0.0454	0.0852	0.0693	0.1322	0.2664	0.2568	0.2518	0.1422	vegetacion
4.938053203662073	-73.81146364626709	0.0442	0.0853	0.0616	0.1299	0.3052	0.3577	0.2476	0.1342	vegetacion
4.938051755292797	-73.81065529092632	0.0462	0.0814	0.0596	0.1297	0.2965	0.3476	0.233	0.1291	vegetacion
4.938050305939345	-73.80984693582569	0.0298	0.0461	0.0338	0.0727	0.1709	0.3682	0.139	0.0802	vegetacion
4.937268803308077	-73.82439878621251	0.0382	0.0602	0.0718	0.0983	0.1646	0.2073	0.1669	0.1085	vegetacion
4.9372673709211945	-73.82359042802958	0.0424	0.0713	0.0522	0.1063	0.2435	0.3671	0.1897	0.1015	vegetacion
4.937265937550276	-73.82278207008413	0.0455	0.0843	0.0663	0.1328	0.2856	0.3449	0.2446	0.1401	vegetacion
4.937264503195318	-73.82197371237635	0.0366	0.0548	0.0466	0.0923	0.177	0.243	0.174	0.1045	vegetacion
4.937263067856328	-73.82116535490637	0.0322	0.0457	0.0358	0.0756	0.1527	0.1894	0.1281	0.0785	vegetacion
4.937261631533301	-73.82035699767437	0.028	0.0413	0.0377	0.0742	0.1463	0.1669	0.1533	0.0949	vegetacion
4.937260194226245	-73.81954864068051	0.0257	0.04	0.0337	0.0716	0.1518	0.1862	0.1389	0.0833	vegetacion
4.937258755935155	-73.81874028392495	0.0247	0.0408	0.032	0.0719	0.1708	0.1774	0.145	0.0824	vegetacion
4.937257316660038	-73.81793192740787	0.0356	0.0625	0.0498	0.1001	0.2257	0.3324	0.198	0.1127	vegetacion
4.93725587640089	-73.81712357112941	0.0353	0.0507	0.0368	0.0857	0.1881	0.1892	0.1353	0.0811	vegetacion
4.937254435157718	-73.81631521508974	0.0306	0.0451	0.0353	0.0727	0.1554	0.1999	0.1337	0.082	vegetacion
4.93725299293052	-73.81550685928904	0.0298	0.0424	0.0413	0.0704	0.1302	0.1872	0.165	0.1082	vegetacion
4.9372515497192975	-73.81469850372744	0.0269	0.041	0.0399	0.0714	0.1416	0.1556	0.1678	0.1041	vegetacion
4.937250105524053	-73.81389014840512	0.0437	0.0806	0.0637	0.1276	0.2796	0.1815	0.2551	0.1465	vegetacion
4.937248660344788	-73.81308179332227	0.0393	0.0694	0.052	0.1032	0.2573	0.317	0.2223	0.1406	vegetacion
4.937247214181505	-73.81227343847901	0.0539	0.0973	0.0803	0.1507	0.2985	0.2956	0.2835	0.1642	vegetacion
4.9372457670342005	-73.81146508387552	0.0487	0.0867	0.069	0.1367	0.289	0.3737	0.2611	0.1477	vegetacion
4.9372443189028825	-73.81065672951198	0.0307	0.0509	0.0343	0.0813	0.1989	0.3871	0.1496	0.0825	vegetacion
4.936461362874876	-73.82440020795025	0.0472	0.0795	0.0731	0.1242	0.2406	0.2693	0.2352	0.1386	vegetacion
4.936459930723363	-73.82359185074438	0.0239	0.0385	0.0335	0.0692	0.168	0.1426	0.1258	0.0694	vegetacion
4.936458497587975	-73.82278349377599	0.013	0.0194	0.0151	0.0349	0.1088	0.2127	0.0732	0.04	vegetacion
4.936457063468711	-73.82197513704526	0.0214	0.0328	0.02	0.0537	0.1784	0.1751	0.1009	0.053	vegetacion
4.936455628365575	-73.82116678055232	0.0275	0.0408	0.0334	0.0702	0.1496	0.1993	0.1394	0.0847	vegetacion
4.936454192278565	-73.82035842429738	0.025	0.0381	0.0325	0.0669	0.1367	0.1867	0.1394	0.0837	vegetacion
4.936452755207685	-73.81955006828058	0.0267	0.04	0.0359	0.0685	0.1374	0.1679	0.1469	0.0906	vegetacion
4.936451317152936	-73.81874171250206	0.0295	0.0505	0.0412	0.0863	0.2036	0.1726	0.1876	0.1041	vegetacion
4.936449878114319	-73.81793335696202	0.0307	0.0539	0.0387	0.0898	0.2382	0.3189	0.1882	0.1009	vegetacion
4.936448438091836	-73.8171250016606	0.0293	0.0433	0.0295	0.0711	0.1599	0.2273	0.1219	0.0725	vegetacion
4.936446997085488	-73.81631664659798	0.029	0.0419	0.0372	0.0685	0.1364	0.1729	0.1531	0.095	vegetacion
4.936445555095276	-73.81550829177432	0.0257	0.0388	0.0329	0.0653	0.1357	0.1529	0.1489	0.0932	vegetacion
4.936444112121202	-73.81469993718976	0.0203	0.0355	0.0264	0.0628	0.1594	0.1594	0.1289	0.0698	vegetacion
4.936442668163267	-73.81389158284449	0.0313	0.0582	0.044	0.0984	0.214	0.1828	0.1917	0.1039	vegetacion
4.936441223221474	-73.81308322873865	0.0441	0.0802	0.0657	0.1263	0.3097	0.2559	0.2323	0.1374	vegetacion
4.936439777295822	-73.81227487487244	0.0569	0.093	0.0818	0.1455	0.2869	0.3603	0.2626	0.1604	vegetacion
4.936438330386314	-73.81146652124598	0.0368	0.0591	0.0468	0.0941	0.1997	0.3328	0.1733	0.1003	vegetacion
4.936436882492952	-73.81065816785946	0.0462	0.0624	0.0703	0.0927	0.1422	0.148	0.2199	0.1514	vegetacion
4.9356539224216744	-73.8244016294526	0.0494	0.0893	0.0753	0.1361	0.272	0.3393	0.2613	0.1499	vegetacion
4.935652490505532	-73.82359327322362	0.0313	0.0521	0.0429	0.083	0.1936	0.3602	0.1589	0.09	vegetacion
4.935651057605673	-73.82278491723213	0.0174	0.0268	0.0248	0.0498	0.1228	0.1115	0.1158	0.0651	vegetacion
4.935649623722103	-73.82197656147828	0.0286	0.0439	0.0374	0.0755	0.1603	0.2653	0.1503	0.0885	vegetacion
4.935648188854819	-73.82116820596225	0.0309	0.0451	0.0408	0.0749	0.136	0.1908	0.1562	0.0971	vegetacion
4.935646753003826	-73.82035985068418	0.0228	0.0365	0.0293	0.0666	0.1437	0.1328	0.1364	0.0791	vegetacion
4.935645316169123	-73.81955149564426	0.0254	0.0411	0.0336	0.0706	0.1502	0.1789	0.1443	0.0848	vegetacion
4.935643878350713	-73.81874314084264	0.027	0.0512	0.0348	0.0839	0.2501	0.2941	0.2023	0.1071	vegetacion
4.935642439548595	-73.81793478627948	0.0279	0.0485	0.0358	0.0814	0.2074	0.3153	0.1747	0.0953	vegetacion
4.935640999762776	-73.81712643195495	0.0344	0.0481	0.0425	0.078	0.1521	0.1783	0.1593	0.1015	vegetacion
4.935639558993253	-73.8163180778692	0.0353	0.0504	0.0539	0.0841	0.137	0.1684	0.2165	0.1478	vegetacion
4.935638117240026	-73.81550972402242	0.0223	0.0371	0.0287	0.0629	0.1409	0.1461	0.1389	0.0813	vegetacion
4.935636674503099	-73.81470137041474	0.0252	0.0441	0.0371	0.0781	0.1668	0.1504	0.1634	0.0929	vegetacion
4.935635230782474	-73.81389301704635	0.0504	0.0884	0.0797	0.1432	0.2536	0.1798	0.2595	0.1563	vegetacion
4.935633786078152	-73.8130846639174	0.0614	0.0968	0.1036	0.1583	0.2689	0.3078	0.2971	0.1946	vegetacion
4.935632340390132	-73.81227631102804	0.0315	0.0527	0.0391	0.084	0.192	0.3684	0.1687	0.0984	vegetacion
4.935630893718418	-73.81146795837846	0.0414	0.0563	0.0578	0.0926	0.1708	0.1623	0.182	0.1242	vegetacion
4.935629446063012	-73.81065960596882	0.0491	0.0684	0.0774	0.1053	0.1595	0.1596	0.213	0.145	vegetacion
4.934847912645696	-73.82521140620914	0.0504	0.0913	0.0805	0.1446	0.2799	0.323	0.2694	0.1553	vegetacion
4.934846481948474	-73.82440305071957	0.0545	0.0964	0.0867	0.1488	0.2663	0.3438	0.2772	0.1645	vegetacion
4.9348450502676995	-73.8235946954673	0.05	0.0823	0.0826	0.1303	0.2377	0.2301	0.2564	0.162	vegetacion
4.934843617603372	-73.82278634045255	0.0534	0.0842	0.0899	0.1353	0.2194	0.2885	0.2685	0.1746	vegetacion
4.934842183955493	-73.82197798567545	0.0389	0.0598	0.0554	0.0989	0.1773	0.278	0.1858	0.1143	vegetacion
4.934840749324062	-73.82116963113613	0.0244	0.0361	0.0292	0.0605	0.1279	0.1594	0.1141	0.07	vegetacion
4.934839313709085	-73.8203612768348	0.0248	0.0432	0.0331	0.0768	0.1674	0.1824	0.1559	0.0886	vegetacion
4.934837877110558	-73.81955292277159	0.0352	0.0638	0.0502	0.1018	0.2325	0.167	0.2212	0.1267	vegetacion
4.934836439528486	-73.8187445689467	0.0495	0.0803	0.0718	0.1238	0.2663	0.3305	0.2453	0.1528	vegetacion
4.93483500096287	-73.81793621536026	0.0424	0.0622	0.0613	0.1023	0.199	0.2547	0.1987	0.1199	vegetacion
4.934833561413712	-73.81712786201244	0.0409	0.0617	0.0659	0.1038	0.1696	0.1643	0.2437	0.1599	vegetacion
4.934832120881011	-73.81631950890342	0.0435	0.0688	0.0743	0.1156	0.1983	0.1656	0.2799	0.188	vegetacion
4.9348306793647705	-73.81551115603335	0.0445	0.0746	0.0605	0.1164	0.315	0.2212	0.2191	0.1279	vegetacion
4.934829236864991	-73.8147028034024	0.0472	0.0864	0.0683	0.1313	0.2819	0.3812	0.2397	0.1337	vegetacion
4.934827793381674	-73.81389445101071	0.0534	0.0882	0.0756	0.1295	0.2747	0.3075	0.2458	0.1493	vegetacion
4.934826348914822	-73.81308609885848	0.0591	0.0988	0.0882	0.1556	0.2939	0.3491	0.2935	0.1806	vegetacion
4.934824903464436	-73.81227774694584	0.0653	0.0851	0.1052	0.1328	0.1792	0.1477	0.2849	0.2159	vegetacion
4.934823457030515	-73.81146939527295	0.0541	0.0826	0.0971	0.1293	0.1997	0.2722	0.2448	0.1747	vegetacion
4.934040471917294	-73.82521282626413	0.0412	0.0796	0.056	0.1189	0.3082	0.3987	0.2281	0.1224	vegetacion
4.93403904145528	-73.82440447175114	0.044	0.0837	0.0674	0.1302	0.2771	0.3118	0.2455	0.1374	vegetacion
4.934037610009874	-73.82359611747546	0.0461	0.0671	0.0757	0.1078	0.1693	0.3664	0.2677	0.1861	vegetacion
4.934036177581075	-73.82278776343728	0.0513	0.0745	0.0897	0.1226	0.1786	0.2091	0.2862	0.2034	vegetacion
4.934034744168887	-73.82197940963671	0.0349	0.049	0.0496	0.0833	0.1476	0.3042	0.193	0.1291	vegetacion
4.9340333097733104	-73.82117105607398	0.0296	0.0425	0.037	0.0713	0.1391	0.1767	0.1392	0.0846	vegetacion
4.934031874394346	-73.8203627027492	0.0268	0.0426	0.0366	0.0767	0.1599	0.1881	0.1538	0.0887	vegetacion
4.934030438031996	-73.81955434966257	0.0399	0.0706	0.0559	0.112	0.2458	0.1742	0.2406	0.1395	vegetacion
4.934029000686263	-73.81874599681423	0.0453	0.0732	0.0699	0.1147	0.228	0.3019	0.2871	0.1844	vegetacion
4.934027562357146	-73.81793764420435	0.0466	0.0675	0.0686	0.1087	0.1945	0.2086	0.216	0.128	vegetacion
4.934026123044649	-73.8171292918331	0.0401	0.0686	0.0659	0.1117	0.2096	0.1812	0.2311	0.1407	vegetacion
4.934024682748772	-73.81632093970063	0.0393	0.0739	0.06	0.1169	0.2643	0.2919	0.2257	0.1254	vegetacion
4.934023241469516	-73.81551258780712	0.0493	0.0793	0.0788	0.1243	0.2272	0.3577	0.2387	0.1436	vegetacion
4.934021799206883	-73.8147042361527	0.0398	0.0679	0.0582	0.1115	0.2417	0.2823	0.2259	0.127	vegetacion
4.934020355960875	-73.81389588473759	0.0544	0.0931	0.0798	0.1401	0.284	0.4015	0.2539	0.1493	vegetacion
4.934018911731492	-73.8130875335619	0.0506	0.0811	0.0768	0.1305	0.2272	0.3577	0.2608	0.1635	vegetacion
4.934017466518736	-73.81227918262582	0.0538	0.0781	0.0909	0.1206	0.1695	0.1797	0.253	0.1819	vegetacion
4.93401602032261	-73.8114708319295	0.0391	0.0564	0.0582	0.086	0.162	0.1898	0.1857	0.1224	vegetacion
4.933233031168904	-73.82521424608392	0.0608	0.0974	0.0868	0.1431	0.2825	0.351	0.259	0.1553	vegetacion
4.933231600942096	-73.82440589254732	0.0431	0.08	0.0619	0.1226	0.2885	0.3835	0.2421	0.1376	vegetacion
4.933230169732056	-73.82359753924806	0.0504	0.0914	0.0789	0.1427	0.2768	0.3183	0.2603	0.1514	vegetacion
4.933228737538787	-73.82278918618627	0.0477	0.0817	0.0771	0.1315	0.2529	0.1244	0.2651	0.162	vegetacion
4.933227304362289	-73.82198083336212	0.0387	0.0503	0.0501	0.08	0.144	0.1917	0.1764	0.1181	vegetacion
4.9332258702025635	-73.82117248077579	0.0367	0.0492	0.0483	0.0798	0.1404	0.164	0.1734	0.1168	vegetacion
4.933224435059614	-73.82036412842741	0.0267	0.0432	0.0377	0.0782	0.1693	0.1668	0.1558	0.0892	vegetacion
4.933222998933441	-73.81955577631719	0.0367	0.056	0.0509	0.0927	0.1961	0.1893	0.194	0.1146	vegetacion
4.933221561824045	-73.81874742444525	0.0389	0.0528	0.0529	0.0805	0.141	0.3438	0.1752	0.1121	vegetacion
4.933220123731427	-73.81793907281177	0.038	0.0587	0.057	0.0958	0.1759	0.3078	0.212	0.1291	vegetacion
4.933218684655591	-73.81713072141692	0.0259	0.0578	0.0295	0.0935	0.3268	0.2636	0.1938	0.0985	vegetacion
4.933217244596536	-73.81632237026083	0.0411	0.0715	0.0567	0.1102	0.2806	0.2941	0.2414	0.1369	vegetacion
4.933215803554264	-73.81551401934371	0.0502	0.0779	0.0784	0.1254	0.2185	0.2834	0.287	0.1893	vegetacion
4.933214361528777	-73.8147056686657	0.0462	0.0772	0.0651	0.1233	0.2534	0.2946	0.2618	0.1625	vegetacion
4.933212918520076	-73.81389731822696	0.046	0.0688	0.0666	0.1071	0.1953	0.2436	0.2631	0.1766	vegetacion
4.9332114745281626	-73.81308896802767	0.0724	0.1037	0.1248	0.1647	0.2238	0.3192	0.3369	0.2393	vegetacion
4.933210029553037	-73.81228061806797	0.0394	0.0613	0.0559	0.105	0.2195	0.1864	0.1945	0.1278	vegetacion
4.932427019409059	-73.82602401846596	0.0478	0.0816	0.0655	0.1236	0.2798	0.3661	0.2367	0.1381	vegetacion
4.932425590400526	-73.82521566566847	0.0479	0.0836	0.0774	0.1366	0.2421	0.313	0.2671	0.1583	vegetacion
4.932424160408923	-73.82440731310813	0.0443	0.085	0.0679	0.1347	0.2698	0.3709	0.2467	0.1359	vegetacion
4.932422729434249	-73.8235989607851	0.0596	0.0994	0.0899	0.1548	0.2972	0.2792	0.2841	0.1712	vegetacion
4.932421297476507	-73.82279060869956	0.058	0.092	0.0958	0.149	0.264	0.3621	0.2936	0.1865	vegetacion
4.932419864535699	-73.82198225685165	0.0343	0.0456	0.0458	0.0752	0.1326	0.2935	0.1684	0.1103	vegetacion
4.932418430611828	-73.82117390524157	0.0513	0.0686	0.0782	0.1074	0.1556	0.1604	0.248	0.1798	vegetacion
4.93241699570489	-73.82036555386945	0.0452	0.062	0.0628	0.0943	0.1614	0.1679	0.1849	0.1188	vegetacion
4.932415559814892	-73.81955720273544	0.0302	0.044	0.0354	0.0721	0.1611	0.2059	0.1427	0.087	vegetacion
4.932414122941834	-73.81874885183974	0.0391	0.0525	0.0528	0.0824	0.1465	0.1561	0.1835	0.1197	vegetacion
4.932412685085714	-73.8179405011825	0.0243	0.0405	0.0331	0.0711	0.1595	0.1727	0.1613	0.092	vegetacion
4.932411246246538	-73.81713215076388	0.0288	0.0622	0.0328	0.0992	0.3448	0.2432	0.2147	0.1137	vegetacion
4.932409806424306	-73.81632380058404	0.0463	0.0765	0.0675	0.1173	0.2627	0.5181	0.2657	0.1605	vegetacion
4.932408365619017	-73.81551545064315	0.0476	0.0727	0.0747	0.1153	0.2074	0.2137	0.2973	0.2045	vegetacion
4.932406923830675	-73.81470710094136	0.0415	0.0652	0.0541	0.1084	0.2486	0.2383	0.2308	0.1524	vegetacion
4.9324054810592814	-73.81389875147886	0.0499	0.0755	0.0706	0.122	0.2567	0.3409	0.2543	0.1649	vegetacion
4.932404037304837	-73.8130904022558	0.0687	0.0996	0.1211	0.1589	0.2147	0.2176	0.3023	0.2132	vegetacion
4.932402592567344	-73.81228205327233	0.0475	0.0714	0.0719	0.1174	0.209	0.2195	0.207	0.1386	vegetacion
4.931619578385654	-73.82602543683919	0.0406	0.0703	0.0621	0.1117	0.2294	0.2995	0.2159	0.128	vegetacion
4.931618149612163	-73.8252170850178	0.057	0.0972	0.0957	0.1529	0.2529	0.2527	0.2766	0.1722	vegetacion
4.931616719855763	-73.82440873343354	0.0509	0.0908	0.0818	0.1423	0.2686	0.3239	0.2551	0.155	vegetacion
4.931615289116456	-73.82360038208661	0.0533	0.0867	0.078	0.1383	0.2664	0.3161	0.2588	0.158	vegetacion
4.931613857394243	-73.82279203097715	0.0938	0.1281	0.1192	0.1779	0.3139	0.3759	0.2737	0.1734	vegetacion
4.931612424689124	-73.82198368010533	0.0371	0.0517	0.0495	0.0859	0.1723	0.2786	0.1858	0.1168	vegetacion
4.9316109910011035	-73.82117532947132	0.0455	0.0633	0.0625	0.0996	0.1764	0.1491	0.1986	0.1318	vegetacion
4.931609556330181	-73.82036697907526	0.0328	0.0452	0.0369	0.0723	0.1522	0.1907	0.1434	0.0893	vegetacion
4.931608120676358	-73.81955862891735	0.026	0.0388	0.0283	0.0622	0.1515	0.1817	0.1279	0.0765	vegetacion
4.931606684039633	-73.81875027899773	0.0307	0.0455	0.0416	0.0781	0.1587	0.1786	0.1684	0.1046	vegetacion
4.9316052464200135	-73.81794192931656	0.0307	0.0501	0.045	0.0861	0.1787	0.1961	0.1961	0.1168	vegetacion
4.9316038078174955	-73.81713357987401	0.0365	0.0669	0.0495	0.1012	0.2655	0.2951	0.2355	0.1327	vegetacion
4.9316023682320855	-73.81632523067024	0.051	0.0873	0.0743	0.1277	0.2768	0.289	0.2748	0.1622	vegetacion
4.93160092766378	-73.81551688170542	0.0462	0.0823	0.0634	0.1234	0.295	0.3931	0.2574	0.1523	vegetacion
4.9315994861125825	-73.81470853297971	0.0441	0.0681	0.0634	0.1061	0.206	0.3163	0.2744	0.1894	vegetacion
4.931598043578496	-73.81390018449326	0.0608	0.0911	0.0982	0.1468	0.2447	0.2391	0.2978	0.1969	vegetacion
4.931596600061519	-73.81309183624627	0.0437	0.065	0.0749	0.109	0.1709	0.3774	0.2552	0.1688	vegetacion
4.930812137342267	-73.82602685497739	0.0326	0.069	0.0421	0.1049	0.3049	0.2945	0.2017	0.1003	vegetacion
4.93081070880382	-73.8252185041319	0.0507	0.0895	0.076	0.141	0.2754	0.3011	0.2525	0.1463	vegetacion
4.930809279282624	-73.82441015352357	0.0503	0.0834	0.0768	0.1363	0.2476	0.3176	0.239	0.1465	vegetacion
4.930807848778684	-73.82360180315257	0.0381	0.0557	0.0532	0.0969	0.2062	0.2465	0.1968	0.1218	vegetacion
4.930806417291996	-73.82279345301903	0.0548	0.0773	0.0868	0.1309	0.2211	0.2667	0.2447	0.166	vegetacion
4.930804984822568	-73.82198510312313	0.0615	0.087	0.0898	0.1413	0.2501	0.2795	0.247	0.1523	vegetacion
4.930803551370397	-73.82117675346502	0.033	0.0477	0.0364	0.0748	0.1629	0.322	0.1369	0.082	vegetacion
4.930802116935487	-73.8203684040449	0.035	0.0484	0.0401	0.0763	0.1564	0.2017	0.1466	0.0912	vegetacion
4.9308006815178365	-73.81956005486289	0.025	0.0404	0.0302	0.0695	0.161	0.1973	0.1313	0.0743	vegetacion
4.93079924511745	-73.81875170591918	0.0205	0.036	0.0259	0.0654	0.1693	0.1734	0.1307	0.069	vegetacion
4.930797807734326	-73.81794335721393	0.047	0.0744	0.0735	0.1211	0.2149	0.2838	0.2606	0.1645	vegetacion
4.930796369368468	-73.8171350087473	0.0421	0.0659	0.0652	0.1044	0.1978	0.252	0.2422	0.1562	vegetacion
4.930794930019877	-73.81632666051945	0.0372	0.0707	0.0506	0.1119	0.293	0.3807	0.2332	0.1319	vegetacion
4.930793489688555	-73.81551831253053	0.0406	0.0661	0.0507	0.1038	0.25	0.2903	0.2301	0.1482	vegetacion
4.930792048374502	-73.81470996478073	0.0467	0.0693	0.0668	0.1099	0.2083	0.4369	0.2317	0.1519	vegetacion
4.930790606077721	-73.81390161727019	0.056	0.0804	0.0978	0.1309	0.1844	0.182	0.3121	0.23	vegetacion
4.930789162798213	-73.8130932699991	0.0524	0.0841	0.09	0.1411	0.2247	0.2569	0.288	0.1815	vegetacion
4.930004696278906	-73.8260282728805	0.0417	0.0836	0.0593	0.1294	0.3013	0.417	0.2312	0.124	vegetacion
4.930003267975499	-73.82521992301079	0.0504	0.0808	0.0763	0.1292	0.2401	0.3215	0.2419	0.147	vegetacion
4.930001838689507	-73.82441157337823	0.0345	0.0519	0.0441	0.0865	0.1835	0.2592	0.1662	0.0962	vegetacion
4.930000408420931	-73.82360322398297	0.0388	0.0569	0.0516	0.0956	0.1894	0.2	0.1714	0.1047	vegetacion
4.92999897716977	-73.82279487482519	0.037	0.0571	0.0531	0.0984	0.192	0.2549	0.1905	0.1139	vegetacion
4.929997544936031	-73.82198652590505	0.0315	0.0493	0.0398	0.0836	0.1964	0.2022	0.1632	0.094	vegetacion
4.929996111719711	-73.8211781772227	0.0322	0.0449	0.0328	0.0725	0.1639	0.2568	0.1246	0.0744	vegetacion
4.929994677520811	-73.82036982877834	0.032	0.0463	0.038	0.0738	0.1552	0.2072	0.146	0.0894	vegetacion
4.929993242339335	-73.8195614805721	0.0217	0.0373	0.0257	0.0639	0.1613	0.1812	0.121	0.0663	vegetacion
4.929991806175283	-73.81875313260414	0.0172	0.0314	0.0196	0.0568	0.1658	0.2009	0.1117	0.0542	vegetacion
4.929990369028657	-73.81794478487464	0.0253	0.0437	0.0342	0.0766	0.1774	0.2228	0.1657	0.0919	vegetacion
4.929988930899458	-73.81713643738375	0.053	0.0845	0.0881	0.1307	0.2201	0.2652	0.2825	0.1753	vegetacion
4.929987491787687	-73.81632809013163	0.0441	0.0796	0.0662	0.1266	0.2645	0.2714	0.2495	0.1455	vegetacion
4.929986051693347	-73.81551974311847	0.0408	0.0646	0.0585	0.0973	0.1888	0.2831	0.2429	0.1683	vegetacion
4.9299846106164384	-73.81471139634442	0.0775	0.1021	0.1127	0.1434	0.1973	0.2506	0.2705	0.2024	vegetacion
4.929983168556963	-73.81390304980962	0.0543	0.0786	0.092	0.1339	0.1933	0.2309	0.3169	0.2168	vegetacion
4.929198682281507	-73.82683803967966	0.0428	0.0728	0.0626	0.1115	0.252	0.4255	0.2331	0.1365	vegetacion
4.929197255195567	-73.82602969054857	0.0369	0.0623	0.0508	0.1027	0.243	0.2719	0.2308	0.1448	vegetacion
4.929195827127202	-73.82522134165445	0.0454	0.0634	0.0538	0.1035	0.2128	0.2481	0.1939	0.1193	vegetacion
4.9291943980764135	-73.8244129929975	0.0446	0.0616	0.0497	0.097	0.2026	0.2264	0.1758	0.1088	vegetacion
4.929192968043202	-73.82360464457784	0.0395	0.058	0.0469	0.0941	0.2053	0.2952	0.1752	0.1064	vegetacion
4.929191537027568	-73.82279629639567	0.0425	0.063	0.059	0.1023	0.1869	0.2199	0.1883	0.1164	vegetacion
4.929190105029516	-73.82198794845112	0.0295	0.0457	0.0344	0.0792	0.1982	0.2063	0.1433	0.0792	vegetacion
4.929188672049044	-73.82117960074437	0.0252	0.0354	0.0239	0.0553	0.1338	0.2208	0.1007	0.0585	vegetacion
4.929187238086158	-73.8203712532756	0.0313	0.0447	0.0411	0.0742	0.1408	0.1503	0.1607	0.1028	vegetacion
4.929185803140854	-73.81956290604494	0.0266	0.0402	0.0359	0.0683	0.1337	0.1658	0.1421	0.087	vegetacion
4.929184367213137	-73.81875455905258	0.0185	0.032	0.0227	0.057	0.1444	0.1587	0.1148	0.0612	vegetacion
4.929182930303006	-73.81794621229866	0.0221	0.0392	0.0307	0.0717	0.173	0.201	0.1459	0.0801	vegetacion
4.929181492410465	-73.81713786578337	0.0639	0.0913	0.1138	0.1513	0.2023	0.2396	0.3327	0.2292	vegetacion
4.929180053535515	-73.81632951950684	0.0609	0.091	0.1065	0.1472	0.209	0.2328	0.3386	0.2296	vegetacion
4.929178613678157	-73.81552117346928	0.0516	0.082	0.0886	0.1351	0.2052	0.3085	0.2778	0.1777	vegetacion
4.929177172838391	-73.81471282767079	0.0345	0.0495	0.0507	0.0827	0.1459	0.1943	0.2052	0.1362	vegetacion
4.92917573101622	-73.81390448211158	0.0588	0.0855	0.0998	0.1341	0.1987	0.1436	0.276	0.1851	vegetacion
4.92839124094332	-73.82683945613724	0.0475	0.0814	0.0686	0.1239	0.2807	0.3305	0.2561	0.1493	vegetacion
4.9283898140922595	-73.82603110798158	0.0366	0.0563	0.0474	0.091	0.2166	0.2193	0.1841	0.1135	vegetacion
4.928388386258934	-73.82522276006291	0.0461	0.0608	0.0526	0.0965	0.1862	0.195	0.1803	0.1152	vegetacion
4.928386957443347	-73.82441441238139	0.0455	0.0623	0.0508	0.1031	0.215	0.2686	0.1814	0.1115	vegetacion
4.928385527645499	-73.82360606493717	0.0356	0.0531	0.042	0.0884	0.1949	0.2496	0.1668	0.1008	vegetacion
4.928384096865393	-73.82279771773042	0.0347	0.0497	0.0438	0.0801	0.1581	0.1858	0.1569	0.0962	vegetacion
4.928382665103028	-73.82198937076132	0.0248	0.0389	0.0289	0.0697	0.1781	0.2032	0.1317	0.0732	vegetacion
4.928381232358406	-73.82118102403001	0.023	0.031	0.0247	0.0501	0.1098	0.179	0.1036	0.0638	vegetacion
4.9283797986315285	-73.82037267753667	0.0314	0.0488	0.0468	0.0848	0.158	0.1782	0.1768	0.1088	vegetacion
4.928378363922398	-73.81956433128144	0.0404	0.066	0.0684	0.1116	0.1881	0.19	0.2276	0.1392	vegetacion
4.928376928231015	-73.8187559852645	0.0279	0.0509	0.0419	0.0855	0.1815	0.2616	0.1772	0.098	vegetacion
4.928375491557381	-73.81794763948601	0.0301	0.0497	0.0465	0.0845	0.174	0.2118	0.1864	0.1114	vegetacion
4.928374053901497	-73.81713929394616	0.064	0.0936	0.1088	0.1498	0.2102	0.2465	0.3285	0.223	vegetacion
4.928372615263365	-73.81633094864505	0.0703	0.1035	0.1209	0.1636	0.2325	0.2453	0.3266	0.2184	vegetacion
4.928371175642988	-73.8155226035829	0.0537	0.0901	0.0915	0.1453	0.2357	0.3197	0.2782	0.1707	vegetacion
4.928369735040365	-73.81471425875985	0.0434	0.0719	0.07	0.1166	0.2089	0.265	0.2484	0.1554	vegetacion
4.927580945370701	-73.82522417823614	0.0321	0.0465	0.0408	0.0772	0.1591	0.2045	0.1518	0.0911	vegetacion
4.927579516790313	-73.8244158315299	0.0324	0.0474	0.0439	0.0796	0.1464	0.18	0.1654	0.1012	vegetacion
4.927578087227831	-73.82360748506096	0.0369	0.0534	0.0531	0.0904	0.1561	0.1585	0.187	0.1174	vegetacion
4.927576656683248	-73.8227991388295	0.033	0.0491	0.0465	0.0837	0.1537	0.1626	0.1773	0.1112	vegetacion
4.92757522515657	-73.82199079283566	0.016	0.0274	0.0179	0.0495	0.1391	0.1689	0.1062	0.0548	vegetacion
4.927573792647796	-73.82118244707962	0.0207	0.0333	0.0257	0.0571	0.1357	0.1596	0.1196	0.0676	vegetacion
4.927572359156929	-73.82037410156154	0.041	0.0761	0.068	0.1266	0.2257	0.1707	0.2524	0.1444	vegetacion
4.9275709246839705	-73.81956575628159	0.0386	0.0752	0.0591	0.1223	0.2629	0.257	0.235	0.1246	vegetacion
4.927569489228921	-73.81875741123991	0.0413	0.0748	0.0671	0.1202	0.2509	0.3167	0.2553	0.1439	vegetacion
4.9275680527917824	-73.8179490664367	0.0381	0.0729	0.0597	0.1179	0.2568	0.327	0.2343	0.1279	vegetacion
4.927566615372555	-73.8171407218721	0.0586	0.0881	0.0966	0.1365	0.2165	0.2221	0.2892	0.1885	vegetacion
4.927565176971244	-73.81633237754626	0.048	0.0838	0.0769	0.1347	0.2412	0.3083	0.2584	0.1534	vegetacion
4.927563737587846	-73.81552403345937	0.0513	0.0864	0.0901	0.141	0.2256	0.2874	0.2703	0.1668	vegetacion
4.927562297222366	-73.81471568961157	0.0453	0.0832	0.0738	0.1346	0.2502	0.2701	0.2629	0.1517	vegetacion
4.926767785190145	-73.82199221467414	0.0307	0.048	0.0476	0.0857	0.1688	0.192	0.1832	0.109	vegetacion
4.926766352917219	-73.8211838698932	0.0274	0.0439	0.0396	0.0765	0.1598	0.2005	0.1673	0.0965	vegetacion
4.92676491966236	-73.82037552535024	0.0391	0.07	0.0613	0.1149	0.2281	0.2029	0.2341	0.134	vegetacion
4.926763485425573	-73.81956718104539	0.0392	0.0731	0.0587	0.1147	0.2479	0.294	0.2314	0.1274	vegetacion
4.926762050206857	-73.81875883697883	0.0468	0.086	0.0754	0.1361	0.2541	0.3038	0.2668	0.1523	vegetacion
4.926760614006213	-73.81795049315072	0.0477	0.0859	0.0757	0.1311	0.2548	0.3131	0.256	0.1473	vegetacion
4.9267591768236425	-73.8171421495612	0.0391	0.0676	0.0616	0.1097	0.22	0.3151	0.2345	0.1388	vegetacion
4.926757738659149	-73.81633380621048	0.0316	0.0577	0.0478	0.0954	0.2069	0.2594	0.1963	0.1094	vegetacion
4.926756299512732	-73.8155254630987	0.0462	0.0788	0.0814	0.1333	0.2114	0.2019	0.266	0.1645	vegetacion
4.925953175200679	-73.81795191962806	0.0536	0.0814	0.0933	0.1352	0.2107	0.3427	0.3007	0.2019	vegetacion
4.925951738254765	-73.8171435770135	0.051	0.0895	0.0836	0.1416	0.2573	0.2818	0.2743	0.1629	vegetacion
4.925950300327088	-73.8163352346377	0.0402	0.0675	0.0555	0.1088	0.2431	0.3436	0.2162	0.128	vegetacion
4.92594886141765	-73.81552689250086	0.0472	0.0795	0.0775	0.1266	0.2226	0.2394	0.263	0.1599	vegetacion
4.917957558136737	-73.86323318835821	0.0189	0.0278	0.0292	0.0497	0.0996	0.1699	0.1134	0.0674	vegetacion
4.91795617844778	-73.86242484237395	0.0155	0.0211	0.0234	0.0438	0.095	0.1254	0.0987	0.0568	vegetacion
4.917954797778597	-73.86161649661933	0.0161	0.0228	0.0202	0.0445	0.1075	0.1409	0.0971	0.0527	vegetacion
4.917151484598747	-73.86404290297344	0.0136	0.0193	0.0176	0.0381	0.1043	0.1414	0.0852	0.0469	vegetacion
4.917150106117448	-73.86323455773297	0.0163	0.0237	0.0219	0.0442	0.0996	0.1234	0.1006	0.0586	vegetacion
4.917148726656085	-73.86242621272196	0.0154	0.0215	0.0215	0.0408	0.0981	0.1225	0.0963	0.054	vegetacion
4.917144582391626	-73.86000117906734	0.0512	0.0711	0.0889	0.1171	0.1471	0.1864	0.2835	0.203	vegetacion
4.917143199010019	-73.8591928349758	0.0463	0.0673	0.0792	0.1121	0.1549	0.1849	0.2623	0.1717	vegetacion
4.917141814648358	-73.85838449111455	0.0433	0.069	0.0732	0.113	0.1784	0.2121	0.2536	0.1594	vegetacion
4.9163454096060875	-73.86485261564422	0.0577	0.0794	0.0978	0.1145	0.1489	0.114	0.2034	0.1488	vegetacion
4.916344032332126	-73.86404427114753	0.0249	0.0351	0.0419	0.0636	0.1049	0.1456	0.1293	0.0871	vegetacion
4.916342654078261	-73.86323592688015	0.0144	0.0204	0.0204	0.0404	0.0965	0.1278	0.0906	0.0528	vegetacion
4.916341274844492	-73.86242758284222	0.015	0.0211	0.0226	0.0417	0.0928	0.1426	0.0974	0.0559	vegetacion
4.916338513437253	-73.86081089545539	0.0157	0.0224	0.0217	0.043	0.1092	0.2018	0.0996	0.0559	vegetacion
4.916337131263786	-73.86000255210682	0.0281	0.0421	0.0438	0.0725	0.1401	0.1571	0.1641	0.1025	vegetacion
4.916335748110423	-73.85919420898836	0.0449	0.0675	0.0767	0.112	0.1588	0.1667	0.2615	0.1713	vegetacion
4.916334363977163	-73.85838586610018	0.0433	0.0692	0.0736	0.1158	0.1793	0.2274	0.2471	0.1545	vegetacion
4.91633297886401	-73.85757752344243	0.0373	0.0593	0.0612	0.0976	0.1643	0.1965	0.2254	0.1423	vegetacion
4.9163315927709625	-73.85676918101528	0.0363	0.0578	0.0606	0.098	0.1687	0.1967	0.2346	0.1475	vegetacion
4.916330205698025	-73.85596083881892	0.0324	0.0493	0.0523	0.0809	0.152	0.2018	0.1891	0.1173	vegetacion
4.915539333159253	-73.86566232637087	0.0901	0.1298	0.1678	0.1952	0.2155	0.2326	0.2744	0.2245	vegetacion
4.915537957092305	-73.86485398261797	0.0563	0.0845	0.1121	0.1408	0.1765	0.1397	0.2166	0.1684	vegetacion
4.915536580045613	-73.86404563909421	0.0371	0.0533	0.0686	0.0897	0.1332	0.1765	0.1636	0.1195	vegetacion
4.915535202019179	-73.86323729579972	0.0167	0.0231	0.0253	0.0453	0.1008	0.1213	0.0992	0.0586	vegetacion
4.915533823013005	-73.86242895273472	0.0113	0.0166	0.0151	0.0349	0.094	0.1332	0.076	0.0403	vegetacion
4.915531062061439	-73.86081226729371	0.0145	0.0215	0.0184	0.0402	0.1079	0.1519	0.0891	0.0507	vegetacion
4.915529680116052	-73.86000392491806	0.0151	0.0223	0.0163	0.0398	0.1304	0.1408	0.0869	0.0441	vegetacion
4.915528297190928	-73.85919558277251	0.0428	0.0672	0.0731	0.1103	0.1727	0.2316	0.2545	0.1612	vegetacion
4.9155269132860715	-73.85838724085723	0.0422	0.0692	0.0694	0.112	0.1813	0.2329	0.2409	0.1456	vegetacion
4.915525528401482	-73.8575788991724	0.0312	0.05	0.0531	0.0845	0.1444	0.1918	0.194	0.1188	vegetacion
4.915524142537161	-73.85677055771816	0.0262	0.0401	0.0368	0.0657	0.1452	0.1868	0.1588	0.092	vegetacion
4.915522755693112	-73.85596221649469	0.0162	0.0253	0.021	0.0455	0.1527	0.174	0.119	0.0648	vegetacion
4.915521367869333	-73.85515387550214	0.0244	0.0349	0.0366	0.0602	0.1448	0.2024	0.1303	0.077	vegetacion
4.915519979065828	-73.8543455347407	0.0373	0.0538	0.0629	0.0907	0.1449	0.2088	0.2098	0.135	vegetacion
4.9155185892825966	-73.85353719421049	0.0401	0.0542	0.0672	0.0901	0.1376	0.1577	0.2112	0.1471	vegetacion
4.914733255258725	-73.8664720351537	0.0251	0.0338	0.0404	0.0624	0.1137	0.1452	0.1364	0.0902	vegetacion
4.9147318803984685	-73.8656636921446	0.0313	0.0444	0.0565	0.0797	0.1236	0.1556	0.1512	0.11	vegetacion
4.91473050455863	-73.86485534936445	0.0303	0.0426	0.0513	0.073	0.1172	0.171	0.1432	0.102	vegetacion
4.914729127739208	-73.86404700681345	0.0232	0.0316	0.0352	0.0561	0.1109	0.1439	0.1121	0.0715	vegetacion
4.914727749940206	-73.86323866449172	0.0136	0.0187	0.0182	0.0372	0.094	0.1227	0.084	0.0476	vegetacion
4.914724991403468	-73.86162198053682	0.0224	0.0301	0.0327	0.0532	0.1032	0.155	0.121	0.0768	vegetacion
4.9147236106657335	-73.86081363890396	0.0194	0.0264	0.0307	0.05	0.0998	0.1266	0.1143	0.0696	vegetacion
4.914722228948423	-73.86000529750106	0.0139	0.02	0.0203	0.0394	0.1018	0.137	0.0922	0.0511	vegetacion
4.914720846251541	-73.85919695632826	0.0581	0.0895	0.0913	0.1367	0.2164	0.3122	0.268	0.1787	vegetacion
4.914719462575085	-73.85838861538573	0.037	0.0607	0.0596	0.097	0.1758	0.228	0.2176	0.1337	vegetacion
4.914718077919059	-73.85758027467364	0.0298	0.0478	0.0486	0.0803	0.1426	0.1822	0.1913	0.1179	vegetacion
4.914716692283465	-73.85677193419215	0.0442	0.0658	0.0752	0.1064	0.1649	0.1556	0.2189	0.1499	vegetacion
4.914715305668302	-73.85596359394142	0.1058	0.1603	0.2018	0.2308	0.2608	0.3223	0.3861	0.3069	vegetacion
4.914713918073572	-73.85515525392162	0.0239	0.0398	0.0345	0.0667	0.1725	0.1988	0.167	0.0994	vegetacion
4.914712529499277	-73.8543469141329	0.0576	0.0779	0.0932	0.1203	0.1742	0.1974	0.2325	0.1769	vegetacion
4.9147111399454175	-73.85353857457544	0.0773	0.0981	0.1123	0.1365	0.1647	0.2143	0.2569	0.1997	vegetacion
4.914709749411997	-73.8527302352494	0.062	0.093	0.1026	0.1438	0.2389	0.2156	0.2652	0.1899	vegetacion
4.9139271759049965	-73.86728174199304	0.0152	0.021	0.0228	0.0434	0.0993	0.1245	0.0896	0.0519	vegetacion
4.91392580225111	-73.86647339972772	0.0158	0.0229	0.0222	0.0447	0.1033	0.1322	0.0895	0.0534	vegetacion
4.913924427617801	-73.86566505769122	0.0217	0.0323	0.0362	0.0571	0.1087	0.1351	0.1198	0.0797	vegetacion
4.913923052005068	-73.86485671588366	0.0177	0.0246	0.027	0.0468	0.0936	0.1357	0.1116	0.0709	vegetacion
4.913921675412915	-73.86404837430524	0.0158	0.0221	0.0212	0.0427	0.1033	0.1129	0.0911	0.0524	vegetacion
4.913920297841345	-73.86324003295611	0.0128	0.0178	0.0164	0.0366	0.0998	0.1407	0.0809	0.0427	vegetacion
4.913918919290358	-73.86243169183646	0.0308	0.043	0.0448	0.0629	0.1231	0.1621	0.1344	0.0863	vegetacion
4.9139175397599555	-73.8616233509464	0.0151	0.0209	0.0212	0.0404	0.0921	0.1153	0.0948	0.0548	vegetacion
4.913916159250137	-73.86081501028615	0.0148	0.0221	0.0229	0.0436	0.101	0.1202	0.0994	0.0574	vegetacion
4.9139147777609065	-73.86000666985584	0.0218	0.0314	0.0295	0.0562	0.1355	0.1192	0.1378	0.0809	vegetacion
4.913913395292263	-73.85919832965561	0.0461	0.0697	0.0766	0.1114	0.1687	0.2109	0.254	0.1662	vegetacion
4.913912011844208	-73.85838998968568	0.0391	0.0638	0.0655	0.1027	0.1671	0.1982	0.2196	0.1376	vegetacion
4.913910627416747	-73.85758164994617	0.0321	0.0491	0.0549	0.0849	0.1312	0.1738	0.1967	0.1266	vegetacion
4.913909242009876	-73.85677331043726	0.0602	0.091	0.1085	0.1389	0.1934	0.2033	0.2494	0.1806	vegetacion
4.9139078556236	-73.85596497115911	0.0683	0.0989	0.1207	0.1473	0.1997	0.328	0.2564	0.1923	vegetacion
4.913906468257919	-73.85515663211189	0.0659	0.0864	0.0963	0.1171	0.1662	0.1797	0.2183	0.1651	vegetacion
4.913905079912833	-73.85434829329576	0.1212	0.1406	0.1496	0.1623	0.182	0.1973	0.2185	0.1971	vegetacion
4.913903690588347	-73.85353995471087	0.0989	0.1208	0.1304	0.1475	0.1756	0.1976	0.2295	0.1897	vegetacion
4.91390230028446	-73.8527316163574	0.0563	0.0895	0.0884	0.1376	0.2618	0.3603	0.2735	0.1744	vegetacion
4.913122466567134	-73.86889978863918	0.0474	0.0674	0.0917	0.1127	0.1434	0.1498	0.1979	0.1562	vegetacion
4.913121095098557	-73.86809144688918	0.0463	0.0631	0.0841	0.1062	0.1392	0.159	0.1735	0.1372	vegetacion
4.913119722650715	-73.86728310536768	0.0225	0.0321	0.0355	0.0597	0.115	0.1303	0.123	0.0807	vegetacion
4.913118349223612	-73.8664747640748	0.0282	0.0397	0.0487	0.0725	0.118	0.1306	0.1449	0.1038	vegetacion
4.913116974817247	-73.86566642301072	0.0196	0.0269	0.031	0.0513	0.1051	0.1204	0.1152	0.0719	vegetacion
4.913115599431624	-73.8648580821756	0.0187	0.0252	0.0266	0.0477	0.1082	0.1542	0.1079	0.0634	vegetacion
4.91311422306674	-73.86404974156962	0.0154	0.0208	0.0197	0.0429	0.1132	0.1442	0.0906	0.0485	vegetacion
4.913112845722601	-73.86324140119294	0.0122	0.0168	0.0139	0.0339	0.1078	0.1501	0.0768	0.0387	vegetacion
4.913111467399206	-73.86243306104569	0.0199	0.0291	0.0274	0.0514	0.1168	0.141	0.1162	0.0698	vegetacion
4.913110088096556	-73.86162472112808	0.0192	0.0271	0.0225	0.0471	0.1203	0.1731	0.1102	0.0635	vegetacion
4.913108707814655	-73.86081638144024	0.0453	0.0697	0.0731	0.1095	0.1866	0.1328	0.2334	0.1535	vegetacion
4.913107326553499	-73.86000804198234	0.0252	0.0405	0.0353	0.0654	0.1514	0.2763	0.1495	0.0882	vegetacion
4.913105944313096	-73.85919970275458	0.0369	0.056	0.052	0.0864	0.1658	0.1738	0.1734	0.1083	vegetacion
4.913104561093445	-73.85839136375705	0.0452	0.0639	0.0647	0.0951	0.1571	0.1739	0.2007	0.1321	vegetacion
4.913103176894545	-73.85758302498996	0.0399	0.057	0.06	0.0874	0.1646	0.1816	0.1893	0.1267	vegetacion
4.913101791716399	-73.85677468645349	0.0626	0.0979	0.1179	0.1534	0.2068	0.1409	0.2718	0.2018	vegetacion
4.913100405559009	-73.85596634814776	0.0866	0.1431	0.1971	0.2293	0.2618	0.2736	0.3831	0.3118	vegetacion
4.913099018422375	-73.85515801007296	0.0869	0.1284	0.1572	0.1957	0.2407	0.274	0.3429	0.2582	vegetacion
4.913097630306499	-73.85434967222923	0.0515	0.0719	0.0828	0.1145	0.1738	0.2425	0.2616	0.1883	vegetacion
4.913096241211383	-73.85354133461676	0.0421	0.066	0.0701	0.1044	0.1898	0.1542	0.2239	0.1415	vegetacion
4.9130948511370285	-73.8527329972357	0.0461	0.0725	0.0789	0.1202	0.1873	0.2353	0.2646	0.1675	vegetacion
4.912315012839891	-73.86890114984249	0.0397	0.0623	0.0757	0.1044	0.1506	0.2003	0.1913	0.1438	vegetacion
4.912313641597775	-73.86809280906476	0.044	0.0626	0.0812	0.108	0.1438	0.1449	0.1755	0.1389	vegetacion
4.912312269376555	-73.86728446851554	0.0557	0.0783	0.1043	0.1325	0.1631	0.1578	0.2144	0.1694	vegetacion
4.912310896176235	-73.86647612819492	0.0299	0.0451	0.0552	0.0808	0.1292	0.1526	0.169	0.1198	vegetacion
4.912309521996816	-73.86566778810312	0.0363	0.0559	0.0588	0.0946	0.1711	0.1562	0.2105	0.1397	vegetacion
4.912308146838298	-73.8648594482403	0.0148	0.0216	0.0203	0.0428	0.1123	0.139	0.0904	0.0494	vegetacion
4.912306770700685	-73.86405110860657	0.0127	0.0186	0.0171	0.0379	0.1042	0.1578	0.0807	0.0425	vegetacion
4.912305393583974	-73.86324276920216	0.0124	0.018	0.0167	0.0361	0.1023	0.1456	0.0795	0.0427	vegetacion
4.912304015488171	-73.86243443002719	0.0166	0.0244	0.0251	0.0461	0.1079	0.125	0.1097	0.0654	vegetacion
4.912302636413276	-73.86162609108185	0.022	0.0327	0.0363	0.0591	0.1148	0.1399	0.1413	0.093	vegetacion
4.91230125635929	-73.86081775236627	0.0348	0.0502	0.0487	0.0785	0.1478	0.1346	0.159	0.1029	vegetacion
4.912299875326214	-73.86000941388065	0.0474	0.0718	0.0687	0.1046	0.1874	0.1851	0.1878	0.1242	vegetacion
4.912298493314047	-73.85920107562512	0.047	0.0651	0.0599	0.0936	0.1949	0.2534	0.1822	0.1147	vegetacion
4.912297110322795	-73.85839273759987	0.031	0.0453	0.0442	0.0754	0.1634	0.1955	0.182	0.1093	vegetacion
4.9122957263524585	-73.85758439980505	0.054	0.0768	0.0914	0.1185	0.1802	0.1893	0.2454	0.1735	vegetacion
4.912294341403036	-73.85677606224083	0.1043	0.1544	0.1988	0.2338	0.2711	0.3358	0.3557	0.2876	vegetacion
4.912292955474531	-73.85596772490736	0.0872	0.1428	0.1974	0.2267	0.2544	0.2405	0.3667	0.2943	vegetacion
4.912291568566945	-73.8551593878048	0.0628	0.0973	0.1127	0.1536	0.2118	0.2465	0.3159	0.2186	vegetacion
4.912290180680279	-73.85435105093336	0.0781	0.1098	0.1244	0.1575	0.2174	0.2738	0.2872	0.2162	vegetacion
4.912288791814534	-73.85354271429314	0.0577	0.0934	0.0994	0.1533	0.2387	0.253	0.3115	0.2015	vegetacion
4.911506188077115	-73.86809417101374	0.0493	0.0789	0.0839	0.1305	0.2078	0.1551	0.2783	0.1825	vegetacion
4.911504816082516	-73.86728583143662	0.0621	0.0958	0.102	0.151	0.2334	0.1862	0.2964	0.2056	vegetacion
4.91150344310898	-73.86647749208812	0.0391	0.0681	0.0627	0.1134	0.2124	0.1489	0.2436	0.1481	vegetacion
4.911502069156504	-73.86566915296844	0.0533	0.0868	0.0888	0.1416	0.2424	0.3069	0.2847	0.1791	vegetacion
4.9115006942250945	-73.8648608140777	0.0145	0.022	0.0213	0.0415	0.1102	0.2937	0.0939	0.0534	vegetacion
4.911499318314749	-73.86405247541612	0.0252	0.0383	0.0406	0.0668	0.1298	0.1156	0.1522	0.0961	vegetacion
4.911497941425469	-73.8632441369838	0.0528	0.076	0.0766	0.1115	0.1806	0.1215	0.2165	0.1468	vegetacion
4.911496563557257	-73.86243579878094	0.0321	0.0575	0.046	0.0944	0.2197	0.1579	0.1879	0.1077	vegetacion
4.911495184710115	-73.8616274608077	0.0273	0.0433	0.0414	0.0772	0.1645	0.237	0.1722	0.1023	vegetacion
4.911493804884043	-73.86081912306423	0.0257	0.0369	0.0349	0.059	0.136	0.2363	0.1434	0.0858	vegetacion
4.911492424079043	-73.86001078555071	0.0429	0.0642	0.0678	0.0999	0.1695	0.1719	0.2159	0.142	vegetacion
4.911491042295117	-73.85920244826728	0.0296	0.0433	0.0475	0.0734	0.1319	0.1772	0.1585	0.1014	vegetacion
4.911489659532265	-73.85839411121414	0.0211	0.0306	0.029	0.053	0.1328	0.2217	0.127	0.073	vegetacion
4.9114882757904885	-73.85758577439142	0.0604	0.0889	0.1043	0.1391	0.2034	0.2897	0.2887	0.1973	vegetacion
4.911486891069789	-73.8567774377993	0.0578	0.0826	0.0989	0.1294	0.1825	0.1815	0.265	0.1952	vegetacion
4.91148550537017	-73.85596910143792	0.0854	0.1466	0.2001	0.2311	0.257	0.2633	0.358	0.2858	vegetacion
4.9114841186916305	-73.85516076530747	0.0636	0.096	0.1124	0.1428	0.1955	0.1631	0.251	0.187	vegetacion
4.911482731034173	-73.85435242940811	0.0618	0.0912	0.103	0.1466	0.2164	0.2877	0.3178	0.2186	vegetacion
4.911481342397797	-73.85354409373998	0.0568	0.0827	0.0966	0.1361	0.19	0.3183	0.3175	0.2183	vegetacion
4.910697362768609	-73.86728719413091	0.0579	0.0891	0.1055	0.1483	0.2254	0.2765	0.2814	0.1994	vegetacion
4.910695990021855	-73.86647885575437	0.0475	0.078	0.0819	0.1285	0.2346	0.2508	0.2479	0.162	vegetacion
4.910694616296324	-73.86567051760663	0.0513	0.0842	0.0832	0.1346	0.2384	0.3032	0.2761	0.1773	vegetacion
4.910693241592018	-73.86486217968786	0.0365	0.0556	0.056	0.0885	0.1605	0.1463	0.1764	0.1108	vegetacion
4.910691865908939	-73.86405384199821	0.0645	0.0939	0.0902	0.1321	0.238	0.1535	0.2441	0.1637	vegetacion
4.910690489247089	-73.86324550453786	0.0579	0.0924	0.0946	0.1481	0.2542	0.2503	0.2923	0.1872	vegetacion
4.91068911160647	-73.86243716730694	0.0404	0.0638	0.0693	0.1039	0.175	0.2826	0.238	0.1535	vegetacion
4.910687732987078	-73.86162883030565	0.0342	0.0537	0.0573	0.089	0.1605	0.2034	0.2214	0.1422	vegetacion
4.910686353388923	-73.86082049353412	0.0253	0.035	0.032	0.0561	0.1315	0.1922	0.1432	0.083	vegetacion
4.910684972811998	-73.86001215699254	0.0409	0.0606	0.063	0.0936	0.1659	0.182	0.1996	0.1264	vegetacion
4.9106835912563085	-73.85920382068106	0.022	0.0325	0.0291	0.0559	0.1373	0.1708	0.1286	0.0719	vegetacion
4.910682208721856	-73.85839548459984	0.0231	0.0327	0.03	0.0564	0.1332	0.1613	0.1421	0.0849	vegetacion
4.910680825208641	-73.85758714874908	0.0442	0.0655	0.0728	0.1031	0.1738	0.2177	0.2202	0.1502	vegetacion
4.910679440716666	-73.85677881312887	0.066	0.0948	0.1123	0.1456	0.2071	0.2297	0.2612	0.1864	vegetacion
4.91067805524593	-73.85597047773945	0.0837	0.1342	0.1768	0.2052	0.2379	0.1901	0.3177	0.2463	vegetacion
4.910676668796438	-73.85516214258092	0.051	0.0744	0.0884	0.1212	0.18	0.267	0.2504	0.1751	vegetacion
4.910675281368186	-73.8543538076535	0.0685	0.0968	0.1129	0.1519	0.2073	0.2362	0.3253	0.2347	vegetacion
4.9106738929611815	-73.8535454729573	0.0649	0.0977	0.101	0.1484	0.2455	0.2151	0.3064	0.2056	vegetacion
4.90988990943483	-73.86728855659844	0.0529	0.0717	0.089	0.1154	0.1518	0.205	0.2271	0.1604	vegetacion
4.909888536914859	-73.8664802191937	0.0484	0.0736	0.0796	0.1249	0.2073	0.306	0.2739	0.1822	vegetacion
4.909887163416272	-73.86567188201775	0.0964	0.1342	0.1505	0.1956	0.259	0.3185	0.3226	0.2348	vegetacion
4.909885788939072	-73.86486354507076	0.0613	0.101	0.1082	0.1693	0.2587	0.2102	0.2928	0.1848	vegetacion
4.909884413483261	-73.8640552083529	0.0712	0.1069	0.1283	0.1766	0.2474	0.317	0.3368	0.224	vegetacion
4.909883037048838	-73.86324687186432	0.0598	0.0966	0.1045	0.1588	0.2625	0.3399	0.2982	0.1862	vegetacion
4.909881659635809	-73.8624385356052	0.0525	0.0801	0.0927	0.1319	0.1946	0.2749	0.2907	0.1941	vegetacion
4.90988028124417	-73.86163019957567	0.0423	0.0639	0.0722	0.1039	0.1595	0.2364	0.231	0.1513	vegetacion
4.9098789018739275	-73.86082186377594	0.0263	0.0374	0.033	0.0596	0.1388	0.1834	0.1466	0.0822	vegetacion
4.909877521525079	-73.86001352820614	0.0285	0.038	0.0328	0.0578	0.1302	0.1753	0.1445	0.0876	vegetacion
4.9098761401976265	-73.85920519286644	0.0357	0.0515	0.055	0.0849	0.1604	0.1787	0.2061	0.1391	vegetacion
4.909874757891574	-73.858396857757	0.0528	0.0761	0.0917	0.114	0.164	0.1958	0.2365	0.1721	vegetacion
4.909873374606919	-73.857588522878	0.0353	0.051	0.0516	0.0848	0.1609	0.2159	0.2046	0.1278	vegetacion
4.9098719903436665	-73.85678018822958	0.0515	0.0716	0.0835	0.1105	0.154	0.2267	0.2581	0.1884	vegetacion
4.909870605101815	-73.85597185381192	0.0718	0.0965	0.1147	0.1493	0.2254	0.225	0.2589	0.1815	vegetacion
4.909869218881365	-73.85516351962518	0.0425	0.0655	0.0668	0.108	0.1987	0.189	0.2107	0.134	vegetacion
4.909867831682324	-73.8543551856695	0.045	0.0674	0.0784	0.1102	0.1671	0.1869	0.2382	0.1668	vegetacion
4.909866443504687	-73.85354685194508	0.0505	0.0721	0.0832	0.115	0.1696	0.3259	0.2693	0.1851	vegetacion
4.909081083787994	-73.86648158240608	0.043	0.0685	0.0769	0.1155	0.176	0.2199	0.2579	0.1668	vegetacion
4.909079710516351	-73.86567324620177	0.1324	0.1804	0.2031	0.2399	0.2881	0.2957	0.3474	0.2701	vegetacion
4.909078336266256	-73.8648649102264	0.0691	0.1004	0.1073	0.1615	0.2409	0.3191	0.2788	0.1927	vegetacion
4.9090769610377105	-73.86405657448016	0.0568	0.0868	0.0855	0.1372	0.2519	0.288	0.2659	0.1661	vegetacion
4.909075584830718	-73.86324823896321	0.0398	0.0707	0.0659	0.113	0.2423	0.3295	0.2501	0.146	vegetacion
4.909074207645278	-73.8624399036757	0.0533	0.0782	0.0998	0.1324	0.1778	0.2649	0.2706	0.1825	vegetacion
4.909072829481391	-73.86163156861781	0.03	0.0427	0.0464	0.0703	0.1303	0.2144	0.163	0.1013	vegetacion
4.909071450339061	-73.8608232337897	0.0246	0.0348	0.0255	0.053	0.1456	0.137	0.1296	0.0683	vegetacion
4.909070070218288	-73.86001489919151	0.0397	0.0505	0.043	0.0678	0.1444	0.1679	0.1448	0.0851	vegetacion
4.9090686891190725	-73.85920656482342	0.037	0.0561	0.0658	0.1026	0.1669	0.2049	0.2395	0.1627	vegetacion
4.909067307041417	-73.85839823068561	0.0549	0.0849	0.0981	0.1346	0.1875	0.1756	0.2774	0.2097	vegetacion
4.909065923985323	-73.85758989677821	0.0562	0.0844	0.0998	0.1346	0.1892	0.18	0.286	0.2051	vegetacion
4.909064539950792	-73.8567815631014	0.0901	0.1337	0.1614	0.1889	0.2217	0.1677	0.3444	0.27	vegetacion
4.909063154937823	-73.85597322965536	0.0885	0.1225	0.1294	0.1718	0.2637	0.1914	0.2948	0.2105	vegetacion
4.90906176894642	-73.85516489644023	0.0771	0.106	0.1213	0.163	0.2435	0.2812	0.2703	0.1964	vegetacion
4.909060381976586	-73.85435656345618	0.038	0.0557	0.0641	0.0866	0.1465	0.1726	0.1943	0.1325	vegetacion
4.9090589940283165	-73.85354823070337	0.0294	0.0424	0.0394	0.0697	0.1467	0.2133	0.1743	0.1057	vegetacion
4.908273630641268	-73.86648294539152	0.0538	0.076	0.0849	0.1189	0.1778	0.1397	0.229	0.1618	vegetacion
4.908272257596568	-73.86567461015868	0.098	0.1394	0.1691	0.2069	0.2557	0.3265	0.3574	0.2566	vegetacion
4.908270883573578	-73.86486627515478	0.0411	0.0671	0.0703	0.1148	0.211	0.2848	0.2524	0.1595	vegetacion
4.908269508572299	-73.86405794038001	0.051	0.0779	0.0955	0.1288	0.1891	0.3044	0.2713	0.1821	vegetacion
4.908268132592733	-73.86324960583453	0.0371	0.058	0.063	0.0942	0.1687	0.2646	0.1963	0.1237	vegetacion
4.908266755634883	-73.86244127151848	0.057	0.0819	0.092	0.114	0.1679	0.1414	0.2497	0.1764	vegetacion
4.908265377698748	-73.86163293743205	0.1368	0.2123	0.2702	0.3105	0.3383	0.2959	0.4466	0.3737	vegetacion
4.908263998784331	-73.86082460357538	0.0616	0.0758	0.0831	0.1068	0.1573	0.2891	0.2569	0.1865	vegetacion
4.908262618891631	-73.86001626994864	0.0409	0.0554	0.0595	0.0861	0.152	0.1837	0.1869	0.1231	vegetacion
4.908261238020652	-73.85920793655202	0.0287	0.041	0.0363	0.065	0.1475	0.1716	0.1423	0.083	vegetacion
4.9082598561713935	-73.85839960338566	0.0231	0.0323	0.0315	0.0567	0.1256	0.1422	0.1383	0.0794	vegetacion
4.908258473343859	-73.85759127044972	0.0776	0.1131	0.1374	0.1682	0.2106	0.2101	0.2962	0.2294	vegetacion
4.907464804656923	-73.8656759738885	0.0503	0.0811	0.0905	0.1322	0.2001	0.2405	0.2539	0.1836	vegetacion
4.9074634308610365	-73.8648676398559	0.0319	0.0487	0.0541	0.0839	0.1579	0.1868	0.1856	0.1188	vegetacion
4.907462056087024	-73.86405930605244	0.0373	0.0567	0.067	0.0976	0.1539	0.1929	0.1907	0.1254	vegetacion
4.907460680334885	-73.86325097247824	0.0409	0.0613	0.0681	0.0942	0.1548	0.1652	0.1951	0.1323	vegetacion
4.907459303604623	-73.8624426391335	0.0505	0.0695	0.0783	0.1077	0.1702	0.234	0.2491	0.1778	vegetacion
4.981716644896417	-73.84614744588916	0.0375	0.0524	0.0602	0.0915	0.1332	0.1597	0.2116	0.134	vegetacion
4.981715226373075	-73.8453390273664	0.0217	0.035	0.0271	0.0602	0.1259	0.1757	0.1174	0.0651	vegetacion
4.981713806856764	-73.84453060907684	0.0161	0.0329	0.0173	0.0578	0.1439	0.2158	0.1025	0.0509	vegetacion
4.981712386347484	-73.84372219102059	0.0234	0.0402	0.0298	0.0711	0.1553	0.1554	0.1234	0.0681	vegetacion
4.981710964845236	-73.84291377319782	0.027	0.0423	0.0362	0.0744	0.1496	0.1931	0.1481	0.0889	vegetacion
4.9809091992736025	-73.84614885395432	0.0245	0.0516	0.0289	0.0919	0.2188	0.1931	0.1814	0.0945	vegetacion
4.980907780981295	-73.84534043641757	0.0231	0.0454	0.0267	0.0811	0.1952	0.198	0.152	0.079	vegetacion
4.980906361696178	-73.844532019114	0.0216	0.0413	0.0257	0.0743	0.168	0.1094	0.1281	0.067	vegetacion
4.980904941418254	-73.84372360204372	0.0228	0.043	0.0276	0.0767	0.1768	0.2271	0.1361	0.0737	vegetacion
4.980903520147526	-73.84291518520695	0.024	0.04	0.0296	0.0704	0.1515	0.1598	0.1309	0.0734	vegetacion
4.98090209788399	-73.84210676860381	0.0226	0.0365	0.0259	0.0655	0.149	0.1849	0.1187	0.0656	vegetacion
4.980103170699253	-73.8469586785723	0.0224	0.0427	0.0259	0.0752	0.1808	0.2123	0.1464	0.077	vegetacion
4.980101753630627	-73.8461502617884	0.0237	0.0464	0.0279	0.0828	0.1878	0.2992	0.1607	0.0854	vegetacion
4.98010033556935	-73.84534184523748	0.0241	0.0463	0.0278	0.0812	0.1887	0.2183	0.1576	0.0845	vegetacion
4.980098916515429	-73.84453342891972	0.0247	0.0413	0.0293	0.0717	0.1603	0.2258	0.138	0.0764	vegetacion
4.9800974964688605	-73.84372501283528	0.025	0.0459	0.0289	0.0798	0.1881	0.204	0.1527	0.0822	vegetacion
4.980096075429649	-73.84291659698432	0.0235	0.0346	0.0287	0.0597	0.1382	0.2548	0.1208	0.0701	vegetacion
4.980094653397795	-73.84210818136702	0.0151	0.0218	0.0169	0.0423	0.1156	0.1604	0.0825	0.043	vegetacion
4.979297140650511	-73.84776850122067	0.0207	0.0378	0.0235	0.0662	0.1696	0.204	0.1163	0.0571	vegetacion
4.979295724805243	-73.84696008518961	0.0214	0.0374	0.0226	0.067	0.169	0.2088	0.1169	0.0573	vegetacion
4.979294307967485	-73.84615166939136	0.0262	0.0424	0.0266	0.0704	0.1745	0.1927	0.1239	0.0651	vegetacion
4.979292890137242	-73.84534325382612	0.0306	0.0449	0.0365	0.0743	0.1568	0.2496	0.1591	0.0926	vegetacion
4.9792914713145136	-73.84453483849403	0.028	0.0426	0.0339	0.0715	0.1549	0.178	0.1537	0.0933	vegetacion
4.979290051499301	-73.84372642339525	0.0385	0.0514	0.0502	0.0828	0.1469	0.2473	0.174	0.1161	vegetacion
4.979288630691607	-73.84291800852996	0.0245	0.0372	0.0328	0.0682	0.1486	0.1531	0.1435	0.0807	vegetacion
4.979287208891431	-73.84210959389833	0.0277	0.0422	0.0382	0.0748	0.1526	0.1588	0.1579	0.0912	vegetacion
4.978491109127869	-73.84857832189977	0.035	0.0562	0.045	0.0935	0.1892	0.2496	0.1624	0.0942	vegetacion
4.978489694505638	-73.84776990662154	0.0229	0.0386	0.0241	0.0662	0.1621	0.1989	0.1177	0.0589	vegetacion
4.978488278891076	-73.84696149157597	0.0227	0.0406	0.0233	0.0721	0.1896	0.2238	0.1229	0.0585	vegetacion
4.978486862284188	-73.84615307676324	0.0278	0.0433	0.0295	0.0723	0.1609	0.1874	0.13	0.0691	vegetacion
4.978485444684977	-73.84534466218349	0.0275	0.0488	0.0318	0.0835	0.1953	0.2464	0.172	0.0932	vegetacion
4.978484026093442	-73.84453624783691	0.0263	0.0389	0.0381	0.0692	0.1404	0.1517	0.139	0.086	vegetacion
4.9784826065095835	-73.84372783372363	0.0256	0.0398	0.0328	0.0719	0.1585	0.2012	0.1416	0.0823	vegetacion
4.978481185933407	-73.84291941984385	0.0229	0.0318	0.0318	0.0593	0.1176	0.16	0.13	0.0746	vegetacion
4.978479764364908	-73.84211100619771	0.0215	0.0298	0.0303	0.0562	0.1208	0.1615	0.1163	0.0672	vegetacion
4.977685076131815	-73.84938814060988	0.046	0.0719	0.0825	0.1263	0.1746	0.203	0.2974	0.1886	vegetacion
4.977683662732296	-73.8485797260845	0.026	0.0442	0.0356	0.0778	0.1643	0.2002	0.1554	0.0838	vegetacion
4.977682248340608	-73.8477713117916	0.0246	0.0375	0.0268	0.0612	0.1411	0.213	0.1159	0.0656	vegetacion
4.9776808329567555	-73.8469628977314	0.0287	0.0432	0.0351	0.0726	0.1572	0.1783	0.1453	0.0857	vegetacion
4.977679416580737	-73.84615448390402	0.0275	0.0412	0.0383	0.0699	0.1547	0.1714	0.144	0.0878	vegetacion
4.977677999212555	-73.84534607030962	0.0264	0.0385	0.0352	0.0681	0.1505	0.1727	0.1591	0.0955	vegetacion
4.977676580852213	-73.84453765694838	0.0248	0.0379	0.0323	0.0663	0.1492	0.1941	0.1447	0.0848	vegetacion
4.977675161499709	-73.84372924382045	0.0221	0.0372	0.0253	0.0665	0.1563	0.1886	0.1198	0.0646	vegetacion
4.977673741155047	-73.842920830926	0.0272	0.0427	0.037	0.0756	0.1502	0.1809	0.1486	0.0884	vegetacion
4.977672319818229	-73.8421124182652	0.0305	0.0444	0.0396	0.0724	0.1557	0.198	0.1408	0.0811	vegetacion
4.976877629485709	-73.84938954357882	0.0451	0.0726	0.0787	0.1248	0.1853	0.1896	0.2818	0.1761	vegetacion
4.976876216316572	-73.84858113003862	0.0309	0.05	0.0392	0.0858	0.1832	0.2456	0.1611	0.0879	vegetacion
4.9768748021554305	-73.84777271673093	0.027	0.0412	0.0321	0.0716	0.1524	0.2105	0.1401	0.0798	vegetacion
4.976873387002283	-73.8469643036559	0.0231	0.0338	0.0313	0.0594	0.132	0.1849	0.1202	0.0695	vegetacion
4.976871970857133	-73.8461558908137	0.0233	0.0354	0.0272	0.0625	0.1622	0.2225	0.1313	0.0723	vegetacion
4.9768705537199835	-73.84534747820449	0.0338	0.0473	0.0534	0.0822	0.1429	0.171	0.2148	0.137	vegetacion
4.9768691355908325	-73.84453906582841	0.0435	0.06	0.0747	0.1048	0.1515	0.1808	0.2687	0.1807	vegetacion
4.976867716469683	-73.84373065368568	0.0278	0.0421	0.039	0.0756	0.155	0.1954	0.1696	0.1043	vegetacion
4.976866296356537	-73.8429222417764	0.0249	0.0394	0.0313	0.069	0.1526	0.1884	0.1327	0.0762	vegetacion
4.976864875251395	-73.84211383010079	0.0268	0.0396	0.0316	0.0687	0.1587	0.1869	0.1424	0.0819	vegetacion
4.976071594766362	-73.85019935910479	0.0465	0.0717	0.0828	0.1217	0.177	0.215	0.2833	0.1817	vegetacion
4.976070182819454	-73.8493909463173	0.0187	0.0276	0.0198	0.0463	0.1215	0.236	0.0954	0.0512	vegetacion
4.976068769880699	-73.84858253376214	0.0201	0.0288	0.0213	0.0496	0.1365	0.1488	0.0991	0.0544	vegetacion
4.976067355950103	-73.84777412143947	0.0234	0.0357	0.0291	0.0633	0.1518	0.2078	0.1367	0.0787	vegetacion
4.976065941027662	-73.84696570934946	0.0313	0.0442	0.0456	0.0773	0.1442	0.1585	0.1942	0.1189	vegetacion
4.976064525113381	-73.84615729749228	0.0433	0.0605	0.0742	0.1046	0.1501	0.1823	0.2769	0.1819	vegetacion
4.976063108207262	-73.84534888586809	0.0435	0.0611	0.0767	0.1067	0.1507	0.1753	0.2754	0.1832	vegetacion
4.976061690309302	-73.84454047447704	0.0408	0.058	0.0702	0.1023	0.1559	0.1924	0.2558	0.1663	vegetacion
4.976060271419506	-73.84373206331932	0.0405	0.0565	0.0673	0.101	0.1533	0.2019	0.2543	0.1606	vegetacion
4.976058851537875	-73.84292365239507	0.0461	0.0616	0.0751	0.1054	0.1518	0.1726	0.2706	0.1831	vegetacion
4.976057430664408	-73.84211524170446	0.0532	0.0714	0.0918	0.1229	0.1593	0.1845	0.3098	0.2153	vegetacion
4.975265558574748	-73.85100917266278	0.0415	0.0686	0.0696	0.1148	0.1892	0.2868	0.2458	0.1489	vegetacion
4.975264147849744	-73.85020076062797	0.0357	0.0567	0.0557	0.0955	0.1677	0.2004	0.2015	0.1226	vegetacion
4.975262736133057	-73.84939234882535	0.0251	0.0366	0.0288	0.061	0.1585	0.1731	0.1221	0.0674	vegetacion
4.975261323424686	-73.84858393725504	0.0259	0.0379	0.0379	0.0675	0.1406	0.1963	0.1503	0.0923	vegetacion
4.975259909724633	-73.84777552591724	0.027	0.0398	0.0367	0.0713	0.1529	0.1693	0.1665	0.0988	vegetacion
4.975258495032898	-73.8469671148121	0.0468	0.0625	0.0782	0.1066	0.1477	0.2035	0.2838	0.1875	vegetacion
4.975257079349484	-73.84615870393978	0.0521	0.0729	0.0947	0.1264	0.1638	0.1926	0.3161	0.2097	vegetacion
4.975255662674394	-73.84535029330044	0.0527	0.0761	0.098	0.1342	0.1771	0.2135	0.3226	0.2157	vegetacion
4.975254245007625	-73.84454188289426	0.0402	0.056	0.0663	0.0973	0.1523	0.2076	0.2585	0.1688	vegetacion
4.975252826349182	-73.8437334727214	0.0449	0.0595	0.0729	0.1001	0.1412	0.1701	0.2682	0.1844	vegetacion
4.9752514066990665	-73.842925062782	0.0445	0.0613	0.0743	0.1051	0.1543	0.1847	0.2768	0.1808	vegetacion
4.975249986057276	-73.84211665307623	0.052	0.0742	0.0917	0.1288	0.1815	0.2166	0.3262	0.2157	vegetacion
4.974459520911352	-73.85181898425307	0.0292	0.0469	0.0416	0.079	0.1678	0.2733	0.154	0.0863	vegetacion
4.974458111407931	-73.85101057297096	0.0249	0.0392	0.028	0.0662	0.173	0.2278	0.1299	0.0659	vegetacion
4.974456700912988	-73.85020216192088	0.0386	0.0547	0.0618	0.0933	0.1493	0.1878	0.2128	0.1379	vegetacion
4.974455289426521	-73.84939375110294	0.02	0.0319	0.0241	0.0576	0.142	0.1958	0.1149	0.063	vegetacion
4.974453876948532	-73.84858534051735	0.0324	0.0476	0.0501	0.0848	0.1542	0.1606	0.1997	0.1229	vegetacion
4.974452463479022	-73.84777693016424	0.0489	0.067	0.0862	0.1153	0.1572	0.1798	0.3	0.1985	vegetacion
4.974451049017993	-73.8469685200438	0.0506	0.0689	0.0906	0.1179	0.1531	0.1651	0.309	0.2061	vegetacion
4.974449633565446	-73.84616011015618	0.0289	0.0406	0.0461	0.0743	0.1369	0.211	0.1846	0.1113	vegetacion
4.974448217121385	-73.84535170050155	0.0277	0.0401	0.0418	0.0713	0.1382	0.2215	0.1792	0.1092	vegetacion
4.974446799685808	-73.84454329108006	0.0528	0.0709	0.0923	0.1188	0.1514	0.1714	0.3145	0.2166	vegetacion
4.974445381258717	-73.84373488189188	0.0497	0.0678	0.0887	0.1194	0.1639	0.1786	0.3224	0.2219	vegetacion
4.974443961840113	-73.8429264729372	0.0622	0.0851	0.1116	0.144	0.177	0.1851	0.3569	0.253	vegetacion
4.974442541429999	-73.84211806421612	0.0435	0.0619	0.0766	0.1099	0.1658	0.1848	0.2549	0.166	vegetacion
4.973652073494506	-73.8518203833466	0.0324	0.0495	0.0432	0.0792	0.1681	0.1876	0.1618	0.0949	vegetacion
4.973650664220981	-73.85101197304904	0.023	0.0344	0.0273	0.0594	0.1477	0.221	0.128	0.0691	vegetacion
4.973649253956095	-73.85020356298348	0.021	0.0322	0.0276	0.0563	0.1316	0.1774	0.1193	0.0694	vegetacion
4.973647842699847	-73.84939515315011	0.0249	0.0375	0.0303	0.0664	0.1531	0.1525	0.1384	0.0787	vegetacion
4.97364643045224	-73.84858674354905	0.0449	0.0626	0.0769	0.1062	0.1488	0.2044	0.2707	0.18	vegetacion
4.973645017213274	-73.84777833418049	0.0492	0.0703	0.0878	0.121	0.168	0.1939	0.3125	0.2048	vegetacion
4.973643602982949	-73.84696992504459	0.0553	0.075	0.0997	0.1266	0.1575	0.2004	0.3282	0.2248	vegetacion
4.973642187761269	-73.8461615161415	0.0292	0.0424	0.0427	0.0729	0.1487	0.1624	0.1841	0.1113	vegetacion
4.973640771548236	-73.8453531074714	0.0305	0.0433	0.0466	0.0765	0.1435	0.1631	0.1947	0.119	vegetacion
4.973639354343849	-73.84454469903444	0.0458	0.0645	0.0838	0.1138	0.1623	0.177	0.2927	0.1942	vegetacion
4.9736379361481085	-73.84373629083082	0.0564	0.0772	0.1055	0.1366	0.1727	0.2242	0.3628	0.2546	vegetacion
4.973636516961018	-73.84292788286064	0.0551	0.0801	0.0987	0.1377	0.1931	0.1965	0.3265	0.2167	vegetacion
4.973635096782581	-73.84211947512411	0.0276	0.0425	0.0409	0.0777	0.1615	0.2403	0.1766	0.1025	vegetacion
4.97284603410995	-73.85263019175518	0.024	0.0389	0.0219	0.0606	0.1808	0.1946	0.1034	0.0499	vegetacion
4.972844626057524	-73.85182178221017	0.0247	0.0388	0.026	0.0634	0.1779	0.2043	0.1187	0.061	vegetacion
4.972843217013898	-73.851013372897	0.0319	0.0446	0.0404	0.0733	0.1453	0.1714	0.1601	0.0986	vegetacion
4.97284180697907	-73.85020496381583	0.0328	0.0453	0.0458	0.0785	0.154	0.1778	0.1798	0.1105	vegetacion
4.97284039595304	-73.84939655496682	0.0235	0.0348	0.0273	0.0576	0.1445	0.1897	0.1259	0.07	vegetacion
4.972838983935814	-73.84858814635015	0.0222	0.0331	0.0304	0.0593	0.1316	0.1823	0.1402	0.0822	vegetacion
4.97283757092739	-73.84777973796595	0.042	0.0635	0.0722	0.1099	0.1634	0.1979	0.2701	0.1729	vegetacion
4.9728361569277695	-73.84697132981444	0.0448	0.0655	0.0758	0.1098	0.1617	0.2201	0.2679	0.1772	vegetacion
4.972834741936956	-73.84616292189573	0.0385	0.0557	0.0563	0.0949	0.1662	0.2028	0.231	0.1468	vegetacion
4.97283332595495	-73.84535451421	0.0442	0.0617	0.0658	0.0979	0.1601	0.2019	0.2343	0.1547	vegetacion
4.972831908981751	-73.84454610675743	0.0408	0.0578	0.0733	0.1021	0.1455	0.2054	0.2639	0.1742	vegetacion
4.972830491017364	-73.84373769953815	0.0326	0.052	0.0522	0.0913	0.1688	0.1892	0.2121	0.1256	vegetacion
4.972829072061787	-73.84292929255236	0.0248	0.0396	0.0311	0.0701	0.157	0.2376	0.1388	0.078	vegetacion
4.972827652115023	-73.84212088580018	0.0206	0.0353	0.0239	0.063	0.1535	0.1843	0.1208	0.0642	vegetacion
4.972039993254761	-73.85343999819706	0.0197	0.0344	0.0218	0.0616	0.1667	0.1729	0.1052	0.0531	vegetacion
4.9720385864231105	-73.85263158940458	0.0206	0.0319	0.0188	0.0518	0.1655	0.2268	0.0924	0.045	vegetacion
4.972037178600419	-73.8518231808438	0.0217	0.0355	0.0244	0.0607	0.1603	0.2322	0.1146	0.0608	vegetacion
4.972035769786688	-73.85101477251484	0.0351	0.0476	0.0496	0.0769	0.1369	0.1798	0.18	0.1185	vegetacion
4.972034359981915	-73.85020636441789	0.0338	0.0458	0.0433	0.0744	0.1486	0.1915	0.1779	0.1085	vegetacion
4.972032949186105	-73.8493979565531	0.0379	0.0571	0.0615	0.0992	0.1591	0.2059	0.2341	0.1478	vegetacion
4.972031537399259	-73.84858954892064	0.0319	0.0505	0.0515	0.0889	0.1577	0.1563	0.2065	0.1259	vegetacion
4.9720301246213765	-73.84778114152068	0.0482	0.0711	0.0854	0.123	0.1738	0.2007	0.2986	0.1975	vegetacion
4.9720287108524595	-73.84697273435336	0.0512	0.0733	0.0895	0.1246	0.1635	0.1981	0.3096	0.2112	vegetacion
4.972027296092512	-73.84616432741886	0.0561	0.0765	0.0921	0.1235	0.1576	0.2146	0.316	0.2261	vegetacion
4.9720258803415325	-73.84535592071735	0.0521	0.0749	0.0872	0.1178	0.1628	0.1855	0.2835	0.2039	vegetacion
4.972024463599523	-73.84454751424899	0.037	0.055	0.0599	0.0962	0.1536	0.1676	0.2353	0.1514	vegetacion
4.972023045866486	-73.84373910801392	0.0476	0.0737	0.0826	0.1254	0.1813	0.2068	0.2893	0.186	vegetacion
4.972021627142422	-73.84293070201234	0.0365	0.0554	0.0566	0.0972	0.1654	0.2005	0.22	0.1382	vegetacion
4.972020207427332	-73.84212229624437	0.0365	0.0538	0.0566	0.094	0.1541	0.1971	0.2345	0.1473	vegetacion
4.971231138716147	-73.85263298682419	0.0249	0.0371	0.0335	0.0626	0.1362	0.1603	0.1315	0.0814	vegetacion
4.971229731123187	-73.85182457924745	0.0253	0.0371	0.0345	0.0634	0.1345	0.1619	0.1397	0.0873	vegetacion
4.97122832253935	-73.85101617190257	0.0214	0.0317	0.0216	0.0519	0.1518	0.2054	0.1021	0.0526	vegetacion
4.971226912964634	-73.85020776478967	0.0291	0.0409	0.0388	0.0681	0.149	0.1813	0.1572	0.0968	vegetacion
4.971225502399043	-73.84939935790894	0.022	0.0339	0.0272	0.0587	0.1388	0.1762	0.1182	0.0665	vegetacion
4.9712240908425755	-73.84859095126055	0.0207	0.0305	0.0256	0.0547	0.131	0.1787	0.1174	0.0653	vegetacion
4.971222678295235	-73.84778254484462	0.0282	0.039	0.0339	0.0639	0.1373	0.1847	0.1575	0.0959	vegetacion
4.971221264757022	-73.84697413866137	0.0431	0.057	0.0687	0.0914	0.1276	0.1756	0.2479	0.1759	vegetacion
4.971219850227938	-73.84616573271092	0.0436	0.0593	0.0735	0.0986	0.1315	0.1634	0.2592	0.1786	vegetacion
4.971218434707986	-73.84535732699347	0.0429	0.0592	0.0687	0.0981	0.1497	0.1718	0.206	0.1393	vegetacion
4.971217018197165	-73.84454892150914	0.0436	0.0645	0.0787	0.1151	0.1542	0.1783	0.2913	0.1953	vegetacion
4.971215600695477	-73.84374051625814	0.0478	0.0716	0.0856	0.1215	0.1708	0.2212	0.2847	0.1933	vegetacion
4.9712141822029245	-73.84293211124059	0.0536	0.0768	0.1006	0.1306	0.1638	0.1878	0.3274	0.2296	vegetacion
4.971212762719508	-73.84212370645668	0.0521	0.077	0.0993	0.131	0.1707	0.1889	0.3251	0.2219	vegetacion
4.97042087527189	-73.85101757106017	0.0198	0.0295	0.0204	0.0496	0.1405	0.183	0.1001	0.0523	vegetacion
4.97041946592723	-73.85020916493117	0.0311	0.0432	0.0381	0.0676	0.1462	0.1796	0.1513	0.0924	vegetacion
4.970418055591854	-73.84940075903434	0.0268	0.0384	0.0378	0.0661	0.1325	0.1734	0.1513	0.0949	vegetacion
4.970416644265768	-73.84859235336984	0.0192	0.0294	0.0216	0.0505	0.1338	0.1626	0.1022	0.0555	vegetacion
4.9704152319489685	-73.84778394793783	0.0372	0.0505	0.0554	0.0854	0.1345	0.1884	0.2243	0.1481	vegetacion
4.9704138186414575	-73.84697554273845	0.0359	0.0488	0.0517	0.0797	0.1347	0.1551	0.1996	0.134	vegetacion
4.970412404343239	-73.8461671377719	0.0368	0.0489	0.0551	0.0798	0.1238	0.1455	0.2126	0.1431	vegetacion
4.970410989054312	-73.84535873303832	0.0338	0.0493	0.0528	0.0788	0.1395	0.1718	0.1611	0.105	vegetacion
4.970409572774678	-73.84455032853789	0.0427	0.0616	0.0731	0.1015	0.1475	0.1727	0.2348	0.1605	vegetacion
4.970408155504341	-73.84374192427076	0.0346	0.0487	0.0542	0.084	0.1404	0.1776	0.2113	0.1351	vegetacion
4.970406737243301	-73.8429335202371	0.0567	0.0839	0.1054	0.1413	0.1908	0.1885	0.3278	0.2222	vegetacion
4.970405317991557	-73.84212511643709	0.0561	0.0804	0.1055	0.1357	0.17	0.2408	0.3403	0.2392	vegetacion
4.969612018869706	-73.85021056484241	0.0198	0.0299	0.0204	0.0485	0.1427	0.1944	0.1034	0.0539	vegetacion
4.969610608764549	-73.84940215992933	0.0288	0.0405	0.0373	0.066	0.1334	0.1542	0.1574	0.094	vegetacion
4.969609197668839	-73.84859375524854	0.0228	0.0321	0.0293	0.0569	0.1251	0.1476	0.1272	0.0755	vegetacion
4.969607785582582	-73.84778535080025	0.0425	0.0607	0.0693	0.0967	0.1409	0.158	0.2299	0.1578	vegetacion
4.969606372505773	-73.84697694658462	0.0345	0.0483	0.0503	0.0794	0.1402	0.1674	0.2013	0.1286	vegetacion
4.969604958438417	-73.84616854260179	0.0288	0.0401	0.0413	0.0667	0.1223	0.1598	0.1698	0.1104	vegetacion
4.969603543380517	-73.84536013885194	0.033	0.0456	0.049	0.075	0.1288	0.1553	0.1854	0.1214	vegetacion
4.969602127332069	-73.84455173533524	0.0298	0.0433	0.0434	0.0719	0.1419	0.1912	0.149	0.0933	vegetacion
4.969600710293082	-73.84374333205183	0.0234	0.0351	0.0323	0.0621	0.1341	0.1469	0.1381	0.0809	vegetacion
4.969599292263551	-73.8429349290019	0.0471	0.0636	0.0792	0.1081	0.145	0.1759	0.2712	0.1913	vegetacion
4.96959787324348	-73.8421265261856	0.0508	0.0667	0.083	0.1108	0.1453	0.1792	0.2941	0.2073	vegetacion
4.9688031619171245	-73.84940356059384	0.0252	0.0362	0.0252	0.0559	0.1554	0.198	0.1185	0.0633	vegetacion
4.968801751051793	-73.84859515689665	0.0311	0.0446	0.0453	0.0769	0.1372	0.1729	0.1657	0.1077	vegetacion
4.968800339196075	-73.84778675343193	0.0401	0.0529	0.0603	0.0848	0.1257	0.1676	0.2181	0.1484	vegetacion
4.968798926349969	-73.84697835019985	0.0449	0.0582	0.0682	0.0926	0.132	0.1531	0.2438	0.1749	vegetacion
4.9687975125134765	-73.8461699472006	0.0364	0.0492	0.0592	0.0823	0.12	0.142	0.219	0.1543	vegetacion
4.9687960976866	-73.84536154443433	0.0334	0.0467	0.0492	0.0774	0.1396	0.1835	0.1972	0.1301	vegetacion
4.968794681869341	-73.84455314190117	0.0287	0.0399	0.0377	0.0657	0.1342	0.1632	0.1577	0.0969	vegetacion
4.968793265061701	-73.84374473960133	0.0266	0.0383	0.034	0.0649	0.1374	0.1729	0.1449	0.0853	vegetacion
4.968791847263679	-73.84293633753497	0.0443	0.0598	0.0723	0.1011	0.1408	0.176	0.2509	0.1737	vegetacion
4.967994304414634	-73.84859655831416	0.0267	0.0412	0.0356	0.0704	0.1456	0.1911	0.1413	0.0858	vegetacion
4.967992892789454	-73.84778815583284	0.0594	0.0893	0.1043	0.1363	0.1886	0.2143	0.2251	0.1679	vegetacion
4.967991480174049	-73.8469797535842	0.0434	0.0598	0.0655	0.0933	0.1434	0.1508	0.2103	0.1441	vegetacion
4.967990066568419	-73.84617135156833	0.0422	0.0579	0.0687	0.0961	0.1379	0.1668	0.2071	0.1451	vegetacion
4.967988651972568	-73.84536294978545	0.0322	0.0453	0.0522	0.0772	0.1214	0.1586	0.1908	0.128	vegetacion
4.967987236386494	-73.84455454823572	0.0401	0.0541	0.0637	0.0922	0.1346	0.1669	0.238	0.1656	vegetacion
4.967985819810203	-73.84374614691927	0.0518	0.0673	0.0879	0.1105	0.1292	0.1598	0.3104	0.227	vegetacion
4.9671840339780164	-73.84698115673758	0.0409	0.0555	0.0611	0.087	0.1317	0.2253	0.1967	0.1356	vegetacion
4.967182620603248	-73.84617275570498	0.0281	0.0399	0.0439	0.0697	0.12	0.1669	0.1688	0.1111	vegetacion
4.967181206238422	-73.84536435490536	0.0373	0.0508	0.0626	0.0866	0.1252	0.1355	0.2224	0.1513	vegetacion
4.9671797908835345	-73.84455595433884	0.0401	0.0538	0.0615	0.0889	0.1362	0.1755	0.2207	0.1503	vegetacion
4.967178374538589	-73.84374755400565	0.0519	0.0674	0.0845	0.1096	0.1379	0.1486	0.274	0.1996	vegetacion
4.966375174617971	-73.84617415961056	0.041	0.0562	0.0701	0.0945	0.1276	0.1392	0.2595	0.1837	vegetacion
4.966373760484165	-73.845365759794	0.038	0.0518	0.0611	0.0852	0.126	0.1613	0.2316	0.1605	vegetacion
4.966372345360465	-73.84455736021059	0.0222	0.0316	0.0279	0.052	0.1241	0.1621	0.1091	0.062	vegetacion
4.965566314709804	-73.84536716445142	0.0422	0.0564	0.065	0.0899	0.1286	0.1561	0.2232	0.1571	vegetacion
4.935673865956847	-73.8357186415029	0.0836	0.1131	0.1351	0.1752	0.2422	0.2752	0.3025	0.2416	urbana
4.935672447812858	-73.83491028196624	0.0856	0.1124	0.1598	0.1815	0.198	0.2406	0.2831	0.265	urbana
4.935671028685135	-73.83410192266481	0.2083	0.2339	0.2681	0.3075	0.3329	0.1767	0.3646	0.3408	urbana
4.935669608573679	-73.83329356359873	0.0778	0.1067	0.1349	0.173	0.2482	0.3798	0.293	0.2456	urbana
4.93566818747849	-73.83248520476819	0.066	0.0914	0.1084	0.1436	0.2388	0.3015	0.2553	0.2042	urbana
4.935666765399571	-73.83167684617332	0.0462	0.0752	0.0763	0.1212	0.1961	0.2081	0.2423	0.1549	urbana
4.9356653423369234	-73.83086848781431	0.0474	0.0804	0.0763	0.1317	0.2392	0.2699	0.2596	0.1586	urbana
4.93566391829055	-73.83006012969133	0.1158	0.145	0.1731	0.1941	0.2232	0.3201	0.2881	0.252	urbana
4.935662493260448	-73.82925177180452	0.0819	0.1091	0.1425	0.1734	0.2194	0.1856	0.3046	0.2605	urbana
4.9348664222054675	-73.83572004909546	0.0915	0.1224	0.1646	0.1954	0.2433	0.2604	0.3143	0.2776	urbana
4.9348650042945845	-73.83491169053558	0.0888	0.1212	0.159	0.1865	0.2237	0.1951	0.2996	0.2733	urbana
4.934863585400127	-73.83410333221087	0.0753	0.1027	0.1414	0.1737	0.2206	0.2717	0.2797	0.2378	urbana
4.934862165522098	-73.83329497412154	0.1006	0.1266	0.1667	0.1963	0.2295	0.1882	0.3094	0.2804	urbana
4.934860744660498	-73.83248661626774	0.0794	0.1061	0.1372	0.1659	0.2221	0.2042	0.2694	0.2317	urbana
4.934859322815332	-73.83167825864963	0.0892	0.1111	0.1374	0.1592	0.2075	0.339	0.2377	0.2131	urbana
4.934857899986597	-73.83086990126738	0.0732	0.0966	0.1114	0.1428	0.2172	0.2931	0.2387	0.1983	urbana
4.934058978434104	-73.8357214564549	0.0847	0.1179	0.1679	0.1966	0.2333	0.3057	0.322	0.2792	urbana
4.934057560756323	-73.8349130988716	0.0921	0.119	0.1634	0.1881	0.2266	0.1794	0.2891	0.2599	urbana
4.934056142095133	-73.83410474152349	0.0833	0.1172	0.1526	0.1955	0.2573	0.2196	0.3231	0.2593	urbana
4.934054722450529	-73.83329638441076	0.1045	0.1343	0.1856	0.2109	0.2369	0.2782	0.3397	0.3118	urbana
4.93405330182252	-73.83248802753354	0.0873	0.1149	0.1621	0.1875	0.2269	0.2586	0.3131	0.2853	urbana
4.9332515346427535	-73.83572286358122	0.1211	0.1623	0.1943	0.2214	0.2595	0.2841	0.3421	0.289	urbana
4.933250117198077	-73.83491450697436	0.1175	0.1468	0.1935	0.2194	0.2558	0.2561	0.33	0.2997	urbana
4.933248698770152	-73.83410615060268	0.1159	0.1495	0.1767	0.2137	0.2808	0.2508	0.3338	0.285	urbana
4.932444090831424	-73.83572427047442	0.0887	0.1212	0.1459	0.1817	0.2463	0.2723	0.3254	0.2575	urbana
4.932442673619851	-73.83491591484382	0.1054	0.1412	0.2027	0.2359	0.2818	0.2702	0.3701	0.3251	urbana
4.9316380629956615	-73.83653403202405	0.0455	0.0719	0.0788	0.119	0.2094	0.2123	0.2355	0.1566	urbana
5.005944274565067	-73.84853044239642	0.7828	0.7807	0.7796	0.8317	0.8285	0.9141	0.7379	0.6694	nube
5.0051410895621515	-73.85095719947397	0.7147	0.6886	0.6754	0.7264	0.7265	0.5965	0.6162	0.551	nube
5.005139670324608	-73.85014875089126	0.879	0.8582	0.8463	0.9007	0.8913	0.8912	0.7817	0.7052	nube
5.005138250089397	-73.84934030254078	0.7072	0.7222	0.7493	0.8223	0.84	0.8069	0.7566	0.6885	nube
5.005136828856516	-73.84853185442269	0.7196	0.701	0.6924	0.7432	0.7524	0.8036	0.6818	0.5991	nube
5.004336478165024	-73.85257550417752	0.586	0.5527	0.5279	0.5632	0.5768	0.5146	0.5379	0.4545	nube
5.004335061152578	-73.85176705612156	0.6527	0.6385	0.6276	0.6741	0.6809	0.6883	0.6144	0.5383	nube
5.004333643142622	-73.8509586082975	0.8627	0.8342	0.8109	0.8562	0.8397	0.7352	0.7306	0.6445	nube
5.0043322241351555	-73.8501501607055	0.8712	0.8581	0.848	0.8976	0.8859	0.8896	0.7845	0.6963	nube
5.004330804130184	-73.84934171334571	0.6704	0.6503	0.6354	0.677	0.6787	0.7391	0.5916	0.5074	nube
5.004329383127707	-73.84853326621831	0.8014	0.7841	0.776	0.827	0.8228	0.7473	0.7394	0.6605	nube
5.003529031265569	-73.85257691078982	0.6375	0.6286	0.6145	0.656	0.6621	0.6575	0.6035	0.5244	nube
5.003527614482876	-73.85176846372441	0.69	0.6653	0.6469	0.6892	0.6894	0.6926	0.6141	0.5325	nube
5.003526196702838	-73.85096001689088	0.8432	0.8259	0.8154	0.8657	0.8586	0.8376	0.7563	0.6749	nube
5.00352477792545	-73.8501515702894	0.7687	0.7616	0.765	0.8286	0.8362	0.8873	0.7506	0.6681	nube
5.003523358150717	-73.84934312392015	0.7163	0.6812	0.654	0.6932	0.682	0.548	0.5804	0.5003	nube
5.00352193737864	-73.84853467778328	0.7587	0.7488	0.7425	0.794	0.7931	0.8031	0.7069	0.647	nube
5.002721584345862	-73.85257831717229	0.6299	0.6189	0.6109	0.6573	0.6698	0.6159	0.6322	0.5525	nube
5.002720167792924	-73.85176987109723	0.7521	0.741	0.7344	0.7879	0.7875	0.799	0.7181	0.6436	nube
5.002718750242798	-73.85096142525407	0.7031	0.6999	0.7075	0.7653	0.7835	0.8679	0.7416	0.6539	nube
5.0027173316954885	-73.85015297964297	0.4034	0.4091	0.414	0.4638	0.5047	0.6751	0.4648	0.3973	nube
5.002715912150995	-73.84934453426409	0.6134	0.575	0.5447	0.571	0.5629	0.5035	0.4635	0.3866	nube
5.0027144916093205	-73.84853608911759	0.7322	0.6814	0.6394	0.6712	0.6577	0.6395	0.5639	0.4846	nube
5.001915552732067	-73.85338816864147	0.3398	0.3587	0.3735	0.4281	0.4833	0.5237	0.4764	0.43	nube
5.001914137405907	-73.85257972332491	0.5522	0.5492	0.5522	0.6049	0.6291	0.6426	0.5914	0.5395	nube
5.001912721082722	-73.85177127824007	0.6945	0.6811	0.6748	0.7237	0.7315	0.7939	0.676	0.6155	nube
5.001911303762513	-73.85096283338711	0.6518	0.6442	0.6435	0.6935	0.7088	0.8214	0.6621	0.587	nube
5.00190988544528	-73.85015438876621	0.3303	0.3325	0.3314	0.3717	0.4157	0.4148	0.3865	0.3118	nube
5.001908466131024	-73.84934594437755	0.6981	0.6543	0.6203	0.6479	0.6355	0.4841	0.5492	0.4634	nube
5.001907045819749	-73.84853750022124	0.8218	0.7793	0.7447	0.7816	0.7593	0.6749	0.6712	0.6024	nube
5.001108105542277	-73.8533895735742	0.3628	0.3646	0.3569	0.3987	0.4438	0.3208	0.4642	0.3879	nube
5.001106690445708	-73.85258112924768	0.5179	0.5244	0.5239	0.5714	0.5998	0.5889	0.5994	0.5228	nube
5.001105274352276	-73.85177268515288	0.3178	0.3343	0.3474	0.4006	0.4613	0.7072	0.4712	0.4103	nube
5.001103857261981	-73.85096424128999	0.2966	0.3013	0.3002	0.3363	0.3817	0.6837	0.3618	0.2978	nube
5.001102439174823	-73.85015579765913	0.4455	0.437	0.4254	0.4572	0.4777	0.3569	0.433	0.3608	nube
5.001101020090807	-73.8493473542605	0.6417	0.6328	0.6358	0.6887	0.6991	0.6088	0.6035	0.5676	nube
5.001099600009931	-73.84853891109425	0.719	0.713	0.7165	0.7756	0.7809	0.8416	0.6976	0.6551	nube
4.984841687367011	-73.78793599930268	0.972	0.944	0.9327	0.9855	0.967	0.9195	0.6877	0.5749	nube
4.984840196382756	-73.78712759403938	0.853	0.8669	0.8874	0.9558	0.9549	0.9549	0.6923	0.6307	nube
4.984035748621002	-73.78874588384818	1.0466	1.0163	0.9966	1.0447	1.0127	0.9615	0.7314	0.6344	nube
4.9840342588727795	-73.78793747932666	0.933	0.9282	0.9179	0.964	0.9392	1.0166	0.6648	0.5715	nube
4.984032768131205	-73.78712907504989	0.6105	0.5967	0.6008	0.6485	0.6613	0.8511	0.4228	0.3608	nube
4.98322980837655	-73.78955576642275	0.8746	0.8442	0.8205	0.8646	0.8378	0.824	0.6203	0.5599	nube
4.983228319864039	-73.78874736264302	0.8794	0.894	0.91	0.9761	0.964	0.9929	0.6651	0.607	nube
4.983226830358332	-73.78793895910789	0.6886	0.6881	0.7106	0.7775	0.7907	0.7254	0.5019	0.4671	nube
4.983225339859435	-73.7871305558175	0.7835	0.7186	0.6594	0.6722	0.6461	0.6616	0.4121	0.2851	nube
4.983223848367348	-73.78632215277202	0.6733	0.6298	0.599	0.6246	0.6132	0.6699	0.3766	0.266	nube
4.982423866634145	-73.79036564702672	0.5602	0.5333	0.5191	0.5549	0.5558	0.5874	0.3584	0.3047	nube
4.982422379357019	-73.7895572439888	0.6747	0.6168	0.567	0.5859	0.5731	0.5209	0.3544	0.2626	nube
4.982420891086858	-73.78874884119529	0.7534	0.6892	0.6421	0.667	0.6476	0.6857	0.3969	0.2947	nube
4.9824194018236705	-73.78794043864634	0.7465	0.6818	0.6407	0.6692	0.6511	0.5155	0.3964	0.2934	nube
4.98241791156745	-73.78713203634217	1.0203	0.956	0.9047	0.933	0.8905	0.8231	0.5993	0.4756	nube
4.982416420318204	-73.7863236342829	1.0277	0.9466	0.8813	0.8985	0.8476	0.8521	0.5545	0.4038	nube
4.98241492807593	-73.78551523246871	0.9671	0.9178	0.8811	0.9168	0.8811	0.8396	0.6322	0.5385	nube
4.981616437352209	-73.79036712336426	0.6161	0.5683	0.5284	0.5485	0.5351	0.4776	0.3527	0.272	nube
4.981614950317277	-73.7895587213124	0.719	0.675	0.6462	0.6769	0.6604	0.6432	0.4361	0.3625	nube
4.98161346228947	-73.78875031950494	0.8741	0.8216	0.7755	0.7962	0.7556	0.6887	0.5098	0.3957	nube
4.981611973268796	-73.78794191794206	0.9066	0.8249	0.7651	0.7856	0.7416	0.7192	0.4983	0.3698	nube
4.981610483255254	-73.78713351662394	1.0968	1.0212	0.9752	1.0161	0.9772	0.7343	0.6793	0.5657	nube
4.981608992248845	-73.78632511555072	1.178	1.1123	1.0633	1.0976	1.0461	1.0254	0.7049	0.5547	nube
4.980807521257327	-73.78956019839357	0.8305	0.7932	0.7667	0.8016	0.7781	0.7328	0.5444	0.4748	nube
4.9808060334718744	-73.788751797572	0.8113	0.7906	0.7795	0.8265	0.8106	0.7681	0.53	0.449	nube
4.980804544693716	-73.78794339699503	0.983	0.9514	0.9434	1.001	0.9752	0.9147	0.6504	0.5534	nube
4.98080305492285	-73.7871349966628	1.1161	1.0863	1.0758	1.1385	1.113	1.0738	0.7487	0.6314	nube
4.98080156415928	-73.78632659657545	1.2438	1.1977	1.1735	1.2286	1.1915	1.1849	0.8031	0.6539	nube
4.9800000921771765	-73.78956167523233	0.7752	0.7589	0.7442	0.7842	0.7639	0.77	0.5324	0.474	nube
4.979998604634075	-73.78875327539649	0.8045	0.7548	0.7211	0.7538	0.7303	0.6747	0.4704	0.366	nube
4.97999711609843	-73.78794487580524	0.9465	0.9077	0.8829	0.9256	0.8964	0.8032	0.615	0.5164	nube
4.979995626570242	-73.78713647645873	1.0962	1.0605	1.035	1.0823	1.0467	1.0065	0.726	0.6085	nube
4.979192663076822	-73.78956315182866	0.8997	0.8482	0.8048	0.8336	0.8006	0.6452	0.5633	0.4389	nube
4.979191175776074	-73.78875475297839	0.9257	0.8757	0.8343	0.8655	0.832	0.7555	0.5626	0.4539	nube
4.979189687482943	-73.7879463543727	1.002	0.9442	0.8979	0.9303	0.8888	0.7457	0.6301	0.5294	nube
4.978383746897878	-73.7887562303177	0.9053	0.8806	0.8689	0.9197	0.9	0.8758	0.6112	0.5026	nube
4.978382258847261	-73.78794783269741	1.0119	0.9654	0.9329	0.9799	0.9493	0.8786	0.6667	0.5573	nube
4.977576317999487	-73.78875770741442	0.8495	0.841	0.8376	0.89	0.88	0.7779	0.6433	0.5479	nube
5.01957903245017	-73.79757352170058	0.6181	0.5808	0.5386	0.5649	0.577	0.8323	0.5276	0.4407	nube
5.019577543035909	-73.79676507093616	0.7146	0.6934	0.6727	0.7172	0.7268	0.7833	0.6323	0.566	nube
5.019576052621163	-73.79595662041476	0.8656	0.8257	0.7977	0.8422	0.8393	0.894	0.7293	0.6862	nube
5.019574561205934	-73.79514817013653	1.0103	0.9899	0.9713	1.0347	1.047	1.0652	0.9497	0.864	nube
5.018771601928528	-73.79757500024246	0.4421	0.4492	0.4526	0.5177	0.5858	0.6314	0.5585	0.5214	nube
5.0187701127550275	-73.79676655047153	0.6342	0.5908	0.5562	0.5931	0.6166	0.5452	0.565	0.4999	nube
5.018768622581207	-73.79595810094364	0.6941	0.6545	0.6321	0.6802	0.7036	0.6914	0.6423	0.6026	nube
5.0187671314070625	-73.79514965165892	0.9524	0.961	0.9729	1.071	1.1201	0.8628	1.0404	0.9942	nube
5.018765639232599	-73.79434120261755	0.8803	0.8855	0.8946	0.9802	1.0301	1.3544	0.9889	0.95	nube
5.017964171386533	-73.79757647854345	0.4518	0.4608	0.4496	0.4976	0.5522	0.6246	0.5548	0.4552	nube
5.0179626824537955	-73.79676802976587	0.6044	0.625	0.6262	0.6787	0.7048	0.6838	0.645	0.5881	nube
5.0179611925208985	-73.79595958123133	0.7495	0.7273	0.7076	0.7514	0.7632	0.7664	0.6917	0.6406	nube
5.0179597015878405	-73.79515113293996	0.9202	0.8864	0.8568	0.9065	0.9188	0.8896	0.841	0.7742	nube
5.02287478511741	-73.83394831731333	0.7743	0.7441	0.7224	0.7652	0.7597	0.6747	0.659	0.5739	nube
5.022873339792534	-73.83313985180601	0.8779	0.8532	0.8288	0.8753	0.863	0.8046	0.7711	0.6981	nube
5.022871893466459	-73.83233138653438	0.79	0.7807	0.773	0.8296	0.8339	0.825	0.7659	0.6916	nube
5.022068788100526	-73.83475821682863	0.7474	0.7263	0.7086	0.7566	0.7568	0.5847	0.6842	0.6172	nube
5.022067344010173	-73.83394975208002	0.7944	0.7739	0.7602	0.8147	0.8175	0.7408	0.7403	0.6677	nube
5.022065898918783	-73.83314128756693	0.7501	0.7311	0.7188	0.7696	0.7777	0.8704	0.7086	0.6203	nube
5.022064452826357	-73.83233282328952	0.7103	0.6931	0.6813	0.73	0.7381	0.7227	0.6703	0.5885	nube
5.021262789595778	-73.83556811435756	0.3375	0.345	0.3479	0.3988	0.4565	0.4929	0.4388	0.3923	nube
5.021261346739625	-73.83475965036764	0.6898	0.6796	0.6748	0.7292	0.7425	0.6479	0.6779	0.6227	nube
5.021259902882598	-73.8339511866131	0.7292	0.7228	0.7213	0.7781	0.7859	0.7869	0.7099	0.6484	nube
5.021258458024693	-73.83314272309407	0.7041	0.6918	0.6856	0.7385	0.7506	0.8064	0.6834	0.6082	nube
5.021257012165917	-73.83233425981072	0.7201	0.6948	0.68	0.7272	0.7328	0.7324	0.664	0.587	nube
5.021255565306266	-73.83152579676322	0.7529	0.7276	0.7107	0.7564	0.7549	0.7947	0.6983	0.6306	nube
5.020452461734689	-73.8339526209126	0.5986	0.5873	0.5748	0.6206	0.636	0.6854	0.5943	0.5412	nube
5.02045101711027	-73.83314415838747	0.6517	0.6479	0.6444	0.6963	0.71	0.7041	0.6675	0.614	nube
5.020449571485141	-73.83233569609803	0.6281	0.6397	0.6466	0.7036	0.7187	0.7707	0.6698	0.6258	nube
5.020448124859299	-73.83152723404442	0.653	0.6555	0.6582	0.7147	0.7266	0.7825	0.692	0.6496	nube
