Latitude	Longitude	B02	B03	B04	B05	B06	B08	B11	B12	clase
4.999787048176879	-73.81909286212188	0.0444	0.0492	0.0415	0.0485	0.0496	0.0451	0.0345	0.0331	agua
4.999384229132977	-73.81949763332592	0.0523	0.0488	0.0354	0.0378	0.0381	0.0234	0.0348	0.0289	agua
4.999383501358456	-73.8190935850085	0.0972	0.087	0.0642	0.0625	0.0578	0.0788	0.0506	0.0354	agua
4.999382773335025	-73.81868953675064	0.0573	0.0605	0.052	0.0586	0.0595	0.0391	0.051	0.0497	agua
4.998981409717057	-73.8199024040361	0.0605	0.0698	0.0662	0.0739	0.0833	0.0348	0.067	0.0643	agua
4.998980682250461	-73.81949835590629	0.1568	0.1538	0.1395	0.1476	0.1546	0.1682	0.1381	0.1162	agua
4.998979954534976	-73.81909430783605	0.1313	0.1267	0.1085	0.1117	0.1152	0.1568	0.1008	0.0772	agua
4.998979226570597	-73.81869025982536	0.1107	0.114	0.1044	0.1124	0.1196	0.0974	0.1061	0.0928	agua
4.998579316839026	-73.82071122225409	0.0353	0.0343	0.0251	0.0327	0.0308	0.0115	0.0257	0.0295	agua
4.998578589929184	-73.82030717425242	0.0693	0.0764	0.0684	0.0743	0.0765	0.0629	0.0647	0.0557	agua
4.998577862770473	-73.81990312631025	0.1221	0.1196	0.1059	0.113	0.1224	0.1256	0.104	0.0836	agua
4.99857713536289	-73.8194990784276	0.1328	0.1381	0.132	0.1464	0.1591	0.1271	0.153	0.14	agua
4.998576407706436	-73.8190950306045	0.1733	0.1595	0.1353	0.1424	0.1403	0.1828	0.1363	0.1063	agua
4.99857567980111	-73.81869098284098	0.1603	0.162	0.1522	0.1675	0.1815	0.151	0.1643	0.1406	agua
4.998574951646915	-73.81828693513705	0.2003	0.186	0.1609	0.1681	0.1748	0.2372	0.1517	0.1157	agua
4.998176496371434	-73.82111599178897	0.1096	0.0995	0.0791	0.081	0.0775	0.0922	0.0673	0.0499	agua
4.998175769769417	-73.82071194397493	0.0352	0.0355	0.025	0.0269	0.0238	0.0194	0.0201	0.0191	agua
4.9981750429185485	-73.82030789622038	0.0571	0.0606	0.0523	0.0588	0.0621	0.0522	0.0461	0.0449	agua
4.998174315818828	-73.81990384852534	0.0749	0.0854	0.0819	0.0967	0.1122	0.0782	0.0992	0.0922	agua
4.998173588470258	-73.81949980088983	0.2108	0.2096	0.1995	0.2181	0.2373	0.2098	0.2204	0.1899	agua
4.998172860872835	-73.81909575331387	0.1832	0.1706	0.1511	0.1597	0.1615	0.2206	0.1576	0.1224	agua
4.998172133026564	-73.81869170579749	0.1253	0.1342	0.1331	0.1488	0.1684	0.1703	0.1386	0.1272	agua
4.998171404931442	-73.8182876583407	0.0562	0.0683	0.0686	0.0846	0.091	0.0923	0.0717	0.0685	agua
4.99777367553205	-73.82152076083007	0.0842	0.0888	0.0811	0.0898	0.0999	0.0532	0.0897	0.0759	agua
4.997772949237815	-73.82111671320368	0.168	0.1624	0.1441	0.1506	0.1538	0.1816	0.1302	0.0934	agua
4.997772222694749	-73.82071266563676	0.0675	0.0562	0.0341	0.0343	0.025	0.0485	0.0261	0.0166	agua
4.997771495902851	-73.82030861812932	0.0213	0.0253	0.0181	0.0227	0.0214	0.0073	0.0147	0.0177	agua
4.997770768862125	-73.8199045706814	0.0459	0.0557	0.0538	0.0646	0.076	0.0376	0.0641	0.0724	agua
4.997770041572567	-73.819500523293	0.161	0.181	0.1876	0.2128	0.239	0.2029	0.2015	0.1837	agua
4.997769314034176	-73.81909647596416	0.1524	0.1512	0.1383	0.1482	0.1568	0.192	0.1453	0.1141	agua
4.997768586246957	-73.81869242869489	0.0327	0.0287	0.0165	0.0196	0.0183	0.0294	0.0157	0.014	agua
4.997767858210909	-73.8182883814852	0.0225	0.0223	0.0106	0.0093	0.0098	0.0023	0.0035	0.0064	agua
4.99737012833444	-73.8215214819387	0.0935	0.1047	0.1047	0.1202	0.1344	0.1011	0.1089	0.092	agua
4.997369402099136	-73.82111743455941	0.1593	0.1582	0.1477	0.1635	0.178	0.1746	0.1459	0.1146	agua
4.997368675615022	-73.82071338723958	0.1157	0.1087	0.0894	0.0921	0.089	0.1371	0.0688	0.047	agua
4.997367948882097	-73.82030933997923	0.0185	0.0196	0.0093	0.0093	0.0035	0.0	0.0034	0.0032	agua
4.997367221900363	-73.81990529277842	0.0252	0.0281	0.0192	0.0226	0.0229	0.0099	0.016	0.0187	agua
4.997366494669817	-73.81950124563711	0.0326	0.0375	0.0317	0.0449	0.0448	0.0286	0.0372	0.044	agua
4.99736576719046	-73.81909719855537	0.0432	0.0567	0.0581	0.0697	0.0826	0.0422	0.0663	0.069	agua
4.997365039462292	-73.81869315153318	0.0365	0.0355	0.0214	0.0231	0.0187	0.0333	0.0138	0.0105	agua
4.997364311485317	-73.8182891045706	0.025	0.0256	0.0155	0.0188	0.0141	0.0106	0.0055	0.007	agua
4.997363583259531	-73.81788505766762	0.0243	0.0266	0.0148	0.0167	0.0118	0.0116	0.0073	0.0066	agua
4.996966581131774	-73.82152220298836	0.0566	0.067	0.0624	0.0743	0.0822	0.0468	0.0616	0.0597	agua
4.996965854955402	-73.82111815585614	0.1003	0.1102	0.1083	0.1227	0.1337	0.1307	0.0929	0.0787	agua
4.99696512853024	-73.82071410878339	0.0264	0.0309	0.0241	0.0284	0.0259	0.0228	0.0216	0.0198	agua
4.996964401856287	-73.82031006177013	0.0313	0.0311	0.0189	0.0197	0.0175	0.0163	0.0106	0.008	agua
4.996963674933545	-73.81990601481638	0.0238	0.0243	0.0135	0.0137	0.0107	0.0104	0.0077	0.0063	agua
4.996962947762009	-73.81950196792216	0.0284	0.0288	0.0172	0.0179	0.0141	0.0117	0.0076	0.0081	agua
4.996962220341685	-73.81909792108749	0.0233	0.0228	0.0115	0.0139	0.0089	0.0082	0.0042	0.005	agua
4.996961492672572	-73.81869387431239	0.0226	0.0251	0.0162	0.0191	0.0156	0.0104	0.0087	0.0081	agua
4.996960764754667	-73.81828982759687	0.0428	0.0426	0.0293	0.029	0.0276	0.0297	0.0177	0.0135	agua
4.996562307806611	-73.8211188770939	0.0223	0.026	0.0178	0.0199	0.0175	0.0079	0.0106	0.0123	agua
4.996561581440401	-73.82071483026822	0.0266	0.029	0.0184	0.0196	0.017	0.0132	0.0097	0.0106	agua
4.996560854825419	-73.82031078350201	0.0311	0.0347	0.0242	0.0264	0.0232	0.0202	0.0146	0.0151	agua
4.996560127961667	-73.81990673679532	0.0422	0.0429	0.0298	0.0329	0.0286	0.0252	0.022	0.0189	agua
4.996559400849145	-73.81950269014814	0.0495	0.0484	0.0352	0.0352	0.0334	0.0401	0.0253	0.0199	agua
4.996558673487854	-73.81909864356052	0.0299	0.0299	0.0182	0.0203	0.0154	0.016	0.0098	0.0092	agua
4.9961587606527615	-73.82111959827267	0.0382	0.0424	0.0323	0.036	0.0336	0.0301	0.0238	0.024	agua
4.996158034345503	-73.82071555169402	0.1024	0.1087	0.0993	0.1033	0.1057	0.1157	0.0869	0.0741	agua
4.996157307789493	-73.82031150517486	0.0863	0.0849	0.0697	0.0728	0.0718	0.0864	0.0619	0.0499	agua
4.996156580984733	-73.81990745871519	0.0879	0.0817	0.0652	0.0671	0.0656	0.0715	0.0577	0.0479	agua
4.996155853931224	-73.81950341231506	0.0658	0.0612	0.0456	0.0492	0.0454	0.0512	0.0449	0.0342	agua
4.995754487245548	-73.82071627306082	0.049	0.0563	0.0513	0.0615	0.0719	0.0249	0.0598	0.0612	agua
4.995753760748509	-73.82031222678867	0.1711	0.1597	0.1378	0.1468	0.1502	0.1547	0.1443	0.1157	agua
4.99535094014054	-73.82071699436864	0.0726	0.0733	0.0639	0.0727	0.0756	0.0439	0.0698	0.0704	agua
4.9413301710481345	-73.85192230254259	0.0209	0.0242	0.0123	0.0195	0.0066	0.0045	0.0023	0.0029	agua
4.9413294714545115	-73.85151828491286	0.0209	0.0247	0.0126	0.0196	0.0091	0.0059	0.0024	0.0042	agua
4.941328771614872	-73.85111426734107	0.0219	0.0264	0.0155	0.0219	0.011	0.0071	0.0055	0.0064	agua
4.940926618784797	-73.85192299707748	0.0216	0.0265	0.0137	0.0195	0.0085	0.0053	0.0035	0.004	agua
4.940925919248581	-73.85151897969206	0.0234	0.0273	0.0156	0.0214	0.0103	0.0093	0.0034	0.0044	agua
4.94092521946637	-73.85111496236453	0.0212	0.0256	0.0142	0.0215	0.0105	0.0066	0.0055	0.0078	agua
4.94092451943816	-73.85071094509495	0.0229	0.0264	0.016	0.023	0.0114	0.0103	0.0063	0.0061	agua
4.940523765749292	-73.85232770875405	0.0211	0.0252	0.0135	0.0191	0.0069	0.006	0.0026	0.0026	agua
4.940523066516464	-73.85192369155497	0.0204	0.0258	0.0143	0.0214	0.0103	0.0057	0.0031	0.0044	agua
4.940522367037657	-73.8515196744138	0.0258	0.0299	0.0168	0.0215	0.0112	0.0105	0.005	0.006	agua
4.940521667312873	-73.85111565733055	0.0213	0.0264	0.0147	0.0207	0.0114	0.0093	0.0051	0.0049	agua
4.940520967342112	-73.85071164030522	0.0197	0.0255	0.0126	0.0181	0.0082	0.0076	0.0017	0.0033	agua
4.940520267125373	-73.85030762333786	0.0196	0.0239	0.0129	0.019	0.0078	0.0059	0.0022	0.0032	agua
4.9401209123480605	-73.85273241994257	0.0204	0.0252	0.014	0.0184	0.0083	0.0051	0.0047	0.0031	agua
4.940120213418577	-73.85232840292986	0.0213	0.0233	0.009	0.0153	0.004	0.0	0.0025	0.0	agua
4.940119514243137	-73.85192438597502	0.0265	0.0281	0.0155	0.022	0.01	0.003	0.0065	0.0064	agua
4.940118814821737	-73.8515203690781	0.0304	0.0337	0.0215	0.028	0.0176	0.0165	0.0093	0.0086	agua
4.940118115154381	-73.85111635223909	0.0221	0.0248	0.013	0.0188	0.0065	0.008	0.0014	0.002	agua
4.940117415241068	-73.850712335458	0.0201	0.0248	0.0125	0.0193	0.0084	0.0048	0.0038	0.0016	agua
4.940116715081796	-73.85030831873488	0.0259	0.0293	0.0167	0.0221	0.0113	0.0091	0.0067	0.0058	agua
4.940116014676569	-73.84990430206973	0.022	0.0255	0.0131	0.0183	0.0091	0.0085	0.003	0.0038	agua
4.939717359954985	-73.85273311381677	0.023	0.0258	0.0123	0.0177	0.0056	0.0078	0.0012	0.0028	agua
4.939716661082867	-73.85232909704827	0.0901	0.0933	0.0789	0.0833	0.0764	0.0733	0.0708	0.0609	agua
4.939715961964813	-73.85192508033767	0.0898	0.0857	0.0671	0.0718	0.0579	0.0855	0.0513	0.0391	agua
4.9397152626008225	-73.85152106368496	0.0211	0.0233	0.0117	0.0198	0.0073	0.0081	0.0047	0.0037	agua
4.939714562990894	-73.85111704709016	0.0299	0.0325	0.0198	0.029	0.0173	0.0132	0.0105	0.0074	agua
4.939713863135029	-73.85071303055331	0.0398	0.0418	0.029	0.0362	0.0242	0.0234	0.018	0.0153	agua
4.939713163033225	-73.8503090140744	0.028	0.0318	0.0195	0.0245	0.0154	0.0175	0.0092	0.0085	agua
4.939712462685487	-73.84990499765347	0.0216	0.0256	0.0146	0.021	0.0112	0.0101	0.0029	0.0025	agua
4.939711762091812	-73.84950098129053	0.0203	0.0249	0.0124	0.0191	0.0071	0.0063	0.002	0.0027	agua
4.939314506125741	-73.85313782421571	0.1029	0.1008	0.0803	0.0838	0.0712	0.0942	0.0629	0.0484	agua
4.93931380755691	-73.85273380763357	0.0334	0.0334	0.0198	0.027	0.0182	0.0121	0.0161	0.0143	agua
4.939313108742162	-73.85232979110928	0.0917	0.0959	0.0859	0.1003	0.0952	0.0705	0.0874	0.0845	agua
4.939312409681496	-73.85192577464288	0.0637	0.0634	0.0499	0.0601	0.0515	0.0643	0.0431	0.0364	agua
4.939311710374913	-73.85152175823437	0.0228	0.026	0.0118	0.019	0.0047	0.0072	0.0019	0.0006	agua
4.9393110108224105	-73.85111774188377	0.0277	0.0349	0.0261	0.0369	0.0263	0.0119	0.0168	0.0208	agua
4.939310311023993	-73.85071372559112	0.0267	0.0307	0.0202	0.0296	0.018	0.0222	0.0112	0.0121	agua
4.9393096109796595	-73.85030970935641	0.0202	0.0247	0.0133	0.0198	0.0075	0.0058	0.0027	0.0008	agua
4.939308910689409	-73.84990569317968	0.0204	0.0247	0.0124	0.0179	0.0085	0.0062	0.0021	0.0014	agua
4.939308210153241	-73.84950167706096	0.0205	0.0244	0.0129	0.0182	0.0088	0.0063	0.0023	0.0019	agua
4.939307509371157	-73.84909766100024	0.0202	0.0252	0.0126	0.0174	0.0085	0.0074	0.0022	0.0027	agua
4.938910953665328	-73.85313851773095	0.0521	0.0663	0.0629	0.0817	0.0789	0.0392	0.0623	0.0662	agua
4.938910255153845	-73.852734501393	0.0751	0.0712	0.0526	0.0551	0.0413	0.0732	0.0377	0.0287	agua
4.938909556396462	-73.8523304851129	0.1065	0.1132	0.1034	0.1174	0.1125	0.1108	0.0991	0.0921	agua
4.938908857393183	-73.85192646889067	0.0648	0.0658	0.0487	0.0558	0.043	0.0523	0.046	0.0363	agua
4.938908158144008	-73.85152245272634	0.0721	0.0737	0.0565	0.0657	0.0535	0.0558	0.0457	0.0378	agua
4.938907458648934	-73.85111843661993	0.0454	0.0438	0.0281	0.0372	0.0232	0.0302	0.019	0.0153	agua
4.938906758907964	-73.85071442057145	0.0272	0.0302	0.0178	0.0236	0.0118	0.0117	0.0069	0.0052	agua
4.9389060589210985	-73.85031040458092	0.021	0.0252	0.0124	0.0186	0.0081	0.0089	0.0023	0.0025	agua
4.938905358688335	-73.84990638864838	0.0198	0.024	0.0127	0.018	0.0082	0.0061	0.0026	0.0029	agua
4.938904658209678	-73.84950237277383	0.0201	0.0247	0.0127	0.0184	0.0076	0.0064	0.0025	0.0008	agua
4.938508099408182	-73.85354322734047	0.0388	0.0384	0.025	0.0349	0.0217	0.0152	0.0154	0.0133	agua
4.938507401199922	-73.85313921118883	0.0395	0.0477	0.0359	0.0461	0.0361	0.0223	0.0308	0.0327	agua
4.938506702745785	-73.85273519509505	0.071	0.0736	0.0581	0.0695	0.0556	0.0664	0.047	0.0385	agua
4.938506004045769	-73.8523311790591	0.0712	0.0847	0.0799	0.0939	0.0893	0.066	0.0746	0.0738	agua
4.938505305099878	-73.85192716308103	0.095	0.1019	0.0921	0.1066	0.1003	0.0915	0.0897	0.0828	agua
4.9385046059081095	-73.85152314716088	0.0829	0.0835	0.0694	0.0773	0.07	0.0874	0.0624	0.0555	agua
4.938503906470466	-73.85111913129862	0.0486	0.0567	0.0452	0.053	0.0422	0.0414	0.0327	0.0315	agua
4.938503206786944	-73.85071511549428	0.0244	0.0273	0.0153	0.0224	0.0113	0.0132	0.0053	0.0051	agua
4.938502506857545	-73.85031109974793	0.0205	0.0255	0.013	0.0208	0.0092	0.0082	0.0027	0.003	agua
4.93850180668227	-73.84990708405954	0.0205	0.0239	0.0124	0.0192	0.0073	0.0068	0.0021	0.0036	agua
4.938104546880455	-73.85354392049685	0.0914	0.0923	0.073	0.0808	0.0673	0.0898	0.0571	0.0428	agua
4.93810384872952	-73.85313990458937	0.0406	0.0462	0.0352	0.0471	0.0368	0.0311	0.0281	0.0317	agua
4.93810315033273	-73.85273588873972	0.041	0.0489	0.0383	0.0438	0.0357	0.0418	0.0262	0.0247	agua
4.938102451690082	-73.8523318729479	0.0193	0.0253	0.0161	0.0267	0.0188	0.0037	0.0115	0.0182	agua
4.938101752801579	-73.85192785721398	0.0208	0.0302	0.0222	0.0349	0.0285	0.0119	0.0211	0.0276	agua
4.938101053667218	-73.85152384153795	0.0291	0.0386	0.0306	0.0411	0.033	0.0237	0.0243	0.025	agua
4.938100354287	-73.85111982591984	0.0224	0.0285	0.0178	0.0248	0.0159	0.0117	0.0078	0.01	agua
4.938099654660925	-73.85071581035965	0.0242	0.028	0.0153	0.0212	0.0102	0.0111	0.0042	0.0029	agua
4.9380989547889955	-73.85031179485743	0.0202	0.0247	0.0122	0.0192	0.008	0.006	0.0028	0.0032	agua
4.937701692195503	-73.85394862931707	0.1195	0.1163	0.1002	0.1113	0.1028	0.1097	0.0953	0.0821	agua
4.9377009943477335	-73.85354461359589	0.0645	0.0682	0.0542	0.0658	0.0535	0.068	0.0428	0.0369	agua
4.937700296254127	-73.85314059793252	0.0221	0.0265	0.0131	0.0215	0.0085	0.0075	0.0035	0.004	agua
4.937699597914683	-73.85273658232698	0.021	0.0256	0.0127	0.0216	0.0067	0.005	0.0031	0.0033	agua
4.937698899329403	-73.85233256677931	0.0223	0.0277	0.0148	0.0206	0.0073	0.0085	0.0029	0.0018	agua
4.937698200498286	-73.8519285512895	0.0212	0.0263	0.0137	0.0173	0.007	0.0063	0.0016	0.0011	agua
4.937697501421332	-73.85152453585759	0.0206	0.0254	0.0128	0.0185	0.0064	0.0062	0.0006	0.0024	agua
4.937696802098542	-73.8511205204836	0.021	0.0258	0.0128	0.0191	0.0087	0.0058	0.0024	0.0025	agua
4.937298139600486	-73.85394932211467	0.0871	0.0875	0.0714	0.085	0.0726	0.1142	0.0628	0.0577	agua
4.9372974418100215	-73.85354530663759	0.0126	0.0219	0.0108	0.02	0.0079	0.0	0.0041	0.0045	agua
4.937296743773741	-73.85314129121832	0.0222	0.0277	0.0148	0.0228	0.0099	0.0084	0.003	0.0039	agua
4.937296045491646	-73.8527372758569	0.022	0.0275	0.0142	0.0218	0.0102	0.0081	0.0035	0.0026	agua
4.937295346963732	-73.85233326055331	0.0214	0.0275	0.0141	0.0208	0.0071	0.0072	0.003	0.0045	agua
4.937294648190002	-73.8519292453076	0.0215	0.0266	0.0136	0.02	0.0091	0.0078	0.0046	0.0037	agua
4.9372939491704555	-73.85152523011979	0.0211	0.0258	0.0131	0.0198	0.0097	0.0071	0.0022	0.0021	agua
4.936893889267319	-73.85354599962194	0.0218	0.0275	0.014	0.0235	0.0121	0.0094	0.004	0.0031	agua
4.936893191288366	-73.85314198444676	0.0228	0.0305	0.0159	0.0257	0.0141	0.0125	0.0044	0.0046	agua
4.936892493063616	-73.85273796932941	0.0219	0.0289	0.0153	0.0248	0.0132	0.0106	0.005	0.004	agua
4.936891794593069	-73.85233395426991	0.0213	0.0264	0.014	0.0214	0.0093	0.0081	0.0032	0.0038	agua
4.936891095876726	-73.85192993926829	0.0211	0.0264	0.0137	0.0203	0.009	0.0082	0.0029	0.003	agua
4.936490336719622	-73.85354669254896	0.021	0.0269	0.0134	0.0221	0.0094	0.0085	0.0025	0.0024	agua
4.936489638797995	-73.85314267761784	0.0206	0.0256	0.0138	0.0225	0.0104	0.0088	0.0041	0.0037	agua
4.936488940630592	-73.85273866274454	0.0219	0.0289	0.0138	0.0242	0.0124	0.012	0.0045	0.004	agua
4.936488242217412	-73.85233464792911	0.0213	0.0267	0.0146	0.0213	0.0112	0.0094	0.0039	0.004	agua
4.936086086302636	-73.85314337073156	0.0211	0.0248	0.0128	0.0219	0.0093	0.0077	0.0031	0.003	agua
4.93608538819258	-73.85273935610229	0.0203	0.0251	0.0123	0.0226	0.0117	0.007	0.0032	0.0027	agua
4.934088453766636	-73.86486324938535	0.0219	0.0274	0.0149	0.0222	0.0066	0.0043	0.0036	0.0045	agua
4.93368558998393	-73.86526794997273	0.0227	0.0288	0.0156	0.0222	0.0069	0.0064	0.0029	0.0043	agua
4.933684899587082	-73.8648639350812	0.0233	0.0284	0.016	0.0224	0.0076	0.005	0.0029	0.0041	agua
4.933684208944592	-73.8644599202469	0.0237	0.0293	0.0159	0.0224	0.0082	0.0069	0.0033	0.0035	agua
4.933683518056463	-73.86405590546987	0.0232	0.0288	0.0161	0.0235	0.0093	0.0071	0.0033	0.0043	agua
4.933282725837136	-73.86567265007275	0.0253	0.0305	0.0172	0.0265	0.012	0.0089	0.0049	0.0045	agua
4.933282035742649	-73.8652686353679	0.0228	0.0276	0.0148	0.0242	0.0094	0.005	0.0043	0.003	agua
4.93328134540254	-73.86486462072027	0.0235	0.0285	0.0155	0.0268	0.0086	0.0081	0.0039	0.0042	agua
4.933280654816811	-73.86446060612988	0.0238	0.0284	0.0161	0.0279	0.0095	0.0086	0.0034	0.0059	agua
4.933279963985464	-73.86405659159675	0.0222	0.0272	0.0141	0.0255	0.0097	0.0079	0.0032	0.0028	agua
4.9332792729084955	-73.86365257712089	0.0226	0.0284	0.0154	0.0259	0.0093	0.0076	0.0029	0.0031	agua
4.9328798613263185	-73.86607734968545	0.0248	0.0324	0.0192	0.0299	0.016	0.0077	0.0081	0.0081	agua
4.93287917153415	-73.86567333516729	0.0324	0.0377	0.0246	0.0345	0.0188	0.0195	0.0105	0.0099	agua
4.932878481496382	-73.86526932070632	0.0286	0.0326	0.0194	0.0278	0.0112	0.013	0.0054	0.0065	agua
4.932877791213015	-73.86486530630256	0.0234	0.0289	0.0165	0.0269	0.0096	0.0062	0.0045	0.0051	agua
4.932877100684046	-73.86446129195606	0.0237	0.0281	0.0163	0.0258	0.0098	0.0088	0.0044	0.0071	agua
4.932876409909478	-73.86405727766682	0.023	0.0283	0.0144	0.0281	0.0116	0.0076	0.0031	0.0034	agua
4.932875718889311	-73.86365326343486	0.0214	0.0274	0.0147	0.028	0.0094	0.0084	0.0033	0.0032	agua
4.932875027623546	-73.86324924926018	0.0205	0.026	0.0135	0.0234	0.0077	0.006	0.0028	0.0039	agua
4.932874336112179	-73.86284523514284	0.0204	0.0255	0.0142	0.0229	0.0083	0.0062	0.0027	0.0036	agua
4.932476996451533	-73.86648204881087	0.0229	0.0277	0.0156	0.0217	0.0074	0.0051	0.0029	0.002	agua
4.932476306961646	-73.86607803447939	0.0228	0.0269	0.0146	0.0213	0.0091	0.0057	0.0047	0.0041	agua
4.932475617226177	-73.86567402020508	0.0215	0.0273	0.0151	0.0264	0.0086	0.0064	0.0038	0.006	agua
4.932474927245129	-73.86527000598798	0.0233	0.0293	0.0181	0.0276	0.0127	0.0084	0.0077	0.0079	agua
4.9324742370185	-73.86486599182808	0.0225	0.0282	0.0149	0.0242	0.0085	0.0078	0.0025	0.0028	agua
4.9324735465462926	-73.86446197772544	0.0227	0.0281	0.0153	0.0253	0.0098	0.0073	0.0037	0.0062	agua
4.9324728558285065	-73.86405796368007	0.0264	0.0315	0.0185	0.0287	0.0123	0.0124	0.0043	0.0076	agua
4.93247216486514	-73.86365394969195	0.0214	0.0265	0.0142	0.0268	0.0095	0.0074	0.003	0.0047	agua
4.932471473656194	-73.86324993576115	0.0206	0.0257	0.0136	0.026	0.0073	0.0066	0.0026	0.0034	agua
4.932470782201669	-73.86284592188768	0.0207	0.0261	0.0135	0.0272	0.0079	0.0063	0.0024	0.0032	agua
4.9324700905015675	-73.86244190807153	0.0215	0.0267	0.0136	0.0232	0.0084	0.0067	0.0026	0.0033	agua
4.932074131212842	-73.86688674744906	0.0235	0.0283	0.0156	0.0222	0.0077	0.005	0.0028	0.0045	agua
4.932073442025194	-73.86648273330425	0.0221	0.0279	0.015	0.0228	0.0075	0.0049	0.0033	0.0031	agua
4.932072752591986	-73.8660787192166	0.0216	0.0276	0.0148	0.0232	0.0067	0.0047	0.0022	0.004	agua
4.932072062913218	-73.86567470518614	0.0222	0.0267	0.0138	0.0237	0.0076	0.0053	0.003	0.0027	agua
4.93207137298889	-73.86527069121288	0.0218	0.0271	0.0146	0.0223	0.007	0.005	0.0018	0.0033	agua
4.932070682819002	-73.86486667729683	0.0231	0.0279	0.0145	0.023	0.008	0.0065	0.0029	0.0027	agua
4.932069992403555	-73.86446266343803	0.0217	0.028	0.0148	0.0243	0.0098	0.0075	0.0039	0.004	agua
4.9320693017425485	-73.86405864963649	0.0215	0.0275	0.0142	0.0237	0.01	0.0069	0.0031	0.0073	agua
4.932068610835983	-73.86365463589223	0.0205	0.0266	0.0138	0.0246	0.0087	0.0068	0.0028	0.005	agua
4.932067919683858	-73.86325062220527	0.0211	0.027	0.014	0.0252	0.0078	0.007	0.0021	0.0035	agua
4.932067228286176	-73.86284660857564	0.0206	0.0273	0.0138	0.0262	0.0081	0.0064	0.0025	0.0029	agua
4.9320665366429335	-73.86244259500334	0.0212	0.0264	0.0137	0.0223	0.0078	0.0067	0.0026	0.0036	agua
4.932065844754134	-73.8620385814884	0.0208	0.026	0.014	0.0223	0.0087	0.0063	0.0029	0.0055	agua
4.932065152619774	-73.86163456803087	0.0207	0.0255	0.0137	0.0228	0.0085	0.0075	0.003	0.0059	agua
4.93167126561031	-73.86729144560003	0.0226	0.029	0.0153	0.023	0.0071	0.0048	0.0024	0.0037	agua
4.93167057672486	-73.86688743164191	0.0224	0.0282	0.0154	0.023	0.007	0.0047	0.0025	0.0037	agua
4.9316698875938725	-73.86648341774094	0.0224	0.028	0.015	0.0221	0.0075	0.0051	0.0027	0.0033	agua
4.931669198217344	-73.86607940389712	0.0222	0.0274	0.0149	0.0221	0.0071	0.0056	0.0029	0.0034	agua
4.931668508595276	-73.86567539011047	0.0221	0.0288	0.0152	0.0238	0.0071	0.0062	0.0027	0.0034	agua
4.931667818727667	-73.86527137638103	0.0221	0.0281	0.0147	0.0231	0.0077	0.0065	0.0029	0.0032	agua
4.931667128614519	-73.86486736270881	0.0223	0.0288	0.0153	0.0235	0.0103	0.0074	0.0039	0.0036	agua
4.931666438255833	-73.86446334909384	0.0221	0.0284	0.0149	0.0243	0.0099	0.0078	0.003	0.0033	agua
4.931665747651608	-73.86405933553613	0.0206	0.0272	0.0142	0.0237	0.01	0.0069	0.0025	0.0049	agua
4.931665056801842	-73.86365532203567	0.0207	0.0263	0.0134	0.0232	0.0088	0.0069	0.0026	0.0043	agua
4.931664365706538	-73.86325130859255	0.0207	0.0269	0.014	0.0252	0.0079	0.0073	0.0021	0.0045	agua
4.931663674365697	-73.86284729520673	0.0223	0.0266	0.0138	0.0255	0.0083	0.0066	0.0024	0.0037	agua
4.931662982779317	-73.86244328187826	0.0212	0.0261	0.0133	0.0215	0.0079	0.0069	0.0027	0.0049	agua
4.931662290947398	-73.86203926860713	0.0203	0.0259	0.0133	0.023	0.009	0.0068	0.0025	0.0034	agua
4.931661598869941	-73.86163525539341	0.0201	0.0255	0.013	0.0223	0.0095	0.0075	0.0026	0.0048	agua
4.931660906546946	-73.8612312422371	0.0186	0.0241	0.013	0.0237	0.0107	0.0088	0.003	0.0037	agua
4.9312663331575655	-73.86648410212092	0.0222	0.0281	0.0156	0.0233	0.0073	0.0054	0.0025	0.0035	agua
4.931265643837716	-73.86608008852092	0.0226	0.0285	0.0154	0.022	0.0076	0.0054	0.0022	0.0035	agua
4.931264954272348	-73.86567607497808	0.0228	0.0282	0.0153	0.0236	0.0074	0.0064	0.0025	0.0029	agua
4.9312642644614595	-73.86527206149243	0.0232	0.0297	0.0152	0.0238	0.0086	0.0065	0.0033	0.0033	agua
4.931263574405053	-73.86486804806403	0.0221	0.0301	0.0158	0.0245	0.0107	0.008	0.0036	0.0033	agua
4.931262884103126	-73.86446403469283	0.022	0.0279	0.0149	0.025	0.0087	0.0076	0.0026	0.0032	agua
4.93126219355568	-73.86406002137892	0.0209	0.027	0.0137	0.0238	0.0102	0.0072	0.0032	0.0036	agua
4.931261502762716	-73.86365600812229	0.0211	0.0266	0.0132	0.0238	0.009	0.0068	0.0024	0.0034	agua
4.931260811724234	-73.86325199492295	0.0214	0.0255	0.0134	0.0247	0.0084	0.0065	0.0022	0.0027	agua
4.931260120440232	-73.86284798178093	0.021	0.0257	0.0133	0.0255	0.0078	0.0066	0.0025	0.0043	agua
4.931259428910713	-73.86244396869625	0.0201	0.0267	0.0132	0.0217	0.0084	0.007	0.0025	0.0046	agua
4.931258737135677	-73.86203995566896	0.0201	0.0253	0.0131	0.0229	0.0094	0.0073	0.0023	0.0024	agua
4.931258045115122	-73.86163594269902	0.0193	0.0242	0.0126	0.0232	0.0098	0.0075	0.0027	0.0018	agua
4.931257352849048	-73.8612319297865	0.0194	0.0245	0.0127	0.0253	0.0099	0.0084	0.0033	0.0031	agua
4.930862089453107	-73.86608077308799	0.0234	0.0287	0.0152	0.0228	0.0084	0.0062	0.0023	0.0029	agua
4.930861399944438	-73.86567675978894	0.0226	0.0285	0.0152	0.0233	0.0091	0.0064	0.0026	0.0025	agua
4.930860710190269	-73.86527274654708	0.0228	0.0292	0.0155	0.0242	0.009	0.0067	0.0034	0.0032	agua
4.930860020190601	-73.86486873336244	0.0217	0.028	0.0147	0.0245	0.0095	0.0075	0.0029	0.004	agua
4.930859329945434	-73.86446472023505	0.0223	0.0273	0.0145	0.0244	0.0085	0.0072	0.0024	0.0038	agua
4.930858639454771	-73.86406070716492	0.0214	0.0271	0.014	0.0242	0.0088	0.007	0.0031	0.0027	agua
4.930857948718606	-73.86365669415206	0.0209	0.0265	0.0132	0.0244	0.0089	0.0066	0.0024	0.0026	agua
4.930857257736944	-73.8632526811965	0.0211	0.0257	0.0136	0.025	0.0083	0.0066	0.0025	0.0038	agua
4.930856566509784	-73.86284866829828	0.0205	0.0256	0.0134	0.0251	0.0079	0.0066	0.0025	0.004	agua
4.9308558750371265	-73.86244465545738	0.0194	0.0255	0.0128	0.0219	0.0086	0.007	0.0024	0.0035	agua
4.930855183318971	-73.86204064267386	0.0193	0.0244	0.0118	0.0239	0.0095	0.0072	0.0022	0.0021	agua
4.930457845611541	-73.86567744454307	0.0223	0.0285	0.0153	0.0236	0.0087	0.0065	0.0029	0.0028	agua
4.930457155914095	-73.86527343154498	0.0225	0.0284	0.0156	0.0247	0.0085	0.0069	0.0032	0.0038	agua
4.930456465971165	-73.8648694186041	0.0226	0.0267	0.0142	0.0244	0.0087	0.0066	0.0028	0.0037	agua
4.93045577578276	-73.86446540572047	0.0211	0.0266	0.0142	0.0248	0.0091	0.0068	0.0028	0.0036	agua
4.930455085348876	-73.8640613928941	0.0216	0.0263	0.0137	0.0246	0.0089	0.007	0.0027	0.0031	agua
4.930454394669511	-73.863657380125	0.0212	0.0263	0.0134	0.0259	0.0089	0.0071	0.0028	0.0043	agua
4.93045370374467	-73.86325336741321	0.0209	0.0257	0.0131	0.0246	0.0083	0.0066	0.0027	0.0041	agua
4.930453012574351	-73.86284935475874	0.0201	0.0258	0.0132	0.0243	0.0086	0.0067	0.0025	0.0034	agua
4.930052911746747	-73.86487010378899	0.0218	0.0267	0.0138	0.0236	0.0078	0.0068	0.0028	0.0033	agua
4.930052221615102	-73.8644660911491	0.0211	0.0273	0.014	0.024	0.0081	0.0069	0.0028	0.0033	agua
4.930051531237997	-73.86406207856646	0.021	0.0257	0.0137	0.0237	0.0088	0.007	0.0028	0.0044	agua
4.940918208114405	-73.84707479227922	0.0196	0.0237	0.0116	0.0184	0.0088	0.0065	0.0017	0.0024	agua
4.940917505626226	-73.84667077559013	0.0189	0.0232	0.0118	0.0183	0.0082	0.0066	0.0017	0.0026	agua
4.940916802892053	-73.84626675895919	0.0194	0.0234	0.0119	0.0183	0.0083	0.0067	0.002	0.0019	agua
4.9409160999118855	-73.84586274238643	0.02	0.0237	0.0119	0.019	0.0085	0.0068	0.0023	0.0022	agua
4.940915396685722	-73.84545872587188	0.0191	0.0238	0.0118	0.0195	0.0084	0.0067	0.0022	0.0026	agua
4.9409146932135615	-73.84505470941555	0.0204	0.0249	0.0128	0.0214	0.0088	0.0067	0.0021	0.0028	agua
4.9409139894954075	-73.84465069301746	0.0198	0.0259	0.0129	0.0242	0.0082	0.0069	0.0016	0.0027	agua
4.940913285531259	-73.84424667667763	0.0193	0.0252	0.0123	0.0245	0.0089	0.0072	0.0019	0.0022	agua
4.940521667312873	-73.85111565733055	0.0213	0.0264	0.0147	0.0207	0.0114	0.0093	0.0051	0.0049	agua
4.940520967342112	-73.85071164030522	0.0197	0.0255	0.0126	0.0181	0.0082	0.0076	0.0017	0.0033	agua
4.940520267125373	-73.85030762333786	0.0196	0.0239	0.0129	0.019	0.0078	0.0059	0.0022	0.0032	agua
4.9405195666626565	-73.84990360642847	0.02	0.0236	0.0115	0.0197	0.008	0.0073	0.0016	0.0036	agua
4.940518865953964	-73.84949958957708	0.0195	0.0228	0.0115	0.0202	0.0079	0.0068	0.0021	0.0037	agua
4.940518164999292	-73.84909557278371	0.0193	0.0234	0.0113	0.0204	0.0081	0.0069	0.0024	0.0025	agua
4.9405174637986455	-73.84869155604838	0.0187	0.0234	0.0118	0.0186	0.008	0.0074	0.0026	0.0025	agua
4.940516762352023	-73.8482875393711	0.0191	0.0242	0.0121	0.018	0.008	0.0064	0.0024	0.0028	agua
4.940516060659424	-73.8478835227519	0.0197	0.0236	0.0121	0.018	0.0074	0.0065	0.0021	0.0035	agua
4.940515358720848	-73.84747950619081	0.0192	0.0232	0.0118	0.0186	0.0085	0.0065	0.0022	0.0032	agua
4.940514656536298	-73.84707548968782	0.02	0.0242	0.0122	0.018	0.0086	0.0066	0.0022	0.0032	agua
4.94051395410577	-73.84667147324299	0.0196	0.0243	0.0123	0.0182	0.008	0.0065	0.0022	0.0027	agua
4.940513251429267	-73.84626745685631	0.0205	0.0244	0.0128	0.0193	0.0094	0.0067	0.0016	0.0028	agua
4.940512548506789	-73.84586344052782	0.0212	0.0263	0.0142	0.0223	0.0086	0.0071	0.0027	0.0024	agua
4.940511845338336	-73.84545942425753	0.0205	0.0262	0.0135	0.0254	0.0096	0.0071	0.0023	0.0022	agua
4.940511141923906	-73.84505540804545	0.0206	0.0262	0.0133	0.026	0.009	0.0071	0.0021	0.0027	agua
4.940510438263504	-73.84465139189162	0.0203	0.0264	0.0127	0.0237	0.0093	0.0069	0.0016	0.0032	agua
4.940117415241068	-73.850712335458	0.0201	0.0248	0.0125	0.0193	0.0084	0.0048	0.0038	0.0016	agua
4.940116715081796	-73.85030831873488	0.0259	0.0293	0.0167	0.0221	0.0113	0.0091	0.0067	0.0058	agua
4.940116014676569	-73.84990430206973	0.022	0.0255	0.0131	0.0183	0.0091	0.0085	0.003	0.0038	agua
4.940115314025385	-73.84950028546258	0.0194	0.0233	0.0118	0.0201	0.0069	0.0064	0.0023	0.0032	agua
4.940114613128244	-73.84909626891344	0.0198	0.0246	0.0117	0.0184	0.0086	0.0071	0.002	0.0022	agua
4.940113911985146	-73.84869225242237	0.0188	0.0233	0.0118	0.0173	0.008	0.0064	0.0021	0.0023	agua
4.940113210596093	-73.84828823598932	0.0195	0.0246	0.0116	0.0182	0.0079	0.0065	0.002	0.0027	agua
4.940112508961081	-73.84788421961437	0.0188	0.024	0.0119	0.0182	0.0074	0.0065	0.002	0.0033	agua
4.940111807080116	-73.84748020329751	0.0199	0.0241	0.012	0.0186	0.0081	0.0069	0.0019	0.0033	agua
4.9401111049531945	-73.84707618703877	0.0201	0.025	0.0125	0.0185	0.0085	0.0065	0.0022	0.0037	agua
4.940110402580318	-73.84667217083818	0.0199	0.025	0.013	0.0189	0.0088	0.007	0.002	0.0027	agua
4.940109699961486	-73.84626815469574	0.0214	0.0266	0.0142	0.0208	0.0099	0.0074	0.0017	0.0034	agua
4.940108997096697	-73.84586413861147	0.0214	0.0272	0.0143	0.0268	0.0096	0.0081	0.0025	0.0038	agua
4.940108293985955	-73.84546012258542	0.0208	0.028	0.0147	0.0265	0.0099	0.0076	0.0025	0.0033	agua
4.940107590629257	-73.84505610661759	0.0211	0.0276	0.0136	0.0253	0.0093	0.0074	0.002	0.0029	agua
4.939713863135029	-73.85071303055331	0.0398	0.0418	0.029	0.0362	0.0242	0.0234	0.018	0.0153	agua
4.939713163033225	-73.8503090140744	0.028	0.0318	0.0195	0.0245	0.0154	0.0175	0.0092	0.0085	agua
4.939712462685487	-73.84990499765347	0.0216	0.0256	0.0146	0.021	0.0112	0.0101	0.0029	0.0025	agua
4.939711762091812	-73.84950098129053	0.0203	0.0249	0.0124	0.0191	0.0071	0.0063	0.002	0.0027	agua
4.9397110612522	-73.84909696498562	0.0198	0.0236	0.0124	0.018	0.0089	0.007	0.0022	0.0024	agua
4.93971036016665	-73.84869294873876	0.0194	0.0236	0.0117	0.0177	0.0082	0.0066	0.0017	0.0019	agua
4.939709658835165	-73.84828893254993	0.0196	0.0234	0.012	0.0185	0.0074	0.006	0.0019	0.0029	agua
4.939708957257745	-73.8478849164192	0.0203	0.0251	0.0124	0.0186	0.0074	0.0066	0.0017	0.0029	agua
4.93970825543439	-73.84748090034655	0.0204	0.0253	0.0131	0.0192	0.0085	0.0072	0.0018	0.0036	agua
4.939707553365096	-73.84707688433204	0.0213	0.0263	0.0131	0.019	0.0086	0.0068	0.0022	0.0041	agua
4.93970685104987	-73.84667286837566	0.0213	0.027	0.014	0.0204	0.0097	0.0078	0.0024	0.0037	agua
4.939706148488708	-73.84626885247745	0.0217	0.0272	0.0144	0.022	0.0101	0.0075	0.0024	0.0037	agua
4.939705445681609	-73.8458648366374	0.0216	0.027	0.0143	0.0294	0.0102	0.008	0.0024	0.0032	agua
4.939704742628577	-73.84546082085556	0.0214	0.0294	0.0145	0.0267	0.0111	0.008	0.0024	0.0035	agua
4.9393096109796595	-73.85030970935641	0.0202	0.0247	0.0133	0.0198	0.0075	0.0058	0.0027	0.0008	agua
4.939308910689409	-73.84990569317968	0.0204	0.0247	0.0124	0.0179	0.0085	0.0062	0.0021	0.0014	agua
4.939308210153241	-73.84950167706096	0.0205	0.0244	0.0129	0.0182	0.0088	0.0063	0.0023	0.0019	agua
4.939307509371157	-73.84909766100024	0.0202	0.0252	0.0126	0.0174	0.0085	0.0074	0.0022	0.0027	agua
4.939306808343159	-73.84869364499757	0.0205	0.0246	0.0123	0.0182	0.0079	0.0067	0.0019	0.0032	agua
4.939306107069243	-73.84828962905294	0.0205	0.0252	0.0129	0.0185	0.0079	0.0064	0.0019	0.0037	agua
4.939305405549411	-73.84788561316641	0.0206	0.0256	0.0128	0.0187	0.0083	0.007	0.0019	0.0036	agua
4.939304703783664	-73.84748159733796	0.0204	0.0253	0.0134	0.0195	0.0092	0.0074	0.0018	0.0036	agua
4.939304001772003	-73.84707758156765	0.0219	0.0266	0.0142	0.02	0.0093	0.0067	0.0032	0.0041	agua
4.9393032995144255	-73.84667356585547	0.0227	0.0272	0.0156	0.0232	0.0111	0.0095	0.0025	0.0044	agua
4.939302597010932	-73.84626955020146	0.0216	0.0282	0.0148	0.0252	0.011	0.0086	0.0041	0.0041	agua
4.939301894261524	-73.84586553460561	0.0215	0.0296	0.0147	0.0287	0.011	0.0083	0.0021	0.0033	agua
4.939301191266202	-73.84546151906797	0.0216	0.0277	0.0141	0.0258	0.0113	0.0077	0.0025	0.0033	agua
4.9389060589210985	-73.85031040458092	0.021	0.0252	0.0124	0.0186	0.0081	0.0089	0.0023	0.0025	agua
4.938905358688335	-73.84990638864838	0.0198	0.024	0.0127	0.018	0.0082	0.0061	0.0026	0.0029	agua
4.938904658209678	-73.84950237277383	0.0201	0.0247	0.0127	0.0184	0.0076	0.0064	0.0025	0.0008	agua
4.938903957485122	-73.84909835695728	0.0202	0.0251	0.013	0.0179	0.0082	0.0069	0.0022	0.0029	agua
4.938903256514671	-73.8486943411988	0.0209	0.0251	0.0135	0.0188	0.0079	0.0069	0.0021	0.004	agua
4.938902555298324	-73.84829032549835	0.0203	0.0252	0.0132	0.0181	0.0083	0.0072	0.0021	0.0038	agua
4.938901853836082	-73.847886309856	0.0212	0.0257	0.0133	0.0192	0.0097	0.0067	0.0024	0.0037	agua
4.938901152127945	-73.84748229427173	0.0215	0.0269	0.0142	0.0193	0.0099	0.0075	0.003	0.0037	agua
4.938900450173913	-73.84707827874558	0.0225	0.0279	0.0153	0.021	0.0102	0.0091	0.0036	0.0038	agua
4.938899747973986	-73.84667426327759	0.022	0.0293	0.016	0.0255	0.0122	0.0109	0.0034	0.0037	agua
4.938899045528163	-73.84627024786775	0.023	0.0287	0.0168	0.0287	0.0134	0.0121	0.0044	0.004	agua
4.938898342836446	-73.84586623251609	0.0219	0.028	0.0148	0.03	0.0118	0.009	0.0041	0.0031	agua
4.938502506857545	-73.85031109974793	0.0205	0.0255	0.013	0.0208	0.0092	0.0082	0.0027	0.003	agua
4.93850180668227	-73.84990708405954	0.0205	0.0239	0.0124	0.0192	0.0073	0.0068	0.0021	0.0036	agua
4.93850110626112	-73.84950306842914	0.0199	0.0238	0.0123	0.0192	0.0075	0.007	0.0027	0.0022	agua
4.938500405594093	-73.84909905285677	0.0201	0.0246	0.0128	0.0197	0.0076	0.0071	0.0021	0.003	agua
4.938499704681191	-73.84869503734244	0.0202	0.0252	0.0124	0.0184	0.0083	0.006	0.0028	0.0029	agua
4.9384990035224146	-73.84829102188615	0.021	0.026	0.014	0.0188	0.0086	0.0076	0.0026	0.0037	agua
4.938498302117761	-73.84788700648795	0.0215	0.0262	0.0148	0.021	0.011	0.0101	0.0034	0.0032	agua
4.938497600467232	-73.84748299114786	0.0229	0.0283	0.0161	0.0229	0.0121	0.0099	0.0043	0.0033	agua
4.938496898570831	-73.84707897586587	0.0235	0.0332	0.017	0.0244	0.0125	0.0111	0.0031	0.0036	agua
4.938496196428553	-73.84667496064203	0.0234	0.0333	0.0172	0.0285	0.0139	0.0116	0.0033	0.0031	agua
4.9384954940404	-73.84627094547635	0.023	0.0312	0.0157	0.0315	0.0147	0.0105	0.0035	0.0027	agua
4.9380982546712096	-73.84990777941319	0.0201	0.0248	0.0131	0.0194	0.007	0.0061	0.0021	0.0023	agua
4.938097554307566	-73.84950376402693	0.0204	0.0244	0.012	0.02	0.007	0.006	0.0019	0.003	agua
4.938096853698069	-73.84909974869869	0.0208	0.0242	0.0124	0.0194	0.0083	0.0075	0.0025	0.0026	agua
4.938096152842716	-73.8486957334285	0.0219	0.0257	0.0137	0.0195	0.009	0.0084	0.0033	0.003	agua
4.938095451741507	-73.84829171821636	0.0214	0.027	0.0148	0.0211	0.0106	0.0084	0.0035	0.0034	agua
4.938094750394444	-73.84788770306228	0.0226	0.0291	0.0149	0.0229	0.012	0.0107	0.0036	0.0026	agua
4.938094048801524	-73.84748368796633	0.023	0.0301	0.016	0.0227	0.0115	0.0104	0.0033	0.003	agua
4.938093346962751	-73.84707967292849	0.0224	0.0298	0.0161	0.0249	0.0124	0.0091	0.0025	0.0032	agua
4.938092644878123	-73.84667565794878	0.0216	0.028	0.0142	0.0273	0.0125	0.0084	0.0034	0.0033	agua
4.937694702655155	-73.84990847470931	0.0204	0.0244	0.0131	0.0192	0.0075	0.0069	0.0024	0.0025	agua
4.937694002349022	-73.84950445956717	0.0209	0.0248	0.0136	0.0211	0.0076	0.0063	0.0024	0.0033	agua
4.937693301797053	-73.84910044448306	0.0208	0.025	0.0131	0.0208	0.0081	0.0076	0.0033	0.0027	agua
4.937692600999249	-73.84869642945698	0.0223	0.0274	0.0149	0.0222	0.0113	0.0093	0.004	0.003	agua
4.937691899955609	-73.84829241448895	0.0227	0.0306	0.0158	0.0238	0.012	0.0111	0.0035	0.003	agua
4.937691198666133	-73.847888399579	0.0228	0.0291	0.0153	0.0223	0.0115	0.0092	0.0031	0.0028	agua
4.9376904971308235	-73.84748438472715	0.0216	0.0277	0.0146	0.0235	0.0104	0.008	0.0024	0.0028	agua
4.937689795349679	-73.84708036993344	0.0216	0.0276	0.0145	0.0245	0.01	0.0068	0.0027	0.0032	agua
4.9372904503854835	-73.84950515504987	0.0202	0.0257	0.0125	0.0203	0.009	0.0076	0.0029	0.0019	agua
4.937289749891042	-73.84910114020985	0.0211	0.0263	0.014	0.0218	0.0097	0.0078	0.0037	0.0028	agua
4.937289049150787	-73.84869712542788	0.0224	0.0295	0.0161	0.0238	0.0137	0.0128	0.0044	0.0033	agua
4.937288348164715	-73.84829311070395	0.023	0.0311	0.0157	0.0235	0.0121	0.0117	0.0036	0.0031	agua
4.9372876469328295	-73.84788909603809	0.0222	0.0276	0.0143	0.0236	0.0106	0.0077	0.0025	0.0025	agua
4.93728694545513	-73.84748508143035	0.0216	0.0278	0.0148	0.0246	0.0094	0.0075	0.0016	0.0025	agua
4.936886898416954	-73.84950585047501	0.0216	0.027	0.0148	0.0201	0.0097	0.0088	0.0036	0.0036	agua
4.93688619798004	-73.84910183587908	0.0234	0.0326	0.0165	0.0238	0.014	0.0113	0.004	0.0037	agua
4.936885497297334	-73.84869782134118	0.0231	0.0315	0.0165	0.0237	0.0115	0.0102	0.0035	0.0034	agua
4.9368847963688305	-73.84829380686132	0.0224	0.028	0.0149	0.0253	0.0105	0.0081	0.0027	0.0028	agua
4.936884095194534	-73.84788979243956	0.0214	0.0282	0.0139	0.0243	0.0097	0.0072	0.0015	0.0022	agua
4.936482646064046	-73.84910253149074	0.0231	0.0321	0.0163	0.0249	0.0132	0.0112	0.0034	0.0027	agua
4.936481945438887	-73.8486985171969	0.0227	0.029	0.0152	0.0239	0.0108	0.0091	0.0031	0.0035	agua
4.936481244567952	-73.84829450296111	0.0213	0.0278	0.014	0.0243	0.0098	0.007	0.0024	0.0022	agua
4.936079094143058	-73.84910322704485	0.0215	0.0275	0.0144	0.0228	0.0098	0.0072	0.0025	0.0024	agua
4.936078393575449	-73.84869921299504	0.0216	0.0269	0.0143	0.0252	0.0096	0.0077	0.0025	0.0029	agua
4.93567554221708	-73.84910392254139	0.022	0.028	0.0144	0.0237	0.0101	0.0078	0.0024	0.0024	agua
5.009142420201598	-73.86069411700078	0.067	0.0819	0.0728	0.118	0.1952	0.2661	0.1685	0.0998	agua
5.008739570970849	-73.8610988757716	0.0506	0.0761	0.0575	0.1161	0.2584	0.3477	0.1758	0.1036	agua
5.008738867525188	-73.8606948157364	0.0471	0.0681	0.0489	0.1051	0.2522	0.3252	0.1645	0.0911	agua
5.0087381638301345	-73.86029075575865	0.0708	0.0937	0.0868	0.1347	0.2357	0.2466	0.2077	0.1331	agua
5.008337424261712	-73.86190769394997	0.1095	0.1317	0.0991	0.1614	0.3306	0.4057	0.2263	0.1257	agua
5.008336721371754	-73.86150363404755	0.0532	0.0798	0.0559	0.115	0.2707	0.3775	0.1873	0.1064	agua
5.008336018232423	-73.86109957420254	0.0388	0.0604	0.0494	0.1037	0.2191	0.2748	0.1597	0.0917	agua
5.008335314843717	-73.86069551441499	0.0552	0.0775	0.0674	0.1201	0.2224	0.2856	0.1704	0.1	agua
5.008334611205637	-73.86029145468493	0.0743	0.1035	0.0976	0.1559	0.2574	0.2881	0.2081	0.1309	agua
5.007934573988063	-73.86231245154087	0.1526	0.1624	0.1329	0.1825	0.3403	0.3946	0.2422	0.1428	agua
5.007933871404373	-73.86190839182866	0.0655	0.0845	0.0603	0.1137	0.2886	0.4463	0.1848	0.1006	agua
5.007933168571329	-73.86150433217385	0.0594	0.0787	0.079	0.1217	0.1858	0.2099	0.1989	0.1234	agua
5.007932465488932	-73.8611002725765	0.0551	0.0744	0.0717	0.1151	0.1946	0.2429	0.1805	0.1106	agua
5.007931762157181	-73.86069621303658	0.0652	0.0833	0.0882	0.1291	0.1904	0.2314	0.1862	0.1154	agua
5.007931058576077	-73.86029215355416	0.0834	0.1128	0.1203	0.1704	0.2452	0.2496	0.2211	0.145	agua
5.007930354745619	-73.85988809412923	0.0872	0.117	0.1041	0.1574	0.2841	0.342	0.222	0.1419	agua
5.007530318541973	-73.86190908965038	0.0967	0.1049	0.0859	0.1282	0.2238	0.2852	0.2114	0.1249	agua
5.0075296157658435	-73.86150503024321	0.0551	0.0712	0.0626	0.1054	0.1763	0.1975	0.1881	0.1124	agua
5.007528912740381	-73.86110097089346	0.0555	0.077	0.0699	0.117	0.203	0.232	0.1868	0.1121	agua
5.007528209465585	-73.86069691160117	0.056	0.0756	0.07	0.1192	0.2022	0.2199	0.1704	0.0985	agua
5.007527505941455	-73.86029285236636	0.0578	0.0863	0.0747	0.1301	0.248	0.2854	0.2116	0.1342	agua
5.007526802167993	-73.85988879318904	0.0921	0.1142	0.099	0.142	0.2558	0.2924	0.1989	0.136	agua
5.007126062955297	-73.86150572825558	0.1044	0.1182	0.1078	0.1477	0.2291	0.3068	0.2508	0.1654	agua
5.0071253599867696	-73.86110166915344	0.0544	0.073	0.0804	0.1206	0.1842	0.2051	0.2408	0.1642	agua
5.007124656768928	-73.86069761010874	0.0524	0.0816	0.0609	0.1171	0.259	0.2935	0.2035	0.1213	agua
5.007123953301771	-73.86029355112154	0.0959	0.1192	0.1073	0.1452	0.2509	0.297	0.2115	0.1471	agua
5.007123249585304	-73.85988949219183	0.0873	0.1124	0.1026	0.1417	0.2377	0.2549	0.1932	0.1352	agua
5.0071225456195245	-73.85948543331962	0.0375	0.0643	0.0344	0.1019	0.3129	0.3813	0.1738	0.0859	agua
5.006722510139692	-73.86150642621101	0.139	0.167	0.1708	0.2058	0.2424	0.2286	0.26	0.2004	agua
5.0067218072280975	-73.86110236735644	0.1025	0.1331	0.1154	0.164	0.307	0.3785	0.2459	0.1704	agua
5.006721104067211	-73.86069830855932	0.0969	0.1173	0.1098	0.1475	0.2243	0.2586	0.1989	0.1492	agua
5.006720400657029	-73.86029424981969	0.1157	0.1491	0.1741	0.1989	0.2357	0.2296	0.2455	0.1823	agua
5.006719696997557	-73.85989019113754	0.0957	0.1218	0.1197	0.1559	0.2363	0.274	0.2405	0.1769	agua
5.006718993088791	-73.85948613251293	0.0727	0.1007	0.0946	0.1332	0.265	0.3032	0.2111	0.1393	agua
5.027639803613967	-73.8234875658858	0.0272	0.034	0.0272	0.0546	0.1269	0.1482	0.1107	0.0651	vegetacion
5.027639074210239	-73.8230834996211	0.0254	0.0345	0.0249	0.0541	0.1409	0.1685	0.1085	0.0616	vegetacion
5.027236985591944	-73.8238923561907	0.0745	0.069	0.0483	0.0773	0.1635	0.2135	0.1255	0.0721	vegetacion
5.027236256497356	-73.82348829011524	0.0208	0.032	0.0246	0.0561	0.1429	0.1806	0.1126	0.0646	vegetacion
5.027235527152463	-73.82308422409915	0.0286	0.0332	0.026	0.0509	0.1223	0.1413	0.1083	0.0649	vegetacion
5.027234797557263	-73.82268015814243	0.0269	0.0388	0.0258	0.0622	0.1703	0.2014	0.1217	0.0681	vegetacion
5.027234067711757	-73.8222760922451	0.0295	0.0425	0.0278	0.0676	0.1806	0.2282	0.125	0.0701	vegetacion
5.027233337615947	-73.82187202640723	0.0315	0.0393	0.0308	0.0569	0.1361	0.1692	0.1112	0.0649	vegetacion
5.0268334384114315	-73.82389308011268	0.2032	0.1786	0.1453	0.1668	0.2326	0.3332	0.179	0.0972	vegetacion
5.026832709375659	-73.8234890142858	0.059	0.0554	0.0373	0.0663	0.1341	0.1841	0.1126	0.0648	vegetacion
5.026831980089602	-73.82308494851827	0.026	0.0357	0.0266	0.057	0.145	0.173	0.1134	0.0671	vegetacion
5.026831250553258	-73.82268088281013	0.0294	0.035	0.0273	0.0535	0.1293	0.1588	0.1079	0.0635	vegetacion
5.0268305207666275	-73.82227681716138	0.0284	0.0342	0.0275	0.0524	0.12	0.1356	0.101	0.0589	vegetacion
5.026829790729712	-73.82187275157207	0.0252	0.0288	0.0222	0.0423	0.1087	0.1255	0.0764	0.0453	vegetacion
5.026829060442512	-73.8214686860422	0.024	0.031	0.0234	0.0498	0.1306	0.1518	0.0875	0.0507	vegetacion
5.026429891225832	-73.8238938039758	0.279	0.2658	0.2449	0.2759	0.3393	0.4069	0.2625	0.1631	vegetacion
5.026429162248875	-73.82348973839748	0.0885	0.0837	0.0661	0.0923	0.1677	0.2465	0.1297	0.0707	vegetacion
5.026428433021651	-73.8230856728785	0.0308	0.0365	0.0283	0.0558	0.128	0.167	0.0983	0.0567	vegetacion
5.0264277035441625	-73.82268160741891	0.0264	0.0343	0.025	0.053	0.1414	0.1748	0.0937	0.0555	vegetacion
5.02642697381641	-73.82227754201872	0.0261	0.0306	0.0232	0.0473	0.1362	0.1707	0.0841	0.046	vegetacion
5.026027072703042	-73.82429859316922	0.2593	0.2623	0.2563	0.2973	0.3598	0.3828	0.3002	0.2121	vegetacion
5.026026344035145	-73.82389452778008	0.1445	0.1513	0.1449	0.1842	0.2609	0.3257	0.1994	0.1222	vegetacion
5.026025615117003	-73.82349046245028	0.0339	0.0435	0.0401	0.0716	0.1476	0.1727	0.1154	0.0674	vegetacion
5.026024885948616	-73.82308639717985	0.0261	0.0344	0.0302	0.0575	0.1384	0.1689	0.0909	0.0488	vegetacion
5.026024156529985	-73.82268233196879	0.0231	0.0292	0.0245	0.0514	0.1364	0.1767	0.0811	0.0424	vegetacion
5.0256235254484745	-73.82429931666613	0.2224	0.2105	0.1942	0.2289	0.2971	0.3473	0.2507	0.1577	vegetacion
5.025622796839373	-73.8238952515255	0.0745	0.0751	0.0626	0.0932	0.1746	0.2324	0.1343	0.0741	vegetacion
5.025622067980048	-73.82349118644422	0.0582	0.0602	0.049	0.0761	0.1592	0.2005	0.107	0.058	vegetacion
5.025621338870495	-73.82308712142229	0.0373	0.0417	0.0328	0.0577	0.1301	0.1755	0.0921	0.0503	vegetacion
5.025219978188822	-73.8243000401042	0.2347	0.231	0.2162	0.2513	0.3269	0.3972	0.2711	0.175	vegetacion
5.025219249638517	-73.82389597521207	0.1182	0.1155	0.1017	0.1318	0.2099	0.2696	0.1589	0.0934	vegetacion
5.02481715916541	-73.82470482818643	0.1485	0.1778	0.1866	0.2347	0.3268	0.3525	0.2497	0.175	vegetacion
5.024816430924084	-73.82430076348345	0.1091	0.1235	0.1211	0.1597	0.257	0.2999	0.1918	0.1225	vegetacion
5.024413611836815	-73.82470555125838	0.1894	0.1948	0.1821	0.2186	0.2985	0.332	0.2276	0.151	vegetacion
4.9497522426539335	-73.8220101772491	0.0245	0.0351	0.02	0.0524	0.1815	0.2573	0.0968	0.0463	vegetacion
4.949350132012257	-73.8228189276329	0.027	0.0388	0.0242	0.0574	0.1693	0.2107	0.102	0.0539	vegetacion
4.949349413528543	-73.8224149093356	0.0271	0.0377	0.0226	0.0554	0.1713	0.2205	0.1011	0.0506	vegetacion
4.9493486947984175	-73.82201089109768	0.0263	0.0389	0.0214	0.0591	0.1946	0.2401	0.1012	0.0496	vegetacion
4.949347975821882	-73.82160687291918	0.0265	0.0389	0.0211	0.0588	0.2067	0.2539	0.0986	0.0461	vegetacion
4.948947302212451	-73.8232236590452	0.0274	0.0359	0.0258	0.0555	0.1459	0.1818	0.1068	0.0584	vegetacion
4.948946584033987	-73.8228196409332	0.0253	0.032	0.023	0.0508	0.1298	0.1631	0.0977	0.051	vegetacion
4.948945865609134	-73.82241562288057	0.0265	0.038	0.0237	0.0572	0.1704	0.2079	0.1031	0.0548	vegetacion
4.9489451469378904	-73.82201160488734	0.0272	0.0387	0.0212	0.06	0.2074	0.2655	0.1031	0.0483	vegetacion
4.948944428020261	-73.8216075869535	0.0253	0.0362	0.0207	0.0525	0.1791	0.2298	0.092	0.0467	vegetacion
4.948943708856239	-73.82120356907909	0.0284	0.0395	0.0226	0.0597	0.1953	0.251	0.099	0.0502	vegetacion
4.948545189670463	-73.82403240795468	0.0225	0.0332	0.0215	0.0519	0.1585	0.1986	0.0971	0.0494	vegetacion
4.94854447204358	-73.82362838996868	0.0252	0.0318	0.0254	0.0534	0.1334	0.1628	0.0991	0.0525	vegetacion
4.948543754170327	-73.82322437204198	0.0237	0.0307	0.0233	0.0499	0.1276	0.1553	0.0962	0.0514	vegetacion
4.9485430360507054	-73.82282035417464	0.0254	0.034	0.0248	0.0521	0.143	0.1796	0.1009	0.055	vegetacion
4.948542317684716	-73.82241633636666	0.0281	0.0374	0.0271	0.0578	0.1483	0.1811	0.1106	0.0623	vegetacion
4.948541599072356	-73.82201231861808	0.0255	0.0362	0.0207	0.0552	0.1834	0.2389	0.099	0.05	vegetacion
4.948540880213627	-73.82160830092889	0.0263	0.0394	0.0229	0.0575	0.1809	0.2102	0.0957	0.0483	vegetacion
4.9485401611085305	-73.82120428329914	0.0245	0.0353	0.0211	0.0533	0.1683	0.2091	0.0921	0.048	vegetacion
4.948143075902822	-73.82484115606397	0.0298	0.0418	0.0323	0.0666	0.1697	0.2107	0.1202	0.0679	vegetacion
4.948142358827438	-73.824437138204	0.0265	0.0388	0.0245	0.0609	0.1832	0.2468	0.1031	0.0534	vegetacion
4.948141641505706	-73.82403312040333	0.0247	0.035	0.0223	0.0562	0.1692	0.2018	0.0993	0.0504	vegetacion
4.948140923937625	-73.82362910266195	0.02	0.0284	0.0198	0.0486	0.1447	0.176	0.0878	0.0437	vegetacion
4.948140206123195	-73.8232250849799	0.0258	0.0347	0.0244	0.0547	0.1526	0.1977	0.1087	0.0542	vegetacion
4.948139488062416	-73.82282106735718	0.0274	0.0351	0.0278	0.0556	0.1357	0.1673	0.1097	0.0614	vegetacion
4.948138769755287	-73.82241704979384	0.0248	0.0332	0.0245	0.0525	0.1361	0.1586	0.1051	0.0576	vegetacion
4.94813805120181	-73.82201303228989	0.0231	0.0357	0.0215	0.0632	0.1812	0.2106	0.1022	0.053	vegetacion
4.948137332401985	-73.82160901484534	0.0274	0.0384	0.0199	0.0564	0.1967	0.2566	0.0969	0.0461	vegetacion
4.948136613355812	-73.82120499746021	0.0244	0.0346	0.0227	0.0565	0.1633	0.191	0.0963	0.0511	vegetacion
4.947740960909768	-73.82564990337306	0.0333	0.0492	0.0354	0.0762	0.1921	0.2281	0.1279	0.0698	vegetacion
4.947740244385807	-73.82524588563919	0.0352	0.0507	0.0427	0.0796	0.1716	0.21	0.1351	0.0782	vegetacion
4.947739527615516	-73.82484186796458	0.0202	0.0269	0.0175	0.0457	0.1378	0.1595	0.0783	0.0413	vegetacion
4.947738810598895	-73.82443785034923	0.0217	0.0299	0.0204	0.0506	0.1402	0.1601	0.0852	0.0465	vegetacion
4.9477380933359445	-73.82403383279316	0.0253	0.0369	0.0201	0.0566	0.1884	0.2348	0.1009	0.0483	vegetacion
4.947737375826666	-73.82362981529639	0.0257	0.0344	0.0222	0.0529	0.1648	0.2027	0.0987	0.0501	vegetacion
4.947736658071056	-73.82322579785895	0.0271	0.0371	0.0214	0.0527	0.1769	0.2398	0.1022	0.0497	vegetacion
4.947735940069118	-73.82282178048085	0.021	0.0267	0.0188	0.0431	0.1237	0.1426	0.0767	0.0411	vegetacion
4.947735221820854	-73.82241776316212	0.0259	0.035	0.0226	0.0541	0.1656	0.2063	0.1	0.0524	vegetacion
4.94773450332626	-73.82201374590278	0.0256	0.0384	0.0249	0.0618	0.1754	0.2167	0.1042	0.0556	vegetacion
4.947733784585338	-73.82160972870284	0.0261	0.0408	0.0244	0.0651	0.1975	0.245	0.1069	0.0539	vegetacion
4.947338128718922	-73.8260546322742	0.0291	0.0414	0.0276	0.0621	0.179	0.213	0.117	0.0635	vegetacion
4.9473374124999925	-73.8256506147257	0.0303	0.0407	0.0261	0.0612	0.1805	0.2181	0.1138	0.0607	vegetacion
4.947336696034752	-73.82524659723643	0.027	0.0376	0.0217	0.0567	0.1913	0.2295	0.1001	0.0505	vegetacion
4.947335979323201	-73.8248425798064	0.0283	0.0396	0.0214	0.0566	0.1959	0.2586	0.0973	0.0471	vegetacion
4.947335262365342	-73.82443856243565	0.0244	0.0338	0.0219	0.0541	0.1666	0.2098	0.0941	0.048	vegetacion
4.947334545161173	-73.82403454512416	0.0216	0.026	0.0198	0.0426	0.1168	0.1511	0.0781	0.0415	vegetacion
4.947333827710695	-73.823630527872	0.0188	0.0276	0.02	0.0491	0.1408	0.1704	0.0809	0.0412	vegetacion
4.947333110013909	-73.82322651067915	0.0261	0.0353	0.0224	0.0569	0.182	0.2252	0.0994	0.0493	vegetacion
4.947332392070815	-73.82282249354564	0.0261	0.0349	0.0201	0.0516	0.1854	0.2285	0.0965	0.0473	vegetacion
4.947331673881412	-73.8224184764715	0.0261	0.0407	0.0269	0.0663	0.1822	0.2222	0.1088	0.0584	vegetacion
4.9473309554457	-73.82201445945675	0.0273	0.039	0.0282	0.0642	0.1596	0.2032	0.1053	0.057	vegetacion
4.94693601182703	-73.82686337810894	0.0438	0.0623	0.0597	0.0966	0.1786	0.2084	0.16	0.0987	vegetacion
4.946935296159379	-73.82645936068663	0.0418	0.0603	0.0542	0.0896	0.1701	0.2058	0.1469	0.0903	vegetacion
4.946934580245437	-73.82605534332352	0.0405	0.0592	0.057	0.0923	0.1765	0.1991	0.1532	0.0982	vegetacion
4.946933864085207	-73.8256513260196	0.0301	0.0439	0.0285	0.0696	0.1871	0.2234	0.1112	0.0579	vegetacion
4.946933147678688	-73.8252473087749	0.027	0.038	0.0237	0.0562	0.1825	0.2243	0.1042	0.0535	vegetacion
4.946932431025879	-73.82484329158945	0.0226	0.0321	0.0206	0.0491	0.1601	0.208	0.0966	0.046	vegetacion
4.946931714126782	-73.82443927446326	0.0228	0.031	0.0247	0.054	0.1407	0.1777	0.0954	0.0513	vegetacion
4.946930996981394	-73.82403525739636	0.0184	0.0245	0.0188	0.0442	0.1202	0.1423	0.0735	0.0394	vegetacion
4.946930279589718	-73.82363124038876	0.0248	0.0338	0.0217	0.0531	0.1675	0.2006	0.0958	0.0492	vegetacion
4.946929561951754	-73.82322722344048	0.0286	0.0408	0.0224	0.0595	0.2012	0.2318	0.1031	0.0524	vegetacion
4.946928844067502	-73.82282320655155	0.0331	0.0452	0.0308	0.0698	0.1893	0.2463	0.122	0.0673	vegetacion
4.946532463231198	-73.82686408861044	0.0264	0.0372	0.0226	0.0612	0.1769	0.2157	0.1036	0.0532	vegetacion
4.946531747622207	-73.82646007143269	0.0256	0.0367	0.0224	0.0554	0.1581	0.2043	0.0979	0.0524	vegetacion
4.9465310317669475	-73.82605605431412	0.026	0.0339	0.0271	0.058	0.1421	0.1821	0.1035	0.0563	vegetacion
4.946530315665419	-73.82565203725476	0.0261	0.0374	0.0281	0.064	0.1616	0.1948	0.1063	0.0554	vegetacion
4.9465295993176195	-73.82524802025462	0.0231	0.0375	0.0228	0.0637	0.1822	0.2295	0.1076	0.0526	vegetacion
4.946528882723553	-73.82484400331373	0.0289	0.0411	0.0331	0.0693	0.1543	0.1951	0.1192	0.0692	vegetacion
4.9465281658832145	-73.82443998643208	0.0292	0.0437	0.0355	0.0737	0.165	0.1992	0.123	0.0693	vegetacion
4.94652744879661	-73.82403596960972	0.0215	0.0302	0.0207	0.0525	0.1561	0.1797	0.09	0.0455	vegetacion
4.946526731463735	-73.82363195284668	0.0264	0.0409	0.0277	0.0678	0.1792	0.2294	0.1146	0.0604	vegetacion
4.9465260138845935	-73.82322793614296	0.0316	0.0436	0.0336	0.0671	0.1706	0.2242	0.1243	0.0721	vegetacion
4.9461289146303615	-73.82686479905325	0.0208	0.0281	0.0186	0.0458	0.1397	0.2051	0.0822	0.0426	vegetacion
4.946128199080031	-73.82646078212005	0.0177	0.0223	0.0224	0.0425	0.1018	0.1213	0.076	0.0426	vegetacion
4.946127483283452	-73.82605676524601	0.0188	0.0252	0.023	0.0476	0.1205	0.1567	0.0829	0.0454	vegetacion
4.9461267672406235	-73.82565274843118	0.0257	0.0364	0.0225	0.0568	0.1781	0.2106	0.1037	0.0515	vegetacion
4.946126050951546	-73.82524873167557	0.0232	0.0385	0.0261	0.0677	0.169	0.2095	0.1108	0.06	vegetacion
4.946125334416219	-73.8248447149792	0.0305	0.0441	0.0376	0.0753	0.1556	0.1775	0.1273	0.0738	vegetacion
4.946124617634644	-73.8244406983421	0.0227	0.0376	0.0229	0.0658	0.1767	0.2109	0.1113	0.0593	vegetacion
4.946123900606819	-73.82403668176428	0.0245	0.0405	0.0244	0.0691	0.1796	0.2191	0.1135	0.0588	vegetacion
4.946123183332748	-73.82363266524577	0.0246	0.039	0.0263	0.0666	0.1578	0.1972	0.1112	0.0604	vegetacion
4.945724650532849	-73.82646149274869	0.0185	0.0254	0.0211	0.0478	0.1337	0.1647	0.0728	0.0377	vegetacion
4.94572393479495	-73.82605747611919	0.0204	0.0308	0.0225	0.0573	0.1574	0.1766	0.0902	0.0457	vegetacion
4.945723218810822	-73.82565345954887	0.0225	0.0346	0.0199	0.0576	0.1846	0.2426	0.1011	0.0484	vegetacion
4.945722502580465	-73.82524944303778	0.0255	0.0394	0.0257	0.065	0.1757	0.2151	0.1207	0.0615	vegetacion
4.945721786103879	-73.82484542658591	0.0262	0.0416	0.0288	0.073	0.1812	0.2116	0.1241	0.0671	vegetacion
4.945721069381065	-73.82444141019333	0.0239	0.0396	0.0247	0.0692	0.1792	0.2332	0.1135	0.0589	vegetacion
4.945720352412023	-73.82403739386001	0.0242	0.0414	0.0258	0.074	0.1862	0.2098	0.1172	0.0597	vegetacion
4.945321101980661	-73.82646220331866	0.0211	0.0392	0.0206	0.0714	0.1927	0.2319	0.1029	0.0497	vegetacion
4.945320386301444	-73.82605818693364	0.0251	0.0444	0.024	0.0789	0.2128	0.2833	0.1111	0.0547	vegetacion
4.945319670376016	-73.8256541706078	0.0174	0.0266	0.0171	0.0497	0.1551	0.1975	0.0862	0.0449	vegetacion
4.945318954204381	-73.8252501543412	0.0191	0.027	0.0175	0.0452	0.152	0.2023	0.0841	0.0398	vegetacion
4.945318237786536	-73.82484613813385	0.0171	0.0223	0.015	0.0431	0.1206	0.1551	0.0704	0.0349	vegetacion
4.945317521122482	-73.82444212198574	0.0204	0.0316	0.0204	0.0578	0.1593	0.1881	0.0951	0.0486	vegetacion
4.94491755342347	-73.82646291382993	0.0215	0.0333	0.0215	0.0571	0.1518	0.1777	0.0952	0.052	vegetacion
4.944916837802932	-73.82605889768936	0.0193	0.0297	0.015	0.0505	0.166	0.207	0.0892	0.0446	vegetacion
4.944916121936205	-73.82565488160802	0.0257	0.041	0.0274	0.0685	0.1893	0.236	0.1116	0.0576	vegetacion
4.94491540582329	-73.82525086558589	0.0203	0.0288	0.0186	0.0493	0.1535	0.2077	0.0869	0.0433	vegetacion
4.944914689464187	-73.824846849623	0.0222	0.0297	0.0235	0.0537	0.1391	0.1571	0.0884	0.0488	vegetacion
4.944513289299416	-73.82605960838639	0.0451	0.0657	0.064	0.1	0.1887	0.2275	0.1703	0.1014	vegetacion
4.94451257349139	-73.82565559254948	0.0291	0.0468	0.0364	0.0767	0.1698	0.2053	0.1262	0.0736	vegetacion
4.944109740790899	-73.82606031902469	0.0511	0.0712	0.0779	0.1127	0.1746	0.1922	0.1873	0.1198	vegetacion
4.919960608505064	-73.86286718276858	0.0241	0.0303	0.0287	0.0552	0.111	0.1333	0.1062	0.0626	vegetacion
4.919959918567634	-73.86246317650215	0.0207	0.0295	0.0227	0.052	0.1173	0.1548	0.0954	0.055	vegetacion
4.919558433461564	-73.86367587991194	0.0211	0.0298	0.0224	0.0562	0.1436	0.1723	0.0949	0.0514	vegetacion
4.919557744070857	-73.86327187377407	0.0212	0.0268	0.0252	0.0456	0.0946	0.1203	0.0886	0.0531	vegetacion
4.919557054435218	-73.86286786769351	0.0205	0.028	0.0248	0.0507	0.1093	0.1326	0.0932	0.0539	vegetacion
4.919556364554645	-73.86246386167029	0.0186	0.0251	0.0215	0.0464	0.0988	0.1272	0.0875	0.0513	vegetacion
4.919555674429141	-73.86205985570443	0.0222	0.0306	0.0287	0.0507	0.1049	0.1222	0.0931	0.0574	vegetacion
4.919156257206125	-73.86448457625482	0.0173	0.0238	0.0173	0.0394	0.1093	0.1106	0.0754	0.0396	vegetacion
4.919155568362064	-73.86408057024558	0.0204	0.0286	0.0227	0.0601	0.1477	0.1852	0.0941	0.0473	vegetacion
4.919154879273087	-73.86367656429361	0.023	0.0311	0.0289	0.0626	0.1373	0.1905	0.0998	0.055	vegetacion
4.919154189939199	-73.86327255839893	0.0168	0.0217	0.0187	0.0403	0.0998	0.1117	0.0793	0.0435	vegetacion
4.919153500360398	-73.86286855256157	0.0234	0.0311	0.0272	0.0561	0.1107	0.1305	0.0949	0.0569	vegetacion
4.919152810536685	-73.86246454678155	0.0222	0.0274	0.0269	0.0483	0.0974	0.1097	0.0951	0.0567	vegetacion
4.919152120468059	-73.8620605410589	0.02	0.0252	0.0255	0.0473	0.1039	0.127	0.0916	0.0513	vegetacion
4.9187527028990985	-73.86448526009332	0.0213	0.0295	0.0229	0.0567	0.1429	0.1641	0.1023	0.0513	vegetacion
4.918752014111814	-73.86408125432725	0.0206	0.0266	0.0255	0.0584	0.1298	0.176	0.0964	0.0518	vegetacion
4.918751325079639	-73.86367724861844	0.0173	0.0248	0.0173	0.0538	0.1486	0.1685	0.0779	0.035	vegetacion
4.918750635802569	-73.86327324296695	0.0166	0.0224	0.0192	0.043	0.0971	0.1243	0.0746	0.0394	vegetacion
4.918749946280608	-73.86286923737276	0.0173	0.0236	0.0174	0.038	0.0988	0.1275	0.0714	0.0409	vegetacion
4.9187492565137525	-73.86246523183593	0.0209	0.0274	0.0208	0.0464	0.121	0.1437	0.0917	0.0477	vegetacion
4.918748566502006	-73.86206122635643	0.0223	0.0288	0.0205	0.0478	0.1223	0.158	0.0967	0.053	vegetacion
4.9183484598565945	-73.8640819383521	0.0177	0.0228	0.0189	0.0437	0.1142	0.1336	0.079	0.0417	vegetacion
4.918347770881216	-73.86367793288646	0.0181	0.0242	0.0197	0.048	0.1144	0.155	0.0801	0.0429	vegetacion
4.918347081660967	-73.86327392747812	0.0177	0.0229	0.0198	0.0499	0.1293	0.1579	0.0877	0.0476	vegetacion
4.9183463921958435	-73.86286992212709	0.0163	0.022	0.0192	0.0381	0.084	0.1089	0.0754	0.0451	vegetacion
4.9183457024858495	-73.8624659168334	0.0167	0.0217	0.0184	0.0431	0.1054	0.1334	0.0781	0.0419	vegetacion
4.918345012530982	-73.86206191159707	0.0244	0.0346	0.0274	0.057	0.1264	0.1459	0.1078	0.0608	vegetacion
4.9179449055964035	-73.86408262232015	0.0157	0.0197	0.0151	0.0329	0.0939	0.1225	0.064	0.0335	vegetacion
4.9179442166778236	-73.86367861709765	0.021	0.0293	0.0262	0.0541	0.1148	0.1314	0.0968	0.0558	vegetacion
4.917943527514392	-73.86327461193244	0.0259	0.034	0.0341	0.0574	0.1163	0.1524	0.1133	0.0675	vegetacion
4.917942838106108	-73.86287060682454	0.0184	0.0231	0.0245	0.0462	0.0908	0.1003	0.0893	0.0519	vegetacion
4.917942148452973	-73.86246660177399	0.0151	0.0197	0.0177	0.038	0.0819	0.103	0.0725	0.0422	vegetacion
4.917540662469462	-73.863679301252	0.0235	0.0326	0.029	0.0558	0.1212	0.1527	0.1017	0.0563	vegetacion
4.917539973362849	-73.86327529632992	0.0221	0.0298	0.0259	0.0499	0.1027	0.1323	0.0975	0.0569	vegetacion
4.917539284011404	-73.86287129146513	0.0196	0.0267	0.0248	0.0469	0.0956	0.1145	0.088	0.0505	vegetacion
4.917538594415126	-73.86246728665769	0.0197	0.0245	0.0245	0.0474	0.0938	0.1035	0.0924	0.0556	vegetacion
4.917137108256128	-73.86367998534953	0.0146	0.0167	0.0115	0.0307	0.0973	0.1288	0.0711	0.0357	vegetacion
4.917136419206333	-73.86327598067054	0.0197	0.0286	0.0221	0.0495	0.1085	0.1298	0.0915	0.0552	vegetacion
4.9171357299117275	-73.86287197604885	0.0323	0.0426	0.0457	0.0686	0.1102	0.1308	0.1239	0.0782	vegetacion
4.917135040372309	-73.86246797148449	0.0191	0.0239	0.0238	0.0445	0.0946	0.1236	0.0885	0.0523	vegetacion
4.916732865044849	-73.86327666495431	0.024	0.0328	0.0297	0.0524	0.1074	0.14	0.0975	0.0592	vegetacion
4.916732175807081	-73.86287266057569	0.0323	0.0418	0.0471	0.0715	0.11	0.1263	0.113	0.071	vegetacion
4.916731486324521	-73.86246865625442	0.0211	0.0279	0.0264	0.0485	0.095	0.1125	0.0933	0.0562	vegetacion
4.916329310878393	-73.86327734918123	0.0162	0.019	0.0163	0.035	0.0862	0.1017	0.0757	0.0439	vegetacion
4.916328621697465	-73.86287334504568	0.0243	0.0309	0.0351	0.056	0.104	0.1248	0.1088	0.0727	vegetacion
4.916327932271765	-73.86246934096746	0.026	0.036	0.0356	0.06	0.1111	0.1448	0.1032	0.0629	vegetacion
4.91592575670697	-73.8632780333513	0.0188	0.0236	0.0231	0.0471	0.1015	0.1243	0.0876	0.0521	vegetacion
4.915925067582879	-73.8628740294588	0.0256	0.0321	0.0331	0.0563	0.1123	0.1381	0.114	0.0717	vegetacion
4.915924378214037	-73.86247002562361	0.017	0.0227	0.0199	0.0443	0.0932	0.1069	0.0746	0.0412	vegetacion
4.9155215134633234	-73.86287471381503	0.0169	0.0213	0.0206	0.0412	0.095	0.1202	0.0796	0.0464	vegetacion
4.91552082415134	-73.86247071022287	0.0156	0.0203	0.015	0.0326	0.0931	0.1248	0.0644	0.0358	vegetacion
4.915117959338801	-73.86287539811441	0.0198	0.0239	0.0205	0.0391	0.1062	0.146	0.0823	0.0461	vegetacion
4.915117270083677	-73.86247139476524	0.0199	0.0241	0.0188	0.0398	0.0925	0.1293	0.0843	0.0459	vegetacion
5.024955064158002	-73.90390262919675	0.086	0.0917	0.0848	0.1179	0.1815	0.1818	0.1404	0.0912	vegetacion
5.02495438495644	-73.90349855326086	0.0449	0.0423	0.0263	0.0503	0.1067	0.1222	0.0698	0.0381	vegetacion
5.024552184595965	-73.9043073793115	0.2364	0.2191	0.194	0.2242	0.2816	0.3197	0.2309	0.1663	vegetacion
5.02455150569942	-73.9039033035688	0.1099	0.111	0.0952	0.1314	0.2091	0.2406	0.1669	0.1082	vegetacion
5.024550826552677	-73.9034992278814	0.1077	0.1147	0.0977	0.1415	0.228	0.2288	0.1749	0.1078	vegetacion
5.024149304669083	-73.90471212892977	0.4266	0.3963	0.367	0.3901	0.4225	0.4492	0.3333	0.2508	vegetacion
5.0241486260775154	-73.90430805338025	0.3304	0.3006	0.2688	0.2898	0.3314	0.3751	0.2543	0.1878	vegetacion
5.024147947235767	-73.90390397788602	0.2868	0.2667	0.2377	0.2661	0.3201	0.3197	0.2643	0.1967	vegetacion
5.024147268143839	-73.90349990244708	0.3226	0.302	0.276	0.3079	0.3649	0.3589	0.3019	0.2316	vegetacion
5.024146588801731	-73.90309582706345	0.2838	0.2555	0.2183	0.2416	0.2978	0.3727	0.2591	0.1745	vegetacion
5.023746424377421	-73.90511687805159	0.6286	0.5697	0.5246	0.5423	0.5546	0.5894	0.4508	0.375	vegetacion
5.023745746090786	-73.90471280269524	0.5221	0.463	0.4122	0.4281	0.449	0.5133	0.3591	0.2607	vegetacion
5.023745067553995	-73.90430872739417	0.3793	0.345	0.3171	0.3413	0.3733	0.3726	0.2895	0.217	vegetacion
5.023744388767044	-73.90390465214836	0.4618	0.447	0.4337	0.4592	0.4979	0.457	0.3976	0.3339	vegetacion
5.023743709729931	-73.90350057695787	0.4907	0.4602	0.4328	0.4618	0.4894	0.5144	0.4154	0.3382	vegetacion
5.023743030442662	-73.9030965018227	0.4408	0.4042	0.365	0.3884	0.4363	0.4809	0.3754	0.2813	vegetacion
5.0237423509052315	-73.90269242674287	0.0979	0.0972	0.077	0.1126	0.2001	0.2478	0.1481	0.0901	vegetacion
5.023343543721035	-73.90552162667696	0.6487	0.6053	0.579	0.6129	0.619	0.5767	0.4835	0.428	vegetacion
5.023342865739299	-73.90511755151381	0.7158	0.6746	0.651	0.6809	0.6805	0.6756	0.5543	0.4939	vegetacion
5.0233421875074225	-73.90471347640589	0.6614	0.614	0.5727	0.593	0.6014	0.6658	0.4947	0.3917	vegetacion
5.023341509025406	-73.90430940135325	0.5314	0.4907	0.4542	0.4732	0.4989	0.5145	0.3939	0.2984	vegetacion
5.023340830293249	-73.90390532635587	0.5154	0.4888	0.4681	0.503	0.5291	0.5054	0.4249	0.3535	vegetacion
5.023340151310956	-73.9035012514138	0.5297	0.5064	0.4907	0.5265	0.5599	0.5485	0.4709	0.3995	vegetacion
5.023339472078522	-73.90309717652706	0.538	0.5095	0.4841	0.5119	0.5365	0.5743	0.4684	0.3827	vegetacion
5.0233387925959505	-73.90269310169565	0.2383	0.1986	0.1501	0.1866	0.2636	0.3454	0.2239	0.1331	vegetacion
5.023338112863238	-73.90228902691962	0.1057	0.1218	0.1155	0.1663	0.2648	0.2747	0.2427	0.1608	vegetacion
5.022940662699989	-73.90592637480597	0.7301	0.6726	0.6321	0.6531	0.6523	0.6639	0.4849	0.3965	vegetacion
5.022939985023108	-73.905522299836	0.7318	0.6933	0.6623	0.6868	0.6797	0.6705	0.5368	0.4739	vegetacion
5.022939307096106	-73.90511822492124	0.7724	0.726	0.6976	0.7264	0.7207	0.7137	0.5818	0.5066	vegetacion
5.022938628918984	-73.90471415006174	0.7352	0.6889	0.6571	0.6873	0.6905	0.6866	0.5723	0.485	vegetacion
5.0229379504917455	-73.90431007525748	0.7194	0.659	0.6191	0.6446	0.6487	0.6726	0.5412	0.4454	vegetacion
5.022937271814385	-73.90390600050851	0.6316	0.5892	0.5548	0.5778	0.5928	0.6091	0.489	0.3966	vegetacion
5.022936592886907	-73.90350192581487	0.5678	0.5307	0.5056	0.5392	0.5669	0.5618	0.4784	0.4024	vegetacion
5.022935913709312	-73.90309785117653	0.5096	0.486	0.468	0.4998	0.5443	0.5453	0.4707	0.3944	vegetacion
5.022935234281595	-73.90269377659352	0.4266	0.4057	0.3787	0.4112	0.4665	0.5132	0.4172	0.321	vegetacion
5.022934554603761	-73.90228970206589	0.2539	0.2481	0.2278	0.2668	0.3484	0.3966	0.3112	0.2196	vegetacion
5.022537781314345	-73.90633112243863	0.9041	0.8559	0.8224	0.8522	0.8299	0.8621	0.6052	0.4802	vegetacion
5.022537103942278	-73.90592704766185	0.7653	0.717	0.6862	0.7129	0.7015	0.7004	0.5061	0.4071	vegetacion
5.022536426320111	-73.90552297294025	0.7679	0.7234	0.7066	0.734	0.7226	0.694	0.5687	0.5013	vegetacion
5.0225357484478454	-73.90511889827388	0.7848	0.7453	0.7293	0.7679	0.7639	0.722	0.6178	0.5495	vegetacion
5.022535070325481	-73.90471482366276	0.7999	0.7586	0.7395	0.7732	0.7736	0.7475	0.6353	0.5619	vegetacion
5.022534391953017	-73.9043107491069	0.8242	0.7796	0.7505	0.7802	0.7779	0.7736	0.6437	0.5612	vegetacion
5.0225337133304535	-73.90390667460632	0.7684	0.7132	0.6806	0.7067	0.7065	0.7203	0.5957	0.5102	vegetacion
5.022533034457792	-73.90350260016103	0.6962	0.6434	0.6102	0.6356	0.6424	0.6543	0.5486	0.4747	vegetacion
5.022532355335032	-73.90309852577109	0.6126	0.5632	0.5325	0.5614	0.5839	0.6033	0.5108	0.4309	vegetacion
5.022531675962173	-73.90269445143647	0.4424	0.4203	0.3984	0.4371	0.4881	0.5237	0.4427	0.3516	vegetacion
5.022530996339216	-73.90229037715723	0.3115	0.302	0.2811	0.3164	0.3858	0.4363	0.3459	0.2477	vegetacion
5.022530316466161	-73.90188630293336	0.2414	0.245	0.2352	0.2723	0.3503	0.3715	0.3154	0.2286	vegetacion
5.022135576381373	-73.90713994421375	0.8825	0.8494	0.8252	0.8589	0.8397	0.8084	0.631	0.539	vegetacion
5.0221348995641595	-73.90673586957499	0.8897	0.8381	0.8192	0.8577	0.8424	0.8034	0.6443	0.5735	vegetacion
5.022134222496868	-73.90633179499139	0.9043	0.8567	0.8334	0.8632	0.8398	0.8402	0.6303	0.5069	vegetacion
5.022133545179496	-73.90592772046296	0.8927	0.8327	0.8036	0.8282	0.8061	0.8049	0.6156	0.5007	vegetacion
5.022132867612045	-73.90552364598975	0.8351	0.7694	0.7342	0.7662	0.7522	0.7449	0.6031	0.538	vegetacion
5.022132189794517	-73.90511957157175	0.8081	0.7618	0.7411	0.7753	0.7667	0.7368	0.6295	0.565	vegetacion
5.022131511726906	-73.90471549720898	0.823	0.7783	0.7538	0.7874	0.7883	0.7642	0.6492	0.5725	vegetacion
5.022130833409218	-73.90431142290149	0.8651	0.8205	0.7969	0.8305	0.8222	0.8035	0.6797	0.5963	vegetacion
5.022130154841453	-73.90390734864926	0.8223	0.7768	0.7533	0.7888	0.7872	0.7799	0.6628	0.5822	vegetacion
5.022129476023606	-73.90350327445236	0.7672	0.726	0.6931	0.7209	0.7212	0.7491	0.6253	0.5476	vegetacion
5.022128796955682	-73.90309920031076	0.6796	0.6428	0.6112	0.6364	0.6508	0.6741	0.5693	0.4928	vegetacion
5.02212811763768	-73.90269512622451	0.4135	0.3987	0.3775	0.4104	0.4632	0.5267	0.4114	0.3219	vegetacion
5.022127438069601	-73.90229105219363	0.1913	0.1989	0.1925	0.2416	0.3192	0.3713	0.2899	0.2021	vegetacion
5.022126758251443	-73.90188697821813	0.1263	0.143	0.1405	0.1907	0.2778	0.3024	0.2627	0.1731	vegetacion
5.022126078183208	-73.90148290429804	0.1633	0.1864	0.1909	0.2377	0.3221	0.3387	0.2946	0.2195	vegetacion
5.021732693961997	-73.90754469066064	0.768	0.7375	0.7282	0.7631	0.752	0.6737	0.5642	0.498	vegetacion
5.0217320174495	-73.90714061621509	0.8449	0.8051	0.8051	0.8492	0.8349	0.7943	0.6173	0.5212	vegetacion
5.021731340686942	-73.90673654182467	0.8553	0.8182	0.8	0.8396	0.8269	0.7993	0.6155	0.5293	vegetacion
5.021730663674326	-73.9063324674894	0.9285	0.8717	0.8473	0.8865	0.866	0.8491	0.6705	0.5761	vegetacion
5.021729986411649	-73.90592839320934	0.9098	0.8479	0.8214	0.8588	0.8446	0.809	0.6628	0.5833	vegetacion
5.021729308898913	-73.90552431898446	0.896	0.8452	0.8155	0.85	0.8288	0.8099	0.6646	0.584	vegetacion
5.021728631136119	-73.9051202448148	0.9044	0.8407	0.8041	0.8298	0.8231	0.8289	0.6646	0.5824	vegetacion
5.021727953123264	-73.90471617070038	0.8966	0.8561	0.833	0.8693	0.8646	0.8132	0.7087	0.6122	vegetacion
5.021727274860352	-73.90431209664123	0.9335	0.8934	0.8694	0.9056	0.9004	0.9122	0.7432	0.6328	vegetacion
5.021726596347381	-73.90390802263735	0.7895	0.7646	0.7518	0.7962	0.8067	0.8153	0.6859	0.5957	vegetacion
5.021725917584353	-73.9035039486888	0.6762	0.6615	0.6546	0.6927	0.7163	0.7321	0.6232	0.5412	vegetacion
5.021725238571266	-73.90309987479554	0.6458	0.6285	0.616	0.649	0.6688	0.6837	0.5809	0.5024	vegetacion
5.0217245593081214	-73.90269580095764	0.2081	0.2116	0.2027	0.2433	0.3057	0.3796	0.2544	0.1925	vegetacion
5.021723879794918	-73.9022917271751	0.0826	0.0915	0.0825	0.1184	0.198	0.224	0.1498	0.0968	vegetacion
5.021723200031658	-73.90188765344796	0.098	0.1072	0.0906	0.1402	0.2401	0.3064	0.1976	0.1197	vegetacion
5.021722520018339	-73.9014835797762	0.0936	0.1128	0.1139	0.1578	0.2563	0.2694	0.2349	0.1582	vegetacion
5.021721839754964	-73.90107950615987	0.1988	0.2075	0.198	0.2372	0.3207	0.3451	0.2845	0.2129	vegetacion
5.021329811178246	-73.90794943661132	0.9563	0.9133	0.8742	0.9065	0.8837	0.9222	0.6421	0.502	vegetacion
5.021329134970422	-73.90754536235897	0.8388	0.7958	0.7701	0.805	0.7909	0.7607	0.5946	0.5078	vegetacion
5.021328458512558	-73.90714128816174	0.7898	0.7405	0.704	0.7419	0.7377	0.7223	0.556	0.4735	vegetacion
5.021327781804656	-73.90673721401964	0.7898	0.7464	0.7311	0.7642	0.7588	0.7111	0.5882	0.5171	vegetacion
5.021327104846714	-73.90633313993271	0.9979	0.9558	0.9253	0.9619	0.9449	0.8944	0.7232	0.6127	vegetacion
5.021326427638733	-73.90592906590096	1.047	0.9872	0.9422	0.9701	0.9464	0.9634	0.7281	0.6041	vegetacion
5.021325750180711	-73.90552499192441	1.0249	0.9645	0.9241	0.9533	0.9318	0.9274	0.7233	0.6038	vegetacion
5.021325072472653	-73.90512091800308	0.978	0.918	0.8742	0.9056	0.8874	0.8994	0.7068	0.5889	vegetacion
5.021324394514553	-73.90471684413698	0.9589	0.9211	0.907	0.9527	0.9427	0.8995	0.7545	0.6359	vegetacion
5.021323716306418	-73.90431277032616	0.9134	0.8654	0.8443	0.8918	0.8912	0.9069	0.7378	0.6258	vegetacion
5.021323037848244	-73.90390869657061	0.722	0.6835	0.6596	0.7018	0.7205	0.7618	0.6231	0.5082	vegetacion
5.02132235914003	-73.90350462287036	0.544	0.5236	0.512	0.559	0.6063	0.6095	0.54	0.4478	vegetacion
5.021321680181781	-73.90310054922544	0.4068	0.4087	0.4121	0.4596	0.5049	0.5274	0.4557	0.3796	vegetacion
5.021321000973491	-73.90269647563586	0.084	0.0843	0.0705	0.0934	0.1502	0.1919	0.1099	0.0655	vegetacion
5.021320321515166	-73.90229240210164	0.0531	0.0546	0.0438	0.0667	0.1153	0.1186	0.0751	0.0472	vegetacion
5.021319641806802	-73.90188832862282	0.0521	0.057	0.042	0.0777	0.1565	0.1963	0.0974	0.0556	vegetacion
5.0213189618484	-73.90148425519939	0.0582	0.0675	0.0575	0.097	0.1812	0.2248	0.1382	0.0836	vegetacion
5.021318281639963	-73.90108018183138	0.0963	0.1125	0.1156	0.1545	0.2233	0.2411	0.1938	0.1495	vegetacion
5.020926928030179	-73.90835418206582	0.9436	0.9054	0.872	0.9143	0.9061	0.9387	0.6861	0.5492	vegetacion
5.020926252126987	-73.90795010800667	0.7773	0.7584	0.7526	0.7969	0.8036	0.7585	0.5891	0.4885	vegetacion
5.020925575973779	-73.90754603400262	0.8161	0.778	0.7537	0.7922	0.792	0.7984	0.5405	0.4214	vegetacion
5.0209248995705495	-73.9071419600537	0.7292	0.706	0.7038	0.7508	0.7578	0.6904	0.5065	0.4029	vegetacion
5.0209242229173014	-73.9067378861599	0.9242	0.89	0.8607	0.8906	0.8784	0.8517	0.6458	0.5368	vegetacion
5.020923546014035	-73.90633381232128	1.0498	0.9891	0.9723	1.0177	0.9902	0.9698	0.7536	0.6229	vegetacion
5.020922868860748	-73.90592973853784	1.0641	1.0229	1.0092	1.0554	1.037	0.9925	0.7726	0.6284	vegetacion
5.020922191457441	-73.90552566480959	1.0478	1.007	0.9893	1.0349	1.0127	0.989	0.7726	0.6386	vegetacion
5.020921513804118	-73.90512159113656	0.9985	0.9537	0.9422	0.9884	0.976	0.9456	0.7453	0.5952	vegetacion
5.020920835900777	-73.90471751751878	0.9054	0.873	0.8545	0.8963	0.8891	0.8779	0.6939	0.5692	vegetacion
5.0209201577474145	-73.90431344395626	0.8635	0.8183	0.7941	0.8337	0.8366	0.8189	0.674	0.5669	vegetacion
5.020919479344036	-73.90390937044901	0.8613	0.8256	0.8089	0.8466	0.849	0.8393	0.7014	0.5924	vegetacion
5.020918800690641	-73.90350529699707	0.7379	0.702	0.6751	0.7103	0.7235	0.7631	0.6244	0.5245	vegetacion
5.0209181217872265	-73.90310122360044	0.6199	0.5703	0.5319	0.5603	0.5906	0.6259	0.5215	0.4353	vegetacion
5.020917442633795	-73.90269715025916	0.1499	0.1507	0.1415	0.1694	0.2255	0.2657	0.1904	0.1484	vegetacion
5.020916763230344	-73.90229307697325	0.1112	0.1212	0.1046	0.1332	0.2081	0.2431	0.1495	0.0992	vegetacion
5.020916083576878	-73.90188900374272	0.0475	0.055	0.0363	0.0839	0.1934	0.2059	0.1137	0.0605	vegetacion
5.020915403673395	-73.9014849305676	0.052	0.0649	0.0508	0.0954	0.1987	0.2125	0.1359	0.0807	vegetacion
5.020524044517857	-73.90875892702415	0.8903	0.8573	0.8455	0.8903	0.8949	0.8366	0.6901	0.5851	vegetacion
5.020523368919259	-73.90835485315823	0.8156	0.789	0.7809	0.8275	0.8284	0.8539	0.6078	0.4714	vegetacion
5.020522693070665	-73.90795077934736	0.6758	0.6667	0.6687	0.7083	0.7308	0.6837	0.4997	0.3831	vegetacion
5.02052201697207	-73.9075467055916	0.6944	0.6701	0.6484	0.68	0.6828	0.7044	0.4313	0.3059	vegetacion
5.020521340623473	-73.90714263189096	0.6818	0.6611	0.6496	0.6838	0.6907	0.6216	0.4464	0.3428	vegetacion
5.02052066402488	-73.90673855824546	0.8892	0.867	0.858	0.8978	0.8818	0.828	0.6515	0.5483	vegetacion
5.020519987176287	-73.90633448465513	1.026	0.9655	0.9372	0.9876	0.9801	0.949	0.7306	0.61	vegetacion
5.020519310077695	-73.90593041111995	1.0574	1.0092	0.9917	1.0415	1.0233	0.9871	0.7625	0.6173	vegetacion
5.020518632729105	-73.90552633763998	1.0456	0.9923	0.9776	1.0271	1.0029	0.979	0.7638	0.634	vegetacion
5.020517955130518	-73.90512226421525	0.984	0.9513	0.9326	0.9802	0.9701	0.9499	0.7478	0.6125	vegetacion
5.020517277281931	-73.90471819084574	0.9415	0.8939	0.889	0.93	0.9207	0.8937	0.7255	0.6109	vegetacion
5.020516599183345	-73.90431411753151	0.9151	0.8663	0.8396	0.8796	0.8698	0.8777	0.7053	0.5919	vegetacion
5.020515920834764	-73.90391004427255	0.8824	0.839	0.8174	0.8615	0.8588	0.8454	0.7079	0.5984	vegetacion
5.020515242236182	-73.9035059710689	0.8101	0.7643	0.7378	0.7741	0.7844	0.7911	0.6679	0.5851	vegetacion
5.0205145633876045	-73.90310189792055	0.6657	0.6353	0.6099	0.6444	0.6617	0.7067	0.5782	0.4943	vegetacion
5.02051388428903	-73.90269782482756	0.0504	0.057	0.051	0.072	0.1273	0.1429	0.0924	0.0696	vegetacion
5.020513204940457	-73.90229375178993	0.0768	0.0851	0.0752	0.1093	0.1779	0.1464	0.1266	0.0923	vegetacion
5.0205125253418865	-73.90188967880768	0.0722	0.0825	0.0602	0.1071	0.2075	0.2693	0.1269	0.068	vegetacion
5.020121160641343	-73.90916367148641	0.8612	0.8193	0.8059	0.8501	0.8533	0.8298	0.6679	0.5633	vegetacion
5.0201204853473	-73.90875959781368	0.8214	0.7939	0.776	0.8255	0.8253	0.8343	0.6283	0.4897	vegetacion
5.020119809803278	-73.90835552419601	0.6876	0.6601	0.643	0.6817	0.6996	0.6964	0.4899	0.354	vegetacion
5.020119134009276	-73.90795145063342	0.6103	0.5809	0.5702	0.6097	0.6228	0.6089	0.4014	0.2876	vegetacion
5.020118457965293	-73.90754737712592	0.6329	0.6	0.5846	0.6139	0.6204	0.6011	0.3782	0.2575	vegetacion
5.020117781671334	-73.90714330367355	0.6985	0.6568	0.6408	0.674	0.671	0.6238	0.4387	0.3308	vegetacion
5.020117105127395	-73.9067392302763	0.801	0.7569	0.7408	0.7883	0.7779	0.7007	0.5725	0.4707	vegetacion
5.020116428333476	-73.90633515693423	1.0043	0.9661	0.9329	0.9684	0.9479	0.9298	0.7194	0.6055	vegetacion
5.0201157512895795	-73.90593108364733	1.0862	1.03	1.0023	1.0448	1.0282	0.9802	0.7839	0.6482	vegetacion
5.020115073995704	-73.90552701041564	1.0654	1.0114	0.9819	1.0282	1.0084	1.0174	0.7756	0.6422	vegetacion
5.020114396451852	-73.90512293723916	0.994	0.9421	0.9237	0.9649	0.9524	0.9295	0.7378	0.609	vegetacion
5.02011371865802	-73.90471886411791	0.9104	0.8705	0.8408	0.8841	0.8753	0.8667	0.6958	0.5855	vegetacion
5.020113040614211	-73.90431479105195	0.8614	0.8334	0.8141	0.8597	0.8564	0.8296	0.6876	0.5834	vegetacion
5.020112362320424	-73.90391071804125	0.8481	0.8288	0.8194	0.8671	0.8754	0.8528	0.7212	0.6359	vegetacion
5.020111683776659	-73.90350664508584	0.7493	0.7262	0.7058	0.7524	0.7677	0.7934	0.6632	0.5847	vegetacion
5.020111004982919	-73.90310257218577	0.592	0.5591	0.5321	0.5648	0.5929	0.6718	0.5168	0.4219	vegetacion
5.020110325939198	-73.90269849934104	0.0534	0.054	0.0424	0.0673	0.1194	0.1022	0.0845	0.0587	vegetacion
5.0197182764006945	-73.9095684154526	0.7278	0.693	0.6781	0.7117	0.7148	0.776	0.539	0.4171	vegetacion
5.019717601411164	-73.90916434197307	0.6125	0.6008	0.5893	0.6343	0.6614	0.6319	0.4714	0.3661	vegetacion
5.019716926171676	-73.9087602685486	0.6387	0.6225	0.6166	0.6588	0.67	0.6768	0.476	0.3468	vegetacion
5.019716250682227	-73.90835619517918	0.6007	0.5859	0.5745	0.6089	0.6272	0.6185	0.4184	0.3082	vegetacion
5.019715574942818	-73.90795212186482	0.5825	0.5599	0.5395	0.5759	0.5869	0.5717	0.3758	0.2626	vegetacion
5.01971489895345	-73.90754804860558	0.6714	0.6292	0.6022	0.6342	0.6404	0.5943	0.4192	0.2976	vegetacion
5.019714222714125	-73.90714397540144	0.7527	0.7002	0.6682	0.7022	0.6995	0.6641	0.4816	0.3664	vegetacion
5.019713546224839	-73.90673990225245	0.8465	0.803	0.7766	0.812	0.8051	0.7513	0.6161	0.5301	vegetacion
5.019712869485596	-73.90633582915862	1.035	0.9915	0.9714	1.013	0.9883	0.9162	0.7673	0.6328	vegetacion
5.019712192496395	-73.90593175611995	1.0954	1.0613	1.0373	1.0825	1.0651	1.0634	0.8113	0.668	vegetacion
5.019711515257234	-73.9055276831365	1.0203	0.965	0.9407	0.9827	0.9675	0.9845	0.75	0.6224	vegetacion
5.019710837768115	-73.90512361020826	0.9704	0.927	0.909	0.9588	0.9506	0.933	0.7437	0.6282	vegetacion
5.019710160029041	-73.90471953733528	0.8827	0.8415	0.8263	0.8652	0.8488	0.8462	0.683	0.5843	vegetacion
5.019709482040008	-73.90431546451754	0.7982	0.7708	0.7545	0.7936	0.7885	0.7749	0.6407	0.5495	vegetacion
5.019708803801017	-73.90391139175507	0.8119	0.7857	0.7769	0.8199	0.8236	0.7873	0.6899	0.6064	vegetacion
5.019708125312067	-73.90350731904793	0.6763	0.6487	0.629	0.6709	0.6952	0.7222	0.6051	0.5256	vegetacion
5.019707446573162	-73.90310324639611	0.5408	0.508	0.4788	0.5184	0.5491	0.5996	0.4875	0.3937	vegetacion
5.019315391795976	-73.90997315892275	0.4307	0.4039	0.3815	0.4042	0.4199	0.4028	0.272	0.1932	vegetacion
5.01931471711092	-73.90956908563645	0.4689	0.4517	0.4354	0.4666	0.4892	0.4807	0.3304	0.2281	vegetacion
5.019314042175923	-73.90916501240515	0.5054	0.4765	0.4555	0.4834	0.5037	0.4891	0.3348	0.2276	vegetacion
5.019313366990986	-73.9087609392289	0.5119	0.4956	0.4849	0.5191	0.545	0.5072	0.3651	0.257	vegetacion
5.01931269155611	-73.9083568661077	0.606	0.5757	0.5565	0.5877	0.5972	0.5772	0.413	0.2911	vegetacion
5.019312015871296	-73.90795279304157	0.6521	0.6206	0.6043	0.6349	0.6442	0.5907	0.4521	0.3422	vegetacion
5.019311339936543	-73.90754872003055	0.7935	0.7526	0.7231	0.7523	0.7505	0.7317	0.5392	0.4243	vegetacion
5.019310663751851	-73.90714464707465	0.8367	0.7863	0.7478	0.7765	0.7632	0.7445	0.563	0.4523	vegetacion
5.019309987317221	-73.90674057417388	0.9194	0.8749	0.8427	0.8787	0.8564	0.8153	0.6722	0.5757	vegetacion
5.019309310632651	-73.90633650132827	1.075	1.039	1.0251	1.0772	1.0517	1.0169	0.8173	0.6656	vegetacion
5.019308633698144	-73.90593242853782	1.042	1.013	0.9993	1.042	1.0289	1.026	0.8026	0.6552	vegetacion
5.019307956513699	-73.9055283558026	0.9729	0.9292	0.8973	0.9386	0.9225	0.9455	0.7201	0.591	vegetacion
5.0193072790793165	-73.90512428312259	0.9395	0.8956	0.874	0.9158	0.9064	0.8719	0.7291	0.6259	vegetacion
5.019306601394996	-73.90472021049781	0.8775	0.8242	0.7971	0.8403	0.8321	0.8617	0.6732	0.5603	vegetacion
5.019305923460739	-73.9043161379283	0.7865	0.739	0.7278	0.774	0.7715	0.7441	0.6343	0.5497	vegetacion
5.019305245276542	-73.90391206541408	0.7721	0.752	0.7425	0.7833	0.8076	0.7715	0.6684	0.5852	vegetacion
5.01930456684241	-73.90350799295514	0.7322	0.7049	0.6884	0.7245	0.7354	0.7391	0.6347	0.5546	vegetacion
5.018912506827249	-73.91037790189694	0.4049	0.3711	0.3457	0.3614	0.3819	0.3767	0.2599	0.1882	vegetacion
5.018911832446624	-73.90997382880384	0.4033	0.3763	0.3571	0.3764	0.3965	0.3886	0.2588	0.1769	vegetacion
5.0189111578160785	-73.90956975576574	0.5331	0.4981	0.4732	0.5026	0.5179	0.4638	0.3839	0.2942	vegetacion
5.018910482935615	-73.90916568278266	0.6528	0.6162	0.5782	0.5982	0.6019	0.6152	0.4532	0.3407	vegetacion
5.018909807805232	-73.9087616098546	0.6459	0.6048	0.5864	0.6138	0.625	0.5751	0.4694	0.375	vegetacion
5.01890913242493	-73.9083575369816	0.7242	0.6899	0.6733	0.7099	0.7223	0.6798	0.5403	0.4388	vegetacion
5.01890845679471	-73.90795346416368	0.7424	0.6948	0.6763	0.7147	0.7204	0.6996	0.5347	0.4173	vegetacion
5.01890778091457	-73.90754939140086	0.812	0.7712	0.7516	0.7865	0.7825	0.7495	0.5823	0.4726	vegetacion
5.018907104784513	-73.90714531869317	0.8987	0.8603	0.8332	0.8649	0.8463	0.8198	0.6395	0.5171	vegetacion
5.018906428404536	-73.9067412460406	0.921	0.8891	0.881	0.9185	0.9014	0.8583	0.6946	0.5857	vegetacion
5.018905751774642	-73.90633717344319	1.0109	0.9784	0.9695	1.0174	1.0033	0.9701	0.7863	0.6514	vegetacion
5.018905074894829	-73.90593310090095	0.997	0.9661	0.9585	1.0051	0.9933	0.9558	0.7911	0.6589	vegetacion
5.0189043977651	-73.90552902841394	0.9781	0.944	0.9225	0.9617	0.9414	0.9687	0.7502	0.6075	vegetacion
5.0189037203854525	-73.90512495598212	0.9021	0.8799	0.8607	0.8972	0.8948	0.8863	0.716	0.6119	vegetacion
5.018903042755888	-73.90472088360555	0.8334	0.7981	0.7705	0.8094	0.814	0.8373	0.6531	0.5407	vegetacion
5.0189023648764035	-73.90431681128425	0.7999	0.7586	0.7268	0.7681	0.7774	0.7752	0.6363	0.5496	vegetacion
5.01850962149457	-73.91078264437519	0.4312	0.3997	0.3722	0.3911	0.4077	0.4654	0.3106	0.2327	vegetacion
5.018508947418337	-73.91037857147529	0.382	0.3551	0.33	0.349	0.37	0.3638	0.2498	0.1802	vegetacion
5.0185082730922055	-73.90997449863038	0.3912	0.3666	0.3431	0.3705	0.3978	0.3873	0.2772	0.1931	vegetacion
5.018507598516174	-73.90957042584046	0.6778	0.6562	0.6388	0.6683	0.6685	0.625	0.5252	0.4604	vegetacion
5.018506923690243	-73.90916635310556	0.749	0.7185	0.7058	0.7388	0.7389	0.6982	0.5885	0.5123	vegetacion
5.018506248614413	-73.90876228042569	0.7775	0.7417	0.717	0.7513	0.7542	0.7437	0.6014	0.5172	vegetacion
5.018505573288684	-73.90835820780087	0.7901	0.7436	0.7223	0.7586	0.7624	0.7318	0.6019	0.5168	vegetacion
5.018504897713057	-73.90795413523114	0.7837	0.7423	0.7078	0.7481	0.7512	0.7488	0.5835	0.4618	vegetacion
5.018504221887532	-73.90755006271651	0.8721	0.8277	0.8003	0.8381	0.8339	0.7899	0.6484	0.5389	vegetacion
5.018503545812108	-73.90714599025699	0.8964	0.8555	0.8409	0.8821	0.863	0.8571	0.6558	0.5183	vegetacion
5.018502869486786	-73.90674191785261	0.8913	0.8484	0.8295	0.8746	0.8514	0.813	0.6677	0.5566	vegetacion
5.0185021929115665	-73.90633784550337	0.952	0.9029	0.8839	0.9316	0.9123	0.8935	0.7294	0.6149	vegetacion
5.018501516086448	-73.90593377320934	0.9295	0.9067	0.9064	0.9564	0.9557	0.8915	0.7638	0.6491	vegetacion
5.018500839011433	-73.9055297009705	0.9247	0.9017	0.8888	0.9414	0.9407	0.9302	0.749	0.5832	vegetacion
5.018500161686521	-73.90512562878686	0.8359	0.8053	0.7865	0.8295	0.8308	0.842	0.644	0.4918	vegetacion
5.018499484111711	-73.90472155665847	0.7955	0.764	0.747	0.7869	0.7896	0.7767	0.6316	0.5326	vegetacion
5.018104039211205	-73.90957109586061	0.6989	0.6673	0.6552	0.6897	0.6889	0.6401	0.555	0.4973	vegetacion
5.018103364439808	-73.90916702337387	0.7606	0.7265	0.7176	0.759	0.7645	0.7021	0.6212	0.5592	vegetacion
5.018102689418532	-73.90876295094218	0.7743	0.7419	0.7215	0.7557	0.7613	0.7419	0.6177	0.5358	vegetacion
5.018102014147376	-73.90835887856552	0.7687	0.7372	0.714	0.7527	0.7607	0.7317	0.6147	0.5303	vegetacion
5.018101338626343	-73.90795480624395	0.8482	0.8142	0.7949	0.8292	0.8328	0.8089	0.6652	0.5521	vegetacion
5.0181006628554305	-73.90755073397749	0.8886	0.8441	0.8217	0.8612	0.8571	0.8636	0.6764	0.5497	vegetacion
5.018099986834642	-73.90714666176612	0.8618	0.821	0.7989	0.8393	0.835	0.805	0.6502	0.5293	vegetacion
5.018099310563972	-73.9067425896099	0.8872	0.8362	0.8177	0.8637	0.851	0.8234	0.6766	0.5789	vegetacion
5.018098634043427	-73.90633851750884	0.9629	0.9252	0.8957	0.929	0.9078	0.9308	0.745	0.6263	vegetacion
5.018097957273004	-73.90593444546296	0.8608	0.8253	0.8095	0.8581	0.8541	0.7933	0.7015	0.5975	vegetacion
5.018097280252705	-73.90553037347229	0.8787	0.8549	0.8488	0.9001	0.9102	0.8901	0.7252	0.5767	vegetacion
5.018096602982527	-73.90512630153682	0.8703	0.8494	0.8451	0.894	0.8981	0.8754	0.7118	0.5694	vegetacion
5.017697103818265	-73.9075514051838	0.8083	0.7932	0.7772	0.8213	0.833	0.8427	0.6787	0.5618	vegetacion
5.017696427852109	-73.90714733322058	0.8706	0.8377	0.8183	0.8561	0.851	0.8348	0.6836	0.5753	vegetacion
5.017695751636095	-73.90674326131251	0.8972	0.8568	0.8304	0.8741	0.8671	0.842	0.7074	0.6105	vegetacion
5.017695075170225	-73.90633918945959	0.9058	0.8853	0.878	0.9282	0.918	0.8902	0.7585	0.646	vegetacion
5.017694398454496	-73.90593511766185	0.8666	0.8424	0.83	0.8783	0.8809	0.8732	0.7205	0.5855	vegetacion
4.961253398054181	-73.94118013076285	0.0543	0.0883	0.0688	0.1476	0.2785	0.3541	0.2226	0.129	vegetacion
4.961252750240268	-73.9407760888368	0.069	0.0876	0.0774	0.1123	0.2101	0.2162	0.1866	0.1281	vegetacion
4.960849833843558	-73.94118077390264	0.0479	0.0563	0.0487	0.0761	0.1358	0.1692	0.1227	0.0802	vegetacion
4.960849186082593	-73.9407767322219	0.0658	0.0928	0.0878	0.1385	0.2518	0.3038	0.2233	0.1549	vegetacion
4.960848538074606	-73.94037269059459	0.1625	0.1887	0.203	0.2305	0.2582	0.2384	0.2833	0.2314	vegetacion
4.960446269627932	-73.94118141698947	0.0311	0.0441	0.0325	0.0676	0.1757	0.1862	0.1281	0.0747	vegetacion
4.960445621919917	-73.94077737555402	0.0682	0.0896	0.089	0.136	0.2234	0.2803	0.206	0.1569	vegetacion
4.960444973964899	-73.940373334172	0.1	0.1177	0.1075	0.1459	0.2557	0.3072	0.1853	0.1118	vegetacion
4.960444325762875	-73.93996929284341	0.0793	0.0913	0.1013	0.1364	0.2267	0.2327	0.2031	0.1633	vegetacion
4.960042705407305	-73.94118206002334	0.0385	0.0614	0.0422	0.0985	0.2323	0.3067	0.1638	0.0946	vegetacion
4.960042057752238	-73.94077801883314	0.033	0.0538	0.038	0.09	0.2235	0.2696	0.14	0.0766	vegetacion
4.96004140985019	-73.9403739776964	0.0287	0.0451	0.0308	0.0747	0.1806	0.2177	0.137	0.0745	vegetacion
4.960040761701156	-73.93996993661308	0.0337	0.0623	0.0363	0.0869	0.2605	0.3748	0.1588	0.0791	vegetacion
4.960040113305138	-73.93956589558324	0.029	0.0491	0.0303	0.0704	0.2343	0.2689	0.14	0.077	vegetacion
4.95963914118168	-73.94118270300423	0.0418	0.0526	0.0517	0.0813	0.116	0.1417	0.1121	0.0674	vegetacion
4.959638493579561	-73.94077866205929	0.0412	0.0552	0.0515	0.0942	0.1638	0.195	0.1349	0.0792	vegetacion
4.959637845730482	-73.94037462116778	0.0306	0.0538	0.0311	0.0875	0.2606	0.304	0.1356	0.0677	vegetacion
4.9596371976344376	-73.93997058032973	0.0312	0.0484	0.0365	0.0765	0.2022	0.2454	0.1456	0.0799	vegetacion
4.959636549291428	-73.93956653954511	0.0333	0.0585	0.0358	0.0845	0.2596	0.3607	0.1643	0.0869	vegetacion
4.95963590070146	-73.939162498814	0.0323	0.0524	0.0336	0.0779	0.2209	0.2869	0.149	0.079	vegetacion
4.959234929401884	-73.94077930523244	0.0418	0.063	0.0533	0.0907	0.1705	0.1829	0.1454	0.0829	vegetacion
4.959234281605771	-73.94037526458617	0.0257	0.0431	0.026	0.0688	0.2042	0.2911	0.1285	0.0697	vegetacion
4.959233633562717	-73.93997122399333	0.0427	0.0737	0.0571	0.1134	0.2284	0.2657	0.1836	0.1049	vegetacion
4.959232985272719	-73.93956718345395	0.0499	0.0824	0.0661	0.1224	0.2516	0.2885	0.2016	0.1143	vegetacion
4.959232336735778	-73.93916314296806	0.0428	0.0728	0.0534	0.108	0.2576	0.3064	0.1994	0.106	vegetacion
4.958831365219204	-73.94077994835261	0.0367	0.0615	0.0484	0.0946	0.22	0.3049	0.1674	0.097	vegetacion
4.958830717476061	-73.94037590795155	0.1143	0.1161	0.1138	0.1377	0.1769	0.2	0.2064	0.1375	vegetacion
4.958830069485995	-73.93997186760392	0.0639	0.0871	0.0629	0.1184	0.2912	0.3567	0.1823	0.0984	vegetacion
4.958829421249007	-73.93956782730974	0.0436	0.0804	0.0551	0.1223	0.272	0.3234	0.2056	0.1097	vegetacion
4.958828772765096	-73.93916378706906	0.0596	0.083	0.0772	0.1304	0.2504	0.3152	0.2314	0.1672	vegetacion
4.958828124034261	-73.93875974688189	0.159	0.1884	0.2566	0.2891	0.3258	0.3298	0.3598	0.3447	vegetacion
4.958427801031528	-73.94078059141981	0.1043	0.119	0.0987	0.1386	0.2419	0.2781	0.1817	0.114	vegetacion
4.958427153341353	-73.94037655126391	0.0642	0.0863	0.0788	0.1194	0.2107	0.2213	0.1546	0.0902	vegetacion
4.958426505404276	-73.93997251116147	0.1467	0.1445	0.1382	0.1612	0.2697	0.3464	0.2281	0.1447	vegetacion
4.958425857220297	-73.93956847111248	0.0617	0.0861	0.0778	0.1226	0.2634	0.31	0.2197	0.1523	vegetacion
4.958425208789414	-73.93916443111698	0.1756	0.2048	0.2724	0.2992	0.3132	0.2853	0.3722	0.3716	vegetacion
4.95842456011163	-73.93876039117498	0.1739	0.1914	0.218	0.24	0.2488	0.2676	0.3269	0.308	vegetacion
4.9584239111869435	-73.93835635128652	0.0843	0.098	0.0989	0.1368	0.2176	0.2759	0.2356	0.1993	vegetacion
4.95802423683885	-73.940781234434	0.1057	0.106	0.0978	0.1278	0.2153	0.2297	0.2002	0.1214	vegetacion
4.958023589201644	-73.94037719452326	0.1389	0.1296	0.1168	0.1423	0.2631	0.3153	0.2035	0.1173	vegetacion
4.958022941317557	-73.93997315466599	0.0524	0.0806	0.0734	0.1198	0.2622	0.3163	0.2078	0.1238	vegetacion
4.958022293186586	-73.93956911486218	0.063	0.0896	0.0847	0.1357	0.2475	0.2591	0.2058	0.1215	vegetacion
4.958021644808732	-73.93916507511184	0.0191	0.0454	0.0203	0.075	0.2539	0.3354	0.1465	0.0744	vegetacion
4.958020996183999	-73.93876103541501	0.0697	0.0966	0.1159	0.1637	0.2953	0.3263	0.2296	0.17	vegetacion
4.958020347312383	-73.93835699577171	0.0485	0.0778	0.0651	0.1233	0.2604	0.2967	0.2066	0.1256	vegetacion
4.958019698193882	-73.93795295618195	0.0412	0.0706	0.049	0.1125	0.2583	0.3083	0.1819	0.0976	vegetacion
4.957620672641173	-73.9407818773952	0.1231	0.1212	0.1081	0.1444	0.2783	0.3267	0.2052	0.1174	vegetacion
4.957620025056936	-73.94037783772963	0.0621	0.0828	0.0674	0.1101	0.2713	0.33	0.1836	0.1108	vegetacion
4.957619377225836	-73.93997379811749	0.0308	0.0625	0.0306	0.092	0.345	0.5116	0.1746	0.0854	vegetacion
4.9576187291478755	-73.93956975855883	0.0363	0.0753	0.0401	0.1113	0.332	0.4164	0.1921	0.0964	vegetacion
4.957618080823052	-73.93916571905363	0.0364	0.0641	0.042	0.1004	0.2901	0.3839	0.1822	0.1007	vegetacion
4.957617432251367	-73.93876167960195	0.033	0.064	0.035	0.0929	0.2945	0.3859	0.1761	0.0885	vegetacion
4.957616783432819	-73.9383576402038	0.0469	0.0829	0.0603	0.1306	0.2774	0.3626	0.2058	0.1109	vegetacion
4.95761613436741	-73.93795360085919	0.046	0.0804	0.0579	0.1221	0.285	0.3396	0.2088	0.1142	vegetacion
4.957615485055141	-73.93754956156813	0.0419	0.0754	0.0565	0.1259	0.2711	0.3213	0.2123	0.1181	vegetacion
4.957217108438499	-73.94078252030343	0.112	0.116	0.1069	0.1467	0.2633	0.347	0.2081	0.1251	vegetacion
4.957216460907232	-73.94037848088297	0.0373	0.0601	0.0443	0.0899	0.2521	0.2971	0.1642	0.0955	vegetacion
4.957215813129121	-73.93997444151597	0.0515	0.0698	0.0662	0.1032	0.2047	0.2187	0.1695	0.1014	vegetacion
4.957215165104169	-73.93957040220242	0.0603	0.0895	0.0844	0.1415	0.2739	0.3766	0.2336	0.1455	vegetacion
4.957214516832376	-73.93916636294236	0.0494	0.0795	0.077	0.1266	0.2456	0.2598	0.2193	0.1319	vegetacion
4.9572138683137394	-73.9387623237358	0.0425	0.0662	0.0553	0.1023	0.2025	0.2746	0.1624	0.0939	vegetacion
4.935650878154184	-73.83496347401571	0.1047	0.1311	0.1903	0.2204	0.2313	0.23	0.3429	0.3223	urbano
4.9356501690435275	-73.83455946225402	0.0772	0.0943	0.1248	0.1506	0.177	0.1933	0.2172	0.1836	urbano
4.935649459687142	-73.83415545055108	0.268	0.2774	0.2802	0.2929	0.3074	0.268	0.3507	0.346	urbano
4.935248037056108	-73.83536818957094	0.1075	0.1313	0.1737	0.1976	0.2211	0.1965	0.2774	0.2343	urbano
4.935247328249414	-73.8349641779945	0.1132	0.1417	0.2068	0.2307	0.2328	0.2602	0.3358	0.3017	urbano
4.935246619197014	-73.83456016647679	0.0627	0.0901	0.1075	0.1352	0.1897	0.1789	0.2393	0.1894	urbano
4.935245909898905	-73.83415615501785	0.0893	0.1113	0.1234	0.1644	0.2123	0.2297	0.2174	0.1752	urbano
4.935245200355087	-73.8337521436177	0.1097	0.1317	0.1758	0.2032	0.2164	0.1996	0.2804	0.2455	urbano
4.934844487088111	-73.83536889324749	0.0991	0.1217	0.1498	0.1688	0.1834	0.1878	0.2721	0.2331	urbano
4.934843778339652	-73.83496488191501	0.069	0.0978	0.1506	0.1853	0.2219	0.2022	0.3098	0.2667	urbano
4.934843069345506	-73.83456087064127	0.0601	0.0936	0.0679	0.1371	0.2998	0.3994	0.2296	0.1511	urbano
4.934842360105671	-73.83415685942632	0.0692	0.0918	0.1101	0.1425	0.202	0.1995	0.2244	0.1807	urbano
4.934440937115123	-73.83536959686579	0.1095	0.1325	0.1666	0.1887	0.1977	0.2108	0.2921	0.2679	urbano
4.934440228424898	-73.83496558577725	0.0919	0.1293	0.1957	0.2179	0.2404	0.2461	0.3335	0.3045	urbano
4.934439519489007	-73.83456157474747	0.1059	0.1301	0.1629	0.1799	0.1972	0.2031	0.2783	0.2548	urbano
4.934438810307447	-73.83415756377646	0.0815	0.1129	0.1532	0.2011	0.2476	0.252	0.2952	0.2444	urbano
4.937256549375867	-73.83011250854682	0.0331	0.0683	0.0315	0.1081	0.3536	0.466	0.1706	0.0782	urbano
4.937255837082497	-73.82970849651555	0.0359	0.0647	0.043	0.1067	0.2667	0.3423	0.1829	0.0957	urbano
4.937255124543322	-73.82930448454329	0.0676	0.0914	0.0928	0.1353	0.2411	0.2962	0.2542	0.1762	urbano
4.937254411758338	-73.82890047263005	0.0999	0.1289	0.1504	0.1775	0.2363	0.2448	0.2783	0.2271	urbano
4.937253698727547	-73.82849646077588	0.0663	0.0931	0.0841	0.1366	0.3065	0.4119	0.2226	0.1478	urbano
4.937252985450951	-73.82809244898078	0.1	0.1333	0.118	0.1733	0.3282	0.3844	0.241	0.1675	urbano
4.936852287956595	-73.82970920390034	0.0487	0.083	0.0641	0.1273	0.304	0.3406	0.1998	0.1103	urbano
4.936851575475937	-73.82930519217214	0.0598	0.0912	0.0941	0.1475	0.2893	0.3409	0.2404	0.1622	urbano
4.936850862749491	-73.82890118050298	0.0607	0.086	0.147	0.1978	0.2628	0.283	0.2397	0.1815	urbano
4.93685014977726	-73.82849716889288	0.1416	0.1785	0.2375	0.262	0.2858	0.2925	0.2952	0.2528	urbano
4.936448026403554	-73.82930589974245	0.0503	0.0827	0.0726	0.135	0.2827	0.3187	0.1986	0.1081	urbano
4.9364473137356475	-73.82890188831733	0.0944	0.1157	0.1174	0.1463	0.2008	0.241	0.215	0.1665	urbano
4.936446600821973	-73.82849787695129	0.0973	0.1211	0.1411	0.1704	0.2326	0.2024	0.2672	0.2228	urbano
5.047401123033986	-73.81658268061038	0.1835	0.1821	0.1677	0.1947	0.2933	0.3267	0.1858	0.1061	urbano
5.046999049416117	-73.81739156656394	0.1767	0.1796	0.1606	0.1972	0.3105	0.3238	0.215	0.1236	urbano
5.04699831341878	-73.81698748923603	0.1641	0.1638	0.1383	0.1762	0.3246	0.3675	0.1931	0.1053	urbano
5.046997577170149	-73.81658341196781	0.1391	0.1382	0.121	0.1521	0.2768	0.3273	0.1661	0.0881	urbano
5.046596239115791	-73.81779637450106	0.1849	0.1804	0.1598	0.203	0.3622	0.3982	0.2064	0.1047	urbano
5.046595503428869	-73.81739229736301	0.1707	0.1684	0.147	0.1907	0.3732	0.4364	0.1999	0.0959	urbano
5.046594767490673	-73.81698822028466	0.1324	0.1325	0.1146	0.1497	0.2839	0.3454	0.1811	0.0969	urbano
5.046594031301205	-73.816584143266	0.129	0.1297	0.1143	0.1505	0.3037	0.3361	0.178	0.0949	urbano
5.046192693064314	-73.8177971049914	0.1817	0.1789	0.1586	0.1982	0.3562	0.4073	0.1897	0.0927	urbano
5.046191957436513	-73.81739302810291	0.1981	0.1929	0.1753	0.2095	0.369	0.4553	0.2027	0.0999	urbano
5.046191221557461	-73.8169889512741	0.1231	0.1269	0.1106	0.1471	0.3001	0.344	0.1887	0.1002	urbano
5.046190485427153	-73.81658487450497	0.1078	0.118	0.1015	0.1442	0.3083	0.3938	0.1987	0.1108	urbano
4.981566382051316	-73.78559043386142	0.0355	0.0661	0.0388	0.1091	0.3542	0.3975	0.1883	0.0876	nube
4.9815656360408935	-73.78518640147496	0.0527	0.088	0.0662	0.1359	0.2976	0.4016	0.2264	0.1251	nube
4.981163585677148	-73.78599520673205	0.0431	0.0688	0.0523	0.1042	0.3223	0.4597	0.2089	0.1265	nube
4.98116283997544	-73.7855911745306	0.0367	0.0644	0.0334	0.1051	0.384	0.6009	0.1968	0.1084	nube
4.981162094025743	-73.78518714239041	0.0288	0.0411	0.0275	0.0667	0.1782	0.2113	0.1085	0.0553	nube
4.98116134782806	-73.78478311031148	0.0335	0.0461	0.0327	0.0805	0.1975	0.2125	0.1317	0.0714	nube
4.981160601382389	-73.78437907829387	0.0488	0.0754	0.0598	0.1216	0.2434	0.3091	0.197	0.1122	nube
4.981159854688731	-73.78397504633755	0.0436	0.0618	0.0485	0.1008	0.2068	0.247	0.1666	0.0946	nube
4.981159107747087	-73.78357101444257	0.0462	0.0627	0.0453	0.0987	0.1985	0.2331	0.1473	0.0842	nube
4.9811583605574565	-73.78316698260895	0.0473	0.0623	0.0487	0.0939	0.1805	0.2054	0.1432	0.0865	nube
4.98076004353552	-73.78599594709422	0.0345	0.0418	0.041	0.0598	0.094	0.1116	0.2051	0.1383	nube
4.980759297894516	-73.78559191513902	0.0368	0.0426	0.0448	0.0603	0.0797	0.1062	0.2087	0.1515	nube
4.980758552005546	-73.78518788324507	0.0334	0.0428	0.0375	0.0775	0.1668	0.1932	0.1566	0.1008	nube
4.980757805868607	-73.78478385141241	0.0447	0.0641	0.0556	0.1084	0.219	0.2683	0.1769	0.0995	nube
4.980757059483703	-73.78437981964105	0.0458	0.0608	0.0517	0.1042	0.2097	0.2542	0.1718	0.0998	nube
4.980756312850831	-73.78397578793098	0.051	0.0633	0.0514	0.0947	0.1682	0.19	0.1489	0.0913	nube
4.980755565969993	-73.78357175628226	0.0549	0.0696	0.056	0.1108	0.2	0.2192	0.1599	0.097	nube
4.98075481884119	-73.78316772469488	0.0479	0.0674	0.0477	0.1087	0.2392	0.2791	0.176	0.0982	nube
4.9807540714644185	-73.78276369316889	0.0484	0.0636	0.0502	0.0963	0.181	0.2157	0.1613	0.0958	nube
4.980753323839683	-73.78235966170429	0.0465	0.0588	0.0522	0.097	0.1777	0.2028	0.1661	0.1034	nube
4.9807525759669815	-73.7819556303011	0.0391	0.0514	0.0407	0.0822	0.1868	0.2214	0.1369	0.0801	nube
4.980751827846314	-73.78155159895935	0.0379	0.0473	0.0389	0.0718	0.1642	0.1884	0.1195	0.075	nube
4.980751079477681	-73.78114756767907	0.0446	0.0581	0.0458	0.0908	0.1829	0.2043	0.1479	0.09	nube
4.980355009980302	-73.78518862403898	0.0435	0.0529	0.0446	0.0817	0.1502	0.1461	0.1624	0.1051	nube
4.980354263904109	-73.78478459245254	0.0476	0.0596	0.0464	0.0919	0.1763	0.2061	0.1407	0.0843	nube
4.98035351757997	-73.7843805609274	0.0507	0.0682	0.0539	0.1076	0.2154	0.2411	0.1728	0.1007	nube
4.980352771007885	-73.78397652946357	0.0387	0.0545	0.0382	0.0906	0.1956	0.2417	0.1391	0.0764	nube
4.980352024187853	-73.78357249806108	0.0459	0.0607	0.0444	0.0941	0.1857	0.2199	0.1338	0.0805	nube
4.980351277119875	-73.78316846671994	0.046	0.0645	0.0485	0.1047	0.211	0.2654	0.1603	0.0939	nube
4.980350529803951	-73.78276443544017	0.0347	0.0468	0.0311	0.0747	0.1597	0.1875	0.1217	0.0687	nube
4.980349782240083	-73.7823604042218	0.048	0.061	0.0564	0.1015	0.1874	0.2228	0.1823	0.1129	nube
4.980349034428266	-73.78195637306486	0.0359	0.0509	0.0366	0.0845	0.1896	0.2355	0.1354	0.076	nube
4.980348286368508	-73.78155234196934	0.0338	0.0421	0.0313	0.065	0.1629	0.1925	0.1204	0.0713	nube
4.9803475380608	-73.78114831093528	0.0353	0.0458	0.0319	0.0707	0.168	0.2146	0.1164	0.0692	nube
4.979949975671191	-73.78438130215297	0.0578	0.0767	0.0599	0.1206	0.2288	0.259	0.1744	0.1034	nube
4.979949229159891	-73.78397727093534	0.0422	0.0576	0.0428	0.094	0.2031	0.2472	0.1547	0.0882	nube
4.979948482400666	-73.78357323977905	0.0385	0.0502	0.0364	0.0784	0.1538	0.1769	0.1186	0.0674	nube
4.979947735393514	-73.78316920868411	0.049	0.0621	0.0546	0.0975	0.1764	0.2063	0.1636	0.1014	nube
4.979946988138437	-73.78276517765056	0.0457	0.058	0.0494	0.0935	0.1693	0.1957	0.1573	0.0981	nube
4.979946240635434	-73.7823611466784	0.0437	0.0557	0.054	0.0998	0.1848	0.224	0.1744	0.1077	nube
4.9799454928845055	-73.78195711576767	0.0346	0.0458	0.034	0.073	0.1689	0.2053	0.1179	0.0676	nube
4.9799447448856515	-73.78155308491836	0.0297	0.0396	0.0285	0.0641	0.1766	0.2227	0.1034	0.0589	nube
4.979544193662104	-73.78316995058744	0.0464	0.0599	0.0496	0.0982	0.1787	0.1936	0.1652	0.1013	nube
4.979543446467873	-73.78276591980006	0.0384	0.0514	0.0403	0.0794	0.1525	0.1839	0.1422	0.0878	nube
4.979542699025737	-73.7823618890741	0.0465	0.0585	0.0578	0.0985	0.1697	0.1984	0.1811	0.1168	nube
4.979541951335696	-73.78195785840954	0.0341	0.0486	0.0386	0.0878	0.1905	0.2249	0.1422	0.0805	nube
5.004686396698761	-73.85100443581796	0.0304	0.033	0.0222	0.0407	0.1334	0.15	0.0767	0.0412	nube
5.0046856875929	-73.85060037970143	0.0343	0.0421	0.0311	0.063	0.1739	0.2457	0.0986	0.0552	nube
5.004684978237852	-73.85019632364288	0.0284	0.0366	0.0281	0.0579	0.16	0.21	0.0912	0.05	nube
5.004684268633615	-73.84979226764234	0.0242	0.028	0.0225	0.0447	0.1232	0.1715	0.0784	0.0439	nube
5.004683558780194	-73.84938821169983	0.0331	0.0446	0.0421	0.0841	0.1975	0.2393	0.1453	0.0826	nube
5.004283554138876	-73.85140919579244	0.0358	0.0497	0.03	0.0708	0.2269	0.3281	0.1288	0.0628	nube
5.004282845339642	-73.8510051398654	0.0355	0.0479	0.0306	0.0716	0.2135	0.2675	0.1123	0.0599	nube
5.0042821362912395	-73.85060108399632	0.0302	0.0371	0.0272	0.0529	0.1441	0.1935	0.089	0.0496	nube
5.0042814269936695	-73.85019702818524	0.0258	0.0338	0.0241	0.0546	0.1501	0.1904	0.0821	0.0447	nube
5.004280717446932	-73.84979297243214	0.024	0.0327	0.0247	0.0534	0.1441	0.1951	0.0839	0.0463	nube
5.004280007651028	-73.84938891673708	0.0212	0.0257	0.0234	0.0455	0.1185	0.1648	0.0804	0.0451	nube
5.004279297605957	-73.84898486110006	0.0303	0.0553	0.0239	0.0928	0.3165	0.4081	0.1845	0.0876	nube
5.004278587311721	-73.84858080552111	0.0334	0.0557	0.028	0.0946	0.2876	0.377	0.1872	0.0919	nube
5.003880711209906	-73.85181395527252	0.0419	0.0644	0.0415	0.0962	0.2471	0.3381	0.1539	0.0768	nube
5.003880002717257	-73.85140989953497	0.0309	0.0358	0.0242	0.0508	0.1472	0.2001	0.083	0.043	nube
5.00387929397546	-73.85100584385536	0.03	0.0408	0.0247	0.0633	0.196	0.2645	0.1047	0.052	nube
5.003878584984518	-73.8506017882337	0.0287	0.0358	0.0238	0.0562	0.1638	0.2227	0.0937	0.0488	nube
5.003877875744426	-73.85019773267004	0.023	0.0313	0.023	0.0496	0.1425	0.193	0.0779	0.0435	nube
5.003877166255188	-73.8497936771644	0.0233	0.0301	0.0232	0.0505	0.1368	0.1791	0.084	0.0461	nube
5.003876456516805	-73.84938962171677	0.0198	0.0239	0.0193	0.0409	0.118	0.1628	0.0709	0.0386	nube
5.003475033672736	-73.85060249241359	0.0273	0.0376	0.0248	0.0614	0.1781	0.229	0.1101	0.056	nube
5.003474324490124	-73.85019843709733	0.023	0.031	0.0232	0.0496	0.1387	0.1737	0.0857	0.0466	nube
5.003473615058386	-73.8497943818391	0.0232	0.0303	0.0225	0.0503	0.1436	0.185	0.0859	0.0474	nube
5.0377086582181745	-73.81255950479486	0.0855	0.1211	0.1129	0.1858	0.3092	0.3574	0.3366	0.2159	nube
5.037305850161401	-73.81296430790816	0.0338	0.0387	0.0326	0.0425	0.0352	0.0152	0.0534	0.0445	nube
5.037305112824571	-73.8125602372218	0.0813	0.1089	0.112	0.1658	0.2336	0.2635	0.3028	0.2143	nube
5.037304375236935	-73.81215616659537	0.0734	0.1041	0.0982	0.1661	0.2907	0.3371	0.3204	0.1963	nube
5.037303637398491	-73.81175209602887	0.054	0.0911	0.0713	0.1547	0.3174	0.3738	0.2863	0.1597	nube
5.036903778505914	-73.8137731810808	0.0206	0.0237	0.016	0.0207	0.0111	0.01	0.0118	0.0139	nube
5.036903041730018	-73.81336911052377	0.0233	0.0263	0.0184	0.0234	0.0179	0.0144	0.017	0.017	nube
5.036902304703336	-73.8129650400266	0.0239	0.0248	0.016	0.02	0.0124	0.0096	0.0101	0.0149	nube
5.036901567425868	-73.81256096958931	0.0424	0.055	0.0535	0.0712	0.0812	0.0625	0.1221	0.0944	nube
5.036500969389893	-73.81417798300959	0.0218	0.0232	0.0154	0.0215	0.0109	0.0107	0.0106	0.0127	nube
5.0365002329240856	-73.81377391264174	0.0219	0.0226	0.0156	0.0193	0.0126	0.0107	0.0128	0.0142	nube
5.0364994962075125	-73.81336984233376	0.0217	0.0229	0.0173	0.0209	0.0133	0.011	0.0149	0.017	nube
5.036498759240172	-73.81296577208563	0.0269	0.0289	0.021	0.0249	0.0184	0.0183	0.0188	0.0216	nube
5.043302210499667	-73.78224383490902	0.0328	0.0468	0.0295	0.0766	0.1927	0.2282	0.1148	0.0622	nube
5.043301453188633	-73.78183976509591	0.0377	0.0532	0.0407	0.0891	0.2051	0.2332	0.137	0.0802	nube
5.042900183434341	-73.78305272618239	0.0313	0.0536	0.0282	0.0924	0.2955	0.3629	0.1591	0.0774	nube
5.042899426686356	-73.78264865649578	0.0364	0.0534	0.034	0.0852	0.2073	0.2293	0.1258	0.0696	nube
5.042898669687295	-73.7822445868706	0.0421	0.0622	0.0427	0.1015	0.2379	0.291	0.1413	0.0785	nube
5.0428979124371605	-73.78184051730686	0.0421	0.0587	0.043	0.0915	0.2027	0.2245	0.14	0.0819	nube
5.042496642495125	-73.78305347758435	0.0326	0.0506	0.0254	0.0782	0.2422	0.3619	0.1321	0.0605	nube
5.042495885807997	-73.78264940814708	0.0435	0.0626	0.0377	0.0969	0.246	0.2605	0.1373	0.0722	nube
5.042495128869813	-73.78224533877123	0.0497	0.067	0.0427	0.1012	0.2343	0.2738	0.1462	0.0815	nube
5.042494371680577	-73.78184126945683	0.0402	0.0557	0.034	0.0919	0.2193	0.272	0.1205	0.0682	nube
5.0420931015507975	-73.78305422892541	0.0418	0.066	0.037	0.1013	0.2668	0.3295	0.1564	0.0817	nube
5.0420923449245265	-73.78265015973746	0.0514	0.0723	0.0436	0.1153	0.2905	0.3339	0.1577	0.086	nube
5.042091588047222	-73.78224609061094	0.0505	0.0671	0.0433	0.1028	0.2553	0.3326	0.1488	0.0809	nube
5.042090830918882	-73.78184202154587	0.0456	0.063	0.0419	0.0971	0.2349	0.2709	0.1434	0.0832	nube
5.042090073539507	-73.78143795254226	0.0463	0.065	0.0475	0.1109	0.2379	0.2993	0.1605	0.0898	nube
5.041690316915759	-73.78345904920559	0.0376	0.0548	0.0359	0.0869	0.221	0.2599	0.1345	0.0732	nube
5.041689560601362	-73.78305498020555	0.0351	0.056	0.0342	0.0922	0.2215	0.2648	0.1384	0.0789	nube
5.041688804035949	-73.78265091126691	0.0476	0.0672	0.0508	0.1108	0.2299	0.2621	0.1778	0.1103	nube
5.0416880472195205	-73.7822468423897	0.0451	0.0608	0.0523	0.1021	0.2094	0.2315	0.1873	0.115	nube
5.041687290152077	-73.78184277357393	0.0466	0.0641	0.0578	0.1064	0.2045	0.2294	0.1928	0.1185	nube
5.041686532833622	-73.78143870481962	0.0349	0.0475	0.0442	0.0792	0.1498	0.1927	0.1465	0.0907	nube
5.041286775900377	-73.78345980017556	0.0334	0.0527	0.0325	0.0865	0.224	0.2515	0.1377	0.0722	nube
5.041286019646817	-73.78305573142481	0.0374	0.0576	0.0388	0.098	0.2252	0.2592	0.1478	0.0808	nube
5.04128526314226	-73.78265166273543	0.051	0.0726	0.0633	0.1266	0.2523	0.2808	0.2075	0.1254	nube
5.0412845063867096	-73.7822475941075	0.0491	0.0722	0.0647	0.1246	0.2433	0.3035	0.2184	0.1348	nube
5.040883234879889	-73.78346055108464	0.0337	0.0534	0.0316	0.0881	0.2291	0.2857	0.1379	0.0721	nube
5.0408824786871635	-73.78305648258315	0.042	0.06	0.0406	0.1002	0.2347	0.2705	0.149	0.0819	nube
5.0408817222434665	-73.78265241414304	0.0397	0.0587	0.0444	0.0978	0.2162	0.2658	0.1555	0.0903	nube
5.040480449735224	-73.78386537024649	0.0344	0.051	0.0348	0.0869	0.2118	0.2516	0.1338	0.0702	nube
5.04047969385429	-73.78346130193286	0.0406	0.0637	0.0422	0.1061	0.2498	0.2861	0.1492	0.0764	nube
5.040076908643701	-73.7838661207846	0.0349	0.053	0.0366	0.0897	0.2147	0.2882	0.1241	0.0623	nube
4.901850189923869	-73.89238976156517	0.0472	0.0724	0.0661	0.1251	0.2182	0.2184	0.2229	0.1245	roca
4.901447300798373	-73.89279442552909	0.0419	0.0729	0.05	0.1269	0.2662	0.3343	0.1964	0.0987	roca
4.901446631534662	-73.89239042624229	0.0421	0.071	0.0515	0.1208	0.2626	0.3151	0.2003	0.1018	roca
4.901445962026915	-73.89198642701132	0.0391	0.0742	0.0424	0.1232	0.3198	0.3879	0.2048	0.0987	roca
4.90144529227513	-73.89158242783624	0.041	0.0679	0.0494	0.1192	0.2528	0.3398	0.2129	0.1122	roca
4.901044411313187	-73.89319908900883	0.034	0.0627	0.035	0.1056	0.3122	0.3821	0.1803	0.0853	roca
4.901043742348855	-73.8927950899085	0.0413	0.0717	0.0519	0.1292	0.2525	0.2821	0.1923	0.0966	roca
4.901043073140507	-73.89239109086401	0.0365	0.0672	0.0427	0.1128	0.2604	0.3324	0.1837	0.091	roca
4.90104240368814	-73.89198709187535	0.0447	0.0739	0.0552	0.1264	0.2527	0.2888	0.2145	0.1159	roca
4.901041733991759	-73.89158309294255	0.0475	0.0739	0.0613	0.1318	0.2404	0.2877	0.2256	0.1252	roca
4.901041064051362	-73.89117909406565	0.046	0.0774	0.0586	0.1277	0.2598	0.3011	0.2175	0.1154	roca
4.900640852803375	-73.89319975309061	0.0314	0.0607	0.031	0.0963	0.3185	0.4243	0.172	0.0809	roca
4.900640183894386	-73.89279575423257	0.0374	0.0709	0.0412	0.1189	0.2943	0.3626	0.1828	0.0874	roca
4.900639514741399	-73.89239175543035	0.0409	0.0661	0.0536	0.1183	0.2212	0.2523	0.1818	0.0965	roca
4.900638845344415	-73.89198775668397	0.0417	0.069	0.0536	0.1236	0.2277	0.2694	0.1884	0.099	roca
4.900638175703438	-73.89158375799346	0.0428	0.0749	0.0554	0.1304	0.2523	0.3036	0.2033	0.1052	roca
4.900637505818463	-73.89117975935882	0.0396	0.065	0.0477	0.1164	0.2476	0.275	0.2034	0.107	roca
4.900636835689493	-73.8907757607801	0.0397	0.0706	0.0449	0.1184	0.3011	0.3553	0.2108	0.1059	roca
4.900235956337344	-73.8923924199413	0.0391	0.072	0.0479	0.1255	0.2672	0.333	0.1834	0.0925	roca
4.900235286995743	-73.89198842143718	0.0416	0.0728	0.0508	0.1291	0.2615	0.3188	0.1873	0.0959	roca
4.900234617410168	-73.89158442298893	0.0428	0.0714	0.0572	0.1259	0.2304	0.2522	0.1984	0.1052	roca
4.900233947580616	-73.89118042459656	0.0395	0.0702	0.0459	0.1155	0.2695	0.3387	0.1992	0.1015	roca
4.899831059111949	-73.89158508792897	0.0419	0.0738	0.0526	0.1241	0.2604	0.3235	0.1872	0.0979	roca
4.892546839640542	-73.87947725797224	0.043	0.065	0.0606	0.1124	0.2299	0.3039	0.2219	0.1294	roca
4.892546163556325	-73.87907326586482	0.0463	0.0747	0.0679	0.1227	0.2206	0.2516	0.2228	0.1299	roca
4.892142606891617	-73.87907393724917	0.0478	0.076	0.0729	0.1245	0.2132	0.2525	0.236	0.1411	roca
4.892141930619862	-73.87866994544011	0.0471	0.0784	0.0725	0.1272	0.2304	0.2677	0.2397	0.1399	roca
4.892141254104537	-73.87826595368759	0.0479	0.0765	0.0684	0.1217	0.2221	0.2617	0.2237	0.133	roca
4.931697940619724	-73.8830480343176	0.0171	0.0189	0.0155	0.0244	0.044	0.0522	0.0366	0.0239	roca
4.931295741647159	-73.88385674072414	0.0242	0.024	0.0111	0.0277	0.0707	0.1582	0.0607	0.0305	roca
4.931295062884814	-73.88345272468469	0.0175	0.0181	0.017	0.0273	0.0386	0.0408	0.0403	0.0273	roca
4.930892184787751	-73.88385741456462	0.0156	0.0185	0.0151	0.0252	0.0569	0.0704	0.0464	0.028	roca
4.930891506081216	-73.88345339876896	0.0155	0.0134	0.0106	0.0182	0.0418	0.056	0.0313	0.021	roca
